name,city,phone_number,owner_first,owner_last
"Black Horse","Union City",551-936-7828,Avis,Jimmie
"Founding Fathers","New Brunswick",908-334-4794,Herman,Terence
"Four Shields Tavern","Fair Lawn",551-645-9539,Maribel,Lesley
"Korova Milk Bar",Trenton,609-061-1308,Lewis,Elva
"Mancini's Family Restaurant",Lakewood,303-641-2160,Susanna,Steven
"Rovers Return Inn","Atlantic City",609-353-8257,Jamie,Denise
"The Aidensfield Arms","East Brunswick",848-520-2589,Dennis,Rosalia
"The Boar's Nest",Elizabeth,908-276-6039,Petra,Manuel
"The Domain of the King Bar and Grille",Lakewood,303-785-4778,Libby,Isaac
"The Fiesty Goat Pub",Teaneck,201-580-4871,Reba,Dominic
"The Hand & Racquet, East Cheam","Union City",551-293-4502,Liza,Hope
"The Malt Shovel","Fair Lawn",551-773-8914,Tanya,Margie
"The Regal Beagle","Atlantic City",609-178-9348,Taylor,Jamal
"The Vigilante",Teaneck,201-787-7485,Juliet,Brent
"Very Cool Secret Bar",Wayne,862-237-9887,Maritza,Alberto
