bar_name,first_name,last_name
"Black Horse",Allison,Devin
"Black Horse",Anna,Ernestine
"Black Horse",Ava,Phyllis
"Black Horse",Chelsea,Wilson
"Black Horse",Christa,Blair
"Black Horse",Cliff,Michele
"Black Horse",Darrel,Domingo
"Black Horse",Denice,Blaine
"Black Horse",Douglas,Eliza
"Black Horse",Duane,Eva
"Black Horse",Elliott,Gregory
"Black Horse",Elsie,Mattie
"Black Horse",Erma,Stephan
"Black Horse",Fletcher,Zelda
"Black Horse",Franklin,Elwood
"Black Horse",Gerard,Monique
"Black Horse",Graciela,Albert
"Black Horse",Graham,Kimberly
"Black Horse",Hazel,Anita
"Black Horse",Jasmin,Tami
"Black Horse",Jeanette,Felecia
"Black Horse",Jenny,Antonia
"Black Horse",Kelsey,Garland
"Black Horse",Lilia,Gregorio
"Black Horse",Louis,Odessa
"Black Horse",Malcolm,Kelley
"Black Horse",Marie,Clark
"Black Horse",Maryann,Annmarie
"Black Horse",May,Alonzo
"Black Horse",Meredith,Faye
"Black Horse",Mohammad,Emilie
"Black Horse",Nannie,Nicolas
"Black Horse",Nelda,Viola
"Black Horse",Nina,Laurie
"Black Horse",Olivia,Trenton
"Black Horse",Rhonda,Bridget
"Black Horse",Riley,Cherie
"Black Horse",Rosemarie,Clement
"Black Horse",Rudolph,Jeanine
"Black Horse",Rufus,Carlos
"Black Horse",Samantha,Jolene
"Black Horse",Shane,Sonia
"Black Horse",Shawna,Keith
"Black Horse",Sherry,Gilda
"Black Horse",Sonny,Alisha
"Black Horse",Suzanne,Will
"Black Horse",Tabatha,Goldie
"Black Horse",Vito,Dorthy
"Black Horse",Walter,Jeffery
"Black Horse",Wendell,Carolyn
"Black Horse",Winston,Lillian
"Founding Fathers",Alfred,Martina
"Founding Fathers",Antonia,Donovan
"Founding Fathers",Araceli,Jewell
"Founding Fathers",Benjamin,Joanne
"Founding Fathers",Byron,Rosetta
"Founding Fathers",Christa,Sammy
"Founding Fathers",Diann,Jana
"Founding Fathers",Dona,Curt
"Founding Fathers",Eileen,Abby
"Founding Fathers",Ernesto,Wilbert
"Founding Fathers",Frederick,Clifton
"Founding Fathers",Freida,Milagros
"Founding Fathers",Jeffry,Shanna
"Founding Fathers",Jorge,Georgette
"Founding Fathers",Karin,Cornell
"Founding Fathers",Kimberlee,Leola
"Founding Fathers",Kirk,Nichole
"Founding Fathers",Levi,Frankie
"Founding Fathers",Linda,Rusty
"Founding Fathers",Lyle,Virgil
"Founding Fathers",Margret,Dirk
"Founding Fathers",Mathew,Sergio
"Founding Fathers",Max,Lane
"Founding Fathers",Minnie,Brent
"Founding Fathers",Monika,Alice
"Founding Fathers",Monique,Agustin
"Founding Fathers",Nicolas,Gerard
"Founding Fathers",Olivia,Trenton
"Founding Fathers",Omar,Paige
"Founding Fathers",Rachelle,Gerardo
"Founding Fathers",Ramiro,Guy
"Founding Fathers",Raymundo,Lola
"Founding Fathers",Rickey,Elias
"Founding Fathers",Rose,Peggy
"Founding Fathers",Shawn,Andrea
"Founding Fathers",Tonia,Corinne
"Founding Fathers",Walter,Tim
"Founding Fathers",Warren,Ronda
"Founding Fathers",Wilmer,Allyson
"Four Shields Tavern",Aida,Blanche
"Four Shields Tavern",Ali,Rocky
"Four Shields Tavern",Arlene,Nettie
"Four Shields Tavern",Arthur,Melanie
"Four Shields Tavern",Ava,Delmar
"Four Shields Tavern",Bianca,Santiago
"Four Shields Tavern",Briana,Willie
"Four Shields Tavern",Cecil,Danial
"Four Shields Tavern",Cecilia,Courtney
"Four Shields Tavern",Charmaine,Thaddeus
"Four Shields Tavern",Collin,Russell
"Four Shields Tavern",Daren,Pamela
"Four Shields Tavern",Dominick,Carlton
"Four Shields Tavern",Dona,Tommy
"Four Shields Tavern",Donny,Ben
"Four Shields Tavern",Doretha,Jim
"Four Shields Tavern",Earlene,Ronnie
"Four Shields Tavern",Edwardo,Queen
"Four Shields Tavern",Elise,Viola
"Four Shields Tavern",Emery,Ervin
"Four Shields Tavern",Erick,Monte
"Four Shields Tavern",Erin,Norma
"Four Shields Tavern",Felix,Heath
"Four Shields Tavern",Forrest,Eva
"Four Shields Tavern",Freddie,Nelda
"Four Shields Tavern",Gabriel,Gordon
"Four Shields Tavern",Garry,Dalton
"Four Shields Tavern",Gerald,Misty
"Four Shields Tavern",Harvey,Rogelio
"Four Shields Tavern",Herman,Terence
"Four Shields Tavern",Ivan,Rowena
"Four Shields Tavern",Jasmine,Greg
"Four Shields Tavern",Johnathan,Brad
"Four Shields Tavern",Jon,Anne
"Four Shields Tavern",Kyle,Eula
"Four Shields Tavern",Lara,Harley
"Four Shields Tavern",Lester,Hunter
"Four Shields Tavern",Lina,Brent
"Four Shields Tavern",Liza,Glenda
"Four Shields Tavern",Luann,Goldie
"Four Shields Tavern",Mason,Mara
"Four Shields Tavern",Matthew,Tami
"Four Shields Tavern",Mina,Marisa
"Four Shields Tavern",Neal,Minnie
"Four Shields Tavern",Philip,Alissa
"Four Shields Tavern",Reba,Dominic
"Four Shields Tavern",Roseann,Malinda
"Four Shields Tavern",Socorro,Emilia
"Four Shields Tavern",Tamera,Theodore
"Four Shields Tavern",Twila,Dona
"Four Shields Tavern",Valarie,Anastasia
"Korova Milk Bar",Alice,Mike
"Korova Milk Bar",Anna,Ernestine
"Korova Milk Bar",Ashley,Minerva
"Korova Milk Bar",Audrey,Jimmy
"Korova Milk Bar",Benjamin,Lisa
"Korova Milk Bar",Billie,Beau
"Korova Milk Bar",Briana,Miranda
"Korova Milk Bar",Caitlin,Alfredo
"Korova Milk Bar",Camille,Merrill
"Korova Milk Bar",Chelsea,Wilson
"Korova Milk Bar",Cleo,Salvatore
"Korova Milk Bar",Dewey,Desmond
"Korova Milk Bar",Diann,Jana
"Korova Milk Bar",Donna,Emanuel
"Korova Milk Bar",Elisha,Araceli
"Korova Milk Bar",Emilie,Leta
"Korova Milk Bar",Francine,Marjorie
"Korova Milk Bar",Gerard,Monique
"Korova Milk Bar",Hattie,Tasha
"Korova Milk Bar",Issac,Trina
"Korova Milk Bar",Jane,Margret
"Korova Milk Bar",Jason,Marva
"Korova Milk Bar",Jeannette,Victor
"Korova Milk Bar",Jefferson,Lolita
"Korova Milk Bar",Jody,Edythe
"Korova Milk Bar",Kendra,Kayla
"Korova Milk Bar",Lola,Brittney
"Korova Milk Bar",Mathew,Hope
"Korova Milk Bar",Mathew,Sergio
"Korova Milk Bar",Maxwell,Ora
"Korova Milk Bar",Ramiro,Guy
"Korova Milk Bar",Ricardo,Alejandra
"Korova Milk Bar",Rudolph,Clyde
"Korova Milk Bar",Shelly,Roman
"Korova Milk Bar",Steve,Rachael
"Korova Milk Bar",Steve,Willie
"Korova Milk Bar",Sylvia,Damien
"Korova Milk Bar",Timmy,Janis
"Korova Milk Bar",Walter,Tim
"Mancini's Family Restaurant",Abby,Merlin
"Mancini's Family Restaurant",Alexis,Geri
"Mancini's Family Restaurant",Arturo,Natalie
"Mancini's Family Restaurant",Bobbi,Anna
"Mancini's Family Restaurant",Bonita,Reva
"Mancini's Family Restaurant",Booker,Tomas
"Mancini's Family Restaurant",Chester,Dave
"Mancini's Family Restaurant",Christa,Marsha
"Mancini's Family Restaurant",Clarice,Corey
"Mancini's Family Restaurant",Dayna,Constance
"Mancini's Family Restaurant",Desmond,Dexter
"Mancini's Family Restaurant",Elise,Magdalena
"Mancini's Family Restaurant",Essie,Erica
"Mancini's Family Restaurant",Fannie,Katina
"Mancini's Family Restaurant",Fern,Dante
"Mancini's Family Restaurant",Francine,Marjorie
"Mancini's Family Restaurant",Frederick,Clifton
"Mancini's Family Restaurant",Frieda,Sheldon
"Mancini's Family Restaurant",Gus,Bradley
"Mancini's Family Restaurant",Hope,Michelle
"Mancini's Family Restaurant",Irving,Jarrod
"Mancini's Family Restaurant",Juanita,Lesa
"Mancini's Family Restaurant",Kara,Jodi
"Mancini's Family Restaurant",Kathi,Shawna
"Mancini's Family Restaurant",Katy,Jill
"Mancini's Family Restaurant",Kristopher,Jose
"Mancini's Family Restaurant",Kyle,Eula
"Mancini's Family Restaurant",Leanne,Deann
"Mancini's Family Restaurant",Leila,Rosetta
"Mancini's Family Restaurant",Marcia,Adrian
"Mancini's Family Restaurant",Maricela,Sharon
"Mancini's Family Restaurant",Meghan,Cleo
"Mancini's Family Restaurant",Melody,Amanda
"Mancini's Family Restaurant",Michel,Trina
"Mancini's Family Restaurant",Mindy,Wendi
"Mancini's Family Restaurant",Noemi,Amelia
"Mancini's Family Restaurant",Peter,Nellie
"Mancini's Family Restaurant",Renae,Justina
"Mancini's Family Restaurant",Rod,Marcos
"Mancini's Family Restaurant",Rosella,Carly
"Mancini's Family Restaurant",Tonia,Corinne
"Mancini's Family Restaurant",Veronica,Tami
"Mancini's Family Restaurant",Virgil,Santiago
"Mancini's Family Restaurant",Vito,Dorthy
"Mancini's Family Restaurant",Winston,Lillian
"Mancini's Family Restaurant",Young,Ellis
"Rovers Return Inn",Alfredo,Sharron
"Rovers Return Inn",Alissa,Dante
"Rovers Return Inn",Allyson,Isaac
"Rovers Return Inn",Allyson,Kerry
"Rovers Return Inn",Antionette,Aileen
"Rovers Return Inn",Austin,Krista
"Rovers Return Inn",Ava,Antoinette
"Rovers Return Inn",Betty,Camille
"Rovers Return Inn",Bobbi,Anna
"Rovers Return Inn",Carl,Kenya
"Rovers Return Inn",Cecil,Danial
"Rovers Return Inn",Cherry,Francisca
"Rovers Return Inn",Daisy,Concepcion
"Rovers Return Inn",Daren,Pamela
"Rovers Return Inn",Deanna,Lillie
"Rovers Return Inn",Dominick,Carlton
"Rovers Return Inn",Earnest,Nadia
"Rovers Return Inn",Elisha,Araceli
"Rovers Return Inn",Erik,Theresa
"Rovers Return Inn",Fern,Dante
"Rovers Return Inn",Frankie,Carmella
"Rovers Return Inn",Gabrielle,Darcy
"Rovers Return Inn",Garry,Dalton
"Rovers Return Inn",Hunter,Ronda
"Rovers Return Inn",Jaime,David
"Rovers Return Inn",Karyn,Patrice
"Rovers Return Inn",Kay,Della
"Rovers Return Inn",Kendrick,Christian
"Rovers Return Inn",Kristin,Cherie
"Rovers Return Inn",Kyle,Eula
"Rovers Return Inn",Lamont,Timothy
"Rovers Return Inn",Lesa,Percy
"Rovers Return Inn",Lina,Brent
"Rovers Return Inn",Lonnie,Zachary
"Rovers Return Inn",Madge,Angeline
"Rovers Return Inn",Maria,Stephen
"Rovers Return Inn",Marshall,Pasquale
"Rovers Return Inn",Meagan,Ava
"Rovers Return Inn",Meghan,Cleo
"Rovers Return Inn",Melisa,Kimberly
"Rovers Return Inn",Mellisa,Samuel
"Rovers Return Inn",Miles,Ila
"Rovers Return Inn",Milton,Nicole
"Rovers Return Inn",Nina,Susie
"Rovers Return Inn",Olive,Lindsay
"Rovers Return Inn",Ora,Claude
"Rovers Return Inn",Peter,Nellie
"Rovers Return Inn",Philip,Alissa
"Rovers Return Inn",Polly,Kerry
"Rovers Return Inn",Rhonda,Bridget
"Rovers Return Inn",Rosa,Tracey
"Rovers Return Inn",Sheena,Jesse
"Rovers Return Inn",Sidney,Alexis
"Rovers Return Inn",Sierra,Georgia
"Rovers Return Inn",Tabatha,Goldie
"Rovers Return Inn",Vern,Winston
"Rovers Return Inn",Vilma,Kay
"Rovers Return Inn",Willis,Florence
"Rovers Return Inn",Wilson,Ernie
"The Aidensfield Arms",Alberto,Jewel
"The Aidensfield Arms",Benita,Theodore
"The Aidensfield Arms",Booker,Tomas
"The Aidensfield Arms",Cecil,Danial
"The Aidensfield Arms",Chester,Dave
"The Aidensfield Arms",Eddy,Bette
"The Aidensfield Arms",Edwardo,Queen
"The Aidensfield Arms",Elias,Brent
"The Aidensfield Arms",Eliza,Brent
"The Aidensfield Arms",Erica,Harlan
"The Aidensfield Arms",Faith,Bernardo
"The Aidensfield Arms",Florence,Herman
"The Aidensfield Arms",Gabrielle,Brandie
"The Aidensfield Arms",Georgette,Felicia
"The Aidensfield Arms",Georgia,Camille
"The Aidensfield Arms",Graciela,Shana
"The Aidensfield Arms",Graham,Kimberly
"The Aidensfield Arms",Hubert,Alyce
"The Aidensfield Arms",Ida,Frank
"The Aidensfield Arms",Jannie,Arron
"The Aidensfield Arms",Jay,Tamika
"The Aidensfield Arms",Jerald,James
"The Aidensfield Arms",Jeremy,Carole
"The Aidensfield Arms",Johnathan,Brad
"The Aidensfield Arms",Josefina,Angela
"The Aidensfield Arms",Kathrine,Vance
"The Aidensfield Arms",Kelsey,Garland
"The Aidensfield Arms",Kendrick,Christian
"The Aidensfield Arms",Kirby,Brandi
"The Aidensfield Arms",Kitty,Lydia
"The Aidensfield Arms",Kyle,Eula
"The Aidensfield Arms",Lisa,Ursula
"The Aidensfield Arms",Malcolm,Kelley
"The Aidensfield Arms",Mamie,Cameron
"The Aidensfield Arms",Marshall,Pasquale
"The Aidensfield Arms",Mayra,Lorraine
"The Aidensfield Arms",Meredith,Faye
"The Aidensfield Arms",Michael,Ramiro
"The Aidensfield Arms",Mina,Louisa
"The Aidensfield Arms",Nadine,Alyce
"The Aidensfield Arms",Neal,Minnie
"The Aidensfield Arms",Numbers,Mildred
"The Aidensfield Arms",Pansy,Everett
"The Aidensfield Arms",Pat,Harry
"The Aidensfield Arms",Randal,Alice
"The Aidensfield Arms",Roberta,Humberto
"The Aidensfield Arms",Rod,Yvonne
"The Aidensfield Arms",Rodrigo,Matilda
"The Aidensfield Arms",Saul,Garland
"The Aidensfield Arms",Steve,Rachael
"The Aidensfield Arms",Tania,Jerry
"The Aidensfield Arms",Terrance,Bill
"The Aidensfield Arms",Trina,Marcella
"The Aidensfield Arms",Wallace,Pat
"The Aidensfield Arms",Willis,Tamara
"The Boar's Nest",Adrian,Judy
"The Boar's Nest",Amie,Eugene
"The Boar's Nest",Andres,Cruz
"The Boar's Nest",Angie,Leroy
"The Boar's Nest",Araceli,Jewell
"The Boar's Nest",Aurelio,Rafael
"The Boar's Nest",Britney,Cary
"The Boar's Nest",Bryce,Erik
"The Boar's Nest",Caitlin,Marlene
"The Boar's Nest",Celina,Clement
"The Boar's Nest",Chandra,Gene
"The Boar's Nest",Claudette,Isaiah
"The Boar's Nest",Cleo,Salvatore
"The Boar's Nest",Dennis,Janie
"The Boar's Nest",Dominick,Erma
"The Boar's Nest",Elsie,Mattie
"The Boar's Nest",Ernest,Lynnette
"The Boar's Nest",Eugenia,Ora
"The Boar's Nest",Grant,Karin
"The Boar's Nest",Harris,Hannah
"The Boar's Nest",Heath,Earline
"The Boar's Nest",Irene,Misty
"The Boar's Nest",Issac,Trina
"The Boar's Nest",Jarrod,Victoria
"The Boar's Nest",Jennie,Julia
"The Boar's Nest",Jenny,Juliana
"The Boar's Nest",Keisha,Kimberly
"The Boar's Nest",Laura,Jay
"The Boar's Nest",Leola,Amy
"The Boar's Nest",Lottie,Santos
"The Boar's Nest",Lynette,Houston
"The Boar's Nest",Madelyn,Daphne
"The Boar's Nest",Melisa,Kimberly
"The Boar's Nest",Melody,Amanda
"The Boar's Nest",Monty,Jeannette
"The Boar's Nest",Nora,Aileen
"The Boar's Nest",Norris,Phoebe
"The Boar's Nest",Ora,Salvador
"The Boar's Nest",Paul,Lilly
"The Boar's Nest",Polly,Darryl
"The Boar's Nest",Rae,Janice
"The Boar's Nest",Raphael,Cassandra
"The Boar's Nest",Rosemarie,Clement
"The Boar's Nest",Roslyn,Ernie
"The Boar's Nest",Saundra,Darwin
"The Boar's Nest",Sebastian,Carter
"The Boar's Nest",Son,Janell
"The Boar's Nest",Tammi,Marie
"The Boar's Nest",Tiffany,Pamala
"The Boar's Nest",Toni,Maureen
"The Boar's Nest",Tonia,Nadine
"The Boar's Nest",Virginia,Stacey
"The Boar's Nest",Wade,Felix
"The Boar's Nest",Wendy,Stephen
"The Domain of the King Bar and Grille",Abby,Merlin
"The Domain of the King Bar and Grille",Alexis,Geri
"The Domain of the King Bar and Grille",Allyson,Isaac
"The Domain of the King Bar and Grille",Benita,Theodore
"The Domain of the King Bar and Grille",Bobbi,Anna
"The Domain of the King Bar and Grille",Bonita,Reva
"The Domain of the King Bar and Grille",Christa,Marsha
"The Domain of the King Bar and Grille",Courtney,Kathy
"The Domain of the King Bar and Grille",Derick,Mercedes
"The Domain of the King Bar and Grille",Donny,Ben
"The Domain of the King Bar and Grille",Elvis,Ava
"The Domain of the King Bar and Grille",Fay,Fannie
"The Domain of the King Bar and Grille",Fern,Dante
"The Domain of the King Bar and Grille",Francine,Marjorie
"The Domain of the King Bar and Grille",Frederick,Clifton
"The Domain of the King Bar and Grille",Gabrielle,Jeanette
"The Domain of the King Bar and Grille",Harris,Glenn
"The Domain of the King Bar and Grille",Hazel,Andy
"The Domain of the King Bar and Grille",Helene,Erick
"The Domain of the King Bar and Grille",Hope,Michelle
"The Domain of the King Bar and Grille",Ida,Frank
"The Domain of the King Bar and Grille",Irving,Jarrod
"The Domain of the King Bar and Grille",Jacklyn,Leila
"The Domain of the King Bar and Grille",Jewel,Lillian
"The Domain of the King Bar and Grille",Kathi,Shawna
"The Domain of the King Bar and Grille",Leanne,Deann
"The Domain of the King Bar and Grille",Leonor,Tonya
"The Domain of the King Bar and Grille",Liza,Hope
"The Domain of the King Bar and Grille",Malcolm,Rickie
"The Domain of the King Bar and Grille",Marcie,Reba
"The Domain of the King Bar and Grille",Marcy,Taylor
"The Domain of the King Bar and Grille",Maricela,Sharon
"The Domain of the King Bar and Grille",Marquita,Jermaine
"The Domain of the King Bar and Grille",Milton,Nicole
"The Domain of the King Bar and Grille",Mindy,Wendi
"The Domain of the King Bar and Grille",Pansy,Everett
"The Domain of the King Bar and Grille",Reed,Marisa
"The Domain of the King Bar and Grille",Renae,Justina
"The Domain of the King Bar and Grille",Reyna,Blair
"The Domain of the King Bar and Grille",Rod,Marcos
"The Domain of the King Bar and Grille",Rose,Peggy
"The Domain of the King Bar and Grille",Rosella,Carly
"The Domain of the King Bar and Grille",Ruby,Gerardo
"The Domain of the King Bar and Grille",Rudolph,Clyde
"The Domain of the King Bar and Grille",Shawn,Andrea
"The Domain of the King Bar and Grille",Taylor,Jamal
"The Domain of the King Bar and Grille",Virgil,Santiago
"The Fiesty Goat Pub",Amie,Eugene
"The Fiesty Goat Pub",Angelo,Noelle
"The Fiesty Goat Pub",Arlene,Nettie
"The Fiesty Goat Pub",Beatrice,Alejandra
"The Fiesty Goat Pub",Britney,Cary
"The Fiesty Goat Pub",Buford,Alana
"The Fiesty Goat Pub",Caitlin,Alfredo
"The Fiesty Goat Pub",Camilla,Bettye
"The Fiesty Goat Pub",Cecilia,Courtney
"The Fiesty Goat Pub",Claudette,Isaiah
"The Fiesty Goat Pub",Cleo,Hubert
"The Fiesty Goat Pub",Colette,Nancy
"The Fiesty Goat Pub",Deirdre,Muriel
"The Fiesty Goat Pub",Dena,Ross
"The Fiesty Goat Pub",Denise,Wilfred
"The Fiesty Goat Pub",Derick,Eldon
"The Fiesty Goat Pub",Devon,Kermit
"The Fiesty Goat Pub",Forrest,Eva
"The Fiesty Goat Pub",Gayla,Damon
"The Fiesty Goat Pub",Jeanette,Hans
"The Fiesty Goat Pub",Jenny,Ali
"The Fiesty Goat Pub",Josie,Roosevelt
"The Fiesty Goat Pub",Katy,Jill
"The Fiesty Goat Pub",Kimberley,Stephan
"The Fiesty Goat Pub",Laura,Buford
"The Fiesty Goat Pub",Lottie,Emerson
"The Fiesty Goat Pub",Magdalena,Della
"The Fiesty Goat Pub",Marguerite,Shelley
"The Fiesty Goat Pub",Marisol,Wilda
"The Fiesty Goat Pub",Marty,Mara
"The Fiesty Goat Pub",Maryann,Annmarie
"The Fiesty Goat Pub",Meghan,Theron
"The Fiesty Goat Pub",Minnie,Mable
"The Fiesty Goat Pub",Morgan,Ashlee
"The Fiesty Goat Pub",Nadine,Alyce
"The Fiesty Goat Pub",Natalia,Adrienne
"The Fiesty Goat Pub",Natalia,Peggy
"The Fiesty Goat Pub",Pamala,Lelia
"The Fiesty Goat Pub",Rosalie,Kristen
"The Fiesty Goat Pub",Roslyn,Ernie
"The Fiesty Goat Pub",Roy,Maxwell
"The Fiesty Goat Pub",Socorro,Emilia
"The Fiesty Goat Pub",Sophie,Lois
"The Fiesty Goat Pub",Stanley,Roscoe
"The Fiesty Goat Pub",Sterling,Gwendolyn
"The Fiesty Goat Pub",Timmy,Janis
"The Fiesty Goat Pub",Troy,Rita
"The Fiesty Goat Pub",Walter,Rosa
"The Fiesty Goat Pub",Young,Vanessa
"The Hand & Racquet, East Cheam",Alice,Mike
"The Hand & Racquet, East Cheam",Allison,Devin
"The Hand & Racquet, East Cheam",Anna,Ernestine
"The Hand & Racquet, East Cheam",Ava,Delmar
"The Hand & Racquet, East Cheam",Christa,Blair
"The Hand & Racquet, East Cheam",Denice,Blaine
"The Hand & Racquet, East Cheam",Eduardo,Garry
"The Hand & Racquet, East Cheam",Elliott,Gregory
"The Hand & Racquet, East Cheam",Fletcher,Zelda
"The Hand & Racquet, East Cheam",Graciela,Albert
"The Hand & Racquet, East Cheam",Grady,Lester
"The Hand & Racquet, East Cheam",Graham,Kimberly
"The Hand & Racquet, East Cheam",Hazel,Anita
"The Hand & Racquet, East Cheam",Jasmin,Tami
"The Hand & Racquet, East Cheam",Jeanette,Felecia
"The Hand & Racquet, East Cheam",Jenny,Antonia
"The Hand & Racquet, East Cheam",Kelsey,Garland
"The Hand & Racquet, East Cheam",Kevin,Bennie
"The Hand & Racquet, East Cheam",Kitty,Lydia
"The Hand & Racquet, East Cheam",Lilia,Gregorio
"The Hand & Racquet, East Cheam",Louis,Odessa
"The Hand & Racquet, East Cheam",Margret,Dirk
"The Hand & Racquet, East Cheam",May,Alonzo
"The Hand & Racquet, East Cheam",Meredith,Faye
"The Hand & Racquet, East Cheam",Mildred,Elva
"The Hand & Racquet, East Cheam",Monique,Agustin
"The Hand & Racquet, East Cheam",Nelda,Viola
"The Hand & Racquet, East Cheam",Nell,Rita
"The Hand & Racquet, East Cheam",Nicholas,Augusta
"The Hand & Racquet, East Cheam",Nina,Laurie
"The Hand & Racquet, East Cheam",Norbert,Madeleine
"The Hand & Racquet, East Cheam",Patrice,Mauricio
"The Hand & Racquet, East Cheam",Roderick,Warren
"The Hand & Racquet, East Cheam",Rufus,Carlos
"The Hand & Racquet, East Cheam",Samantha,Jolene
"The Hand & Racquet, East Cheam",Sasha,Cary
"The Hand & Racquet, East Cheam",Shawna,Keith
"The Hand & Racquet, East Cheam",Vito,Dorthy
"The Hand & Racquet, East Cheam",Walter,Jeffery
"The Hand & Racquet, East Cheam",Winston,Lillian
"The Malt Shovel",Ali,Rocky
"The Malt Shovel",Araceli,Jewell
"The Malt Shovel",Arlene,Nettie
"The Malt Shovel",Arthur,Melanie
"The Malt Shovel",Bianca,Santiago
"The Malt Shovel",Cecil,Danial
"The Malt Shovel",Clark,Avery
"The Malt Shovel",Colby,Hillary
"The Malt Shovel",Dona,Tommy
"The Malt Shovel",Doretha,Jim
"The Malt Shovel",Earlene,Ronnie
"The Malt Shovel",Edmund,Cole
"The Malt Shovel",Elise,Viola
"The Malt Shovel",Elvis,Ava
"The Malt Shovel",Emery,Ervin
"The Malt Shovel",Erick,Monte
"The Malt Shovel",Erin,Norma
"The Malt Shovel",Felix,Heath
"The Malt Shovel",Forrest,Eva
"The Malt Shovel",Fran,Andrew
"The Malt Shovel",Freddie,Nelda
"The Malt Shovel",Garry,Dalton
"The Malt Shovel",Gerald,Misty
"The Malt Shovel",Harris,Glenn
"The Malt Shovel",Harvey,Rogelio
"The Malt Shovel",Herman,Terence
"The Malt Shovel",Ilene,Kristie
"The Malt Shovel",Ivan,Rowena
"The Malt Shovel",Jasmine,Greg
"The Malt Shovel",Jessica,Jewell
"The Malt Shovel",Jodi,Herminia
"The Malt Shovel",Juan,Sarah
"The Malt Shovel",Kelsey,Rosalia
"The Malt Shovel",Lara,Harley
"The Malt Shovel",Leonor,Tonya
"The Malt Shovel",Lina,Brent
"The Malt Shovel",Liza,Glenda
"The Malt Shovel",Maryanne,Veronica
"The Malt Shovel",Mason,Mara
"The Malt Shovel",Matthew,Tami
"The Malt Shovel",Mina,Marisa
"The Malt Shovel",Monty,Mauricio
"The Malt Shovel",Omar,Paige
"The Malt Shovel",Philip,Alissa
"The Malt Shovel",Raymundo,Leola
"The Malt Shovel",Reba,Dominic
"The Malt Shovel",Reed,Marisa
"The Malt Shovel",Rickey,Elias
"The Malt Shovel",Roseann,Malinda
"The Malt Shovel",Selma,Velma
"The Malt Shovel",Stephan,Muriel
"The Malt Shovel",Twila,Dona
"The Malt Shovel",Valarie,Anastasia
"The Regal Beagle",Alberto,Jewel
"The Regal Beagle",Alfredo,Sharron
"The Regal Beagle",Allyson,Isaac
"The Regal Beagle",Allyson,Kerry
"The Regal Beagle",Amalia,Bernice
"The Regal Beagle",Antionette,Aileen
"The Regal Beagle",Archie,Gus
"The Regal Beagle",Ava,Antoinette
"The Regal Beagle",Barbara,Norbert
"The Regal Beagle",Benita,Theodore
"The Regal Beagle",Brandon,Hilda
"The Regal Beagle",Cherry,Francisca
"The Regal Beagle",Coleen,Jannie
"The Regal Beagle",Daisy,Concepcion
"The Regal Beagle",Daren,Pamela
"The Regal Beagle",Deanna,Lillie
"The Regal Beagle",Deirdre,Muriel
"The Regal Beagle",Douglas,Eliza
"The Regal Beagle",Earnest,Nadia
"The Regal Beagle",Erik,Theresa
"The Regal Beagle",Ernie,Lewis
"The Regal Beagle",Franklin,Elwood
"The Regal Beagle",Gabrielle,Darcy
"The Regal Beagle",Gabrielle,Jeanette
"The Regal Beagle",Janette,Rudy
"The Regal Beagle",Jolene,Kasey
"The Regal Beagle",June,Renae
"The Regal Beagle",Kay,Della
"The Regal Beagle",Kendrick,Christian
"The Regal Beagle",Kristin,Cherie
"The Regal Beagle",Lamont,Timothy
"The Regal Beagle",Laura,Jay
"The Regal Beagle",Lesa,Percy
"The Regal Beagle",Lola,Omar
"The Regal Beagle",Lottie,Emerson
"The Regal Beagle",Margret,Demetrius
"The Regal Beagle",Maria,Stephen
"The Regal Beagle",Meagan,Ava
"The Regal Beagle",Meghan,Cleo
"The Regal Beagle",Michael,Ramiro
"The Regal Beagle",Miles,Ila
"The Regal Beagle",Milton,Nicole
"The Regal Beagle",Ora,Claude
"The Regal Beagle",Paul,Lilly
"The Regal Beagle",Polly,Kerry
"The Regal Beagle",Quincy,Max
"The Regal Beagle",Rudy,Hollis
"The Regal Beagle",Sheena,Jesse
"The Regal Beagle",Sidney,Alexis
"The Regal Beagle",Sierra,Georgia
"The Regal Beagle",Tabatha,Goldie
"The Regal Beagle",Vilma,Kay
"The Regal Beagle",Wilfred,Ramona
"The Regal Beagle",Willis,Florence
"The Regal Beagle",Wilson,Ernie
"The Vigilante",Andre,Rosalinda
"The Vigilante",Angelo,Noelle
"The Vigilante",Anthony,Octavia
"The Vigilante",Beatrice,Alejandra
"The Vigilante",Betty,Camille
"The Vigilante",Britney,Cary
"The Vigilante",Caitlin,Alfredo
"The Vigilante",Carl,Kenya
"The Vigilante",Cecilia,Courtney
"The Vigilante",Cleo,Hubert
"The Vigilante",Colette,Nancy
"The Vigilante",Daren,Pamela
"The Vigilante",Dena,Ross
"The Vigilante",Denise,Wilfred
"The Vigilante",Derick,Eldon
"The Vigilante",Devon,Kermit
"The Vigilante",Franklin,Elwood
"The Vigilante",Gabriel,Gordon
"The Vigilante",Gayla,Damon
"The Vigilante",Janette,Rudy
"The Vigilante",Jeanette,Hans
"The Vigilante",Josie,Roosevelt
"The Vigilante",Kara,Ali
"The Vigilante",Lea,Wayne
"The Vigilante",Lottie,Santos
"The Vigilante",Marguerite,Shelley
"The Vigilante",Marty,Ralph
"The Vigilante",Maryann,Annmarie
"The Vigilante",Maxwell,Norbert
"The Vigilante",Meghan,Theron
"The Vigilante",Minnie,Mable
"The Vigilante",Nannie,Nicolas
"The Vigilante",Natalia,Adrienne
"The Vigilante",Neal,Minnie
"The Vigilante",Nelda,Viola
"The Vigilante",Ora,Claude
"The Vigilante",Patrice,Mauricio
"The Vigilante",Rachael,Delia
"The Vigilante",Rick,Monroe
"The Vigilante",Roosevelt,Kaitlin
"The Vigilante",Rosalie,Kristen
"The Vigilante",Rose,Peggy
"The Vigilante",Roslyn,Ernie
"The Vigilante",Roy,Maxwell
"The Vigilante",Shawn,Andrea
"The Vigilante",Sherry,Gilda
"The Vigilante",Socorro,Emilia
"The Vigilante",Sophie,Lois
"The Vigilante",Troy,Rita
"The Vigilante",Walter,Rosa
"The Vigilante",Young,Vanessa
"Very Cool Secret Bar",Abby,Merlin
"Very Cool Secret Bar",Alphonso,Daisy
"Very Cool Secret Bar",Archie,Esther
"Very Cool Secret Bar",Ava,Phyllis
"Very Cool Secret Bar",Bernice,Latoya
"Very Cool Secret Bar",Brendan,Harvey
"Very Cool Secret Bar",Clarice,Corey
"Very Cool Secret Bar",Clay,Ernie
"Very Cool Secret Bar",Corey,Bobby
"Very Cool Secret Bar",Danielle,Elda
"Very Cool Secret Bar",Deanna,Cruz
"Very Cool Secret Bar",Dewey,Desmond
"Very Cool Secret Bar",Doris,Becky
"Very Cool Secret Bar",Florence,Herman
"Very Cool Secret Bar",Gabriel,Cleveland
"Very Cool Secret Bar",Geri,Wiley
"Very Cool Secret Bar",Jeanie,Janice
"Very Cool Secret Bar",Juliet,Brent
"Very Cool Secret Bar",Kara,Ali
"Very Cool Secret Bar",Karla,Ross
"Very Cool Secret Bar",Keisha,Marian
"Very Cool Secret Bar",Kelly,Velma
"Very Cool Secret Bar",Kim,Ann
"Very Cool Secret Bar",Kim,Bettye
"Very Cool Secret Bar",Leola,Amy
"Very Cool Secret Bar",Leonor,Tonya
"Very Cool Secret Bar",Lottie,Santos
"Very Cool Secret Bar",Mindy,Wendi
"Very Cool Secret Bar",Nannie,Nicolas
"Very Cool Secret Bar",Numbers,Neil
"Very Cool Secret Bar",Paul,Lilly
"Very Cool Secret Bar",Pearlie,Isaac
"Very Cool Secret Bar",Rae,Sherman
"Very Cool Secret Bar",Ramon,Tyrone
"Very Cool Secret Bar",Reed,Marisa
"Very Cool Secret Bar",Rhonda,Bridget
"Very Cool Secret Bar",Rickey,Noemi
"Very Cool Secret Bar",Roosevelt,Kaitlin
"Very Cool Secret Bar",Rosa,Kirk
"Very Cool Secret Bar",Shana,Rosalie
"Very Cool Secret Bar",Sherry,Lidia
"Very Cool Secret Bar",Stacy,Sofia
"Very Cool Secret Bar",Steven,Pat
"Very Cool Secret Bar",Tonia,Courtney
