bar_name,item_name,item_cost,item_count
"Black Horse","Agave Nectar Ale",7.99,2094
"Black Horse",Amstel,8.95,1868
"Black Horse",Beck’s,11.99,1976
"Black Horse",BLT,9.65,4686
"Black Horse",Bosman,5.78,3499
"Black Horse",Brahma,7.49,8454
"Black Horse","Bread Sticks",6.19,7972
"Black Horse","Buffalo Wings",5.51,9578
"Black Horse","Burger Sliders",7.75,3723
"Black Horse",Busch,6.98,2132
"Black Horse","Cappuccino Oatmeal Stout",8.64,5911
"Black Horse","Caramel Apple Spiced Ale",7.51,8107
"Black Horse",Cheeseburger,11.76,1035
"Black Horse","Chicken Fingers",8.83,6098
"Black Horse","Chicken Sandwich",11.03,1987
"Black Horse","Chicken Wings",10.44,5046
"Black Horse",Chili,7.43,3161
"Black Horse",Corona,11.63,4158
"Black Horse",Cruzcampo,5.79,7501
"Black Horse","Curly Fries",8.85,4836
"Black Horse","Elysian Brewing Company",8.26,4531
"Black Horse",Feldschlösschen,10.93,6723
"Black Horse","Goose Island Brewery",11.34,7235
"Black Horse","Green Leaves",10.80,2169
"Black Horse","Grilled Cheese",6.57,4275
"Black Horse",Grimbergen,7.48,9078
"Black Horse","Harvest Pumpkin Ale",9.30,5451
"Black Horse",Jacobsen,11.89,9760
"Black Horse","Jalapeno Poppers",10.02,7205
"Black Horse","Kokanee beers",5.35,7934
"Black Horse","Labatt Family",6.63,2663
"Black Horse","Lakeport Brewing beer range",8.73,1637
"Black Horse",Lav,7.66,3150
"Black Horse",Murphy’s,6.60,3344
"Black Horse","Newcastle Brown Ale",11.67,9406
"Black Horse",Ochota,6.65,3931
"Black Horse","Pearl Lager Beer",9.40,5782
"Black Horse",Pizza,5.68,1450
"Black Horse",Quesadillas,7.79,8783
"Black Horse","Raspberry Cream Ale",5.93,8047
"Black Horse",Reuben,7.32,3118
"Black Horse","Rounder Belgian",7.78,7214
"Black Horse",Shenyang,6.84,8564
"Black Horse",Singo,6.76,3183
"Black Horse","Spiced Amber Ale",9.87,6633
"Black Horse","Spring Blonde Wheat Ale",11.21,8514
"Black Horse",Star,10.58,2287
"Black Horse","Sunshine Citrus Blonde",9.86,6517
"Black Horse","Tiger Beer",9.14,5228
"Black Horse","White IPA",5.20,6087
"Founding Fathers",Beck’s,11.21,1328
"Founding Fathers","Belgian Table Pils",7.05,8228
"Founding Fathers",Belle,11.88,3919
"Founding Fathers",BLT,5.07,4066
"Founding Fathers","Blue Moon Grand Cru",10.46,6673
"Founding Fathers","Blue Moon Pale Ale",5.56,3324
"Founding Fathers",Brahma,10.10,8954
"Founding Fathers",Budweiser,9.20,4112
"Founding Fathers","Buffalo Wings",7.27,7773
"Founding Fathers","Burger Sliders",8.25,3917
"Founding Fathers",Cheeseburger,10.93,5590
"Founding Fathers","Chicken Fingers",7.74,8148
"Founding Fathers","Chicken Sandwich",11.94,2630
"Founding Fathers","Chicken Wings",8.67,9455
"Founding Fathers",Chili,6.11,6047
"Founding Fathers","Cinnamon Horchata Ale",11.60,7198
"Founding Fathers","Cocoa Brown Ale",9.68,7454
"Founding Fathers","Devils Backbone Brewing Company",9.78,4402
"Founding Fathers","Elephant Beer",8.73,1764
"Founding Fathers","Farmhouse Red Ale",11.47,3682
"Founding Fathers","French Fries",10.65,2310
"Founding Fathers","Golden Road",6.39,1197
"Founding Fathers","Green Leaves",8.75,6873
"Founding Fathers",Grimbergen,9.49,2721
"Founding Fathers",Jacobsen,11.85,2623
"Founding Fathers","Jalapeno Poppers",9.35,3917
"Founding Fathers","Karbach Brewing Company",7.22,7728
"Founding Fathers","Kokanee beers",7.17,2923
"Founding Fathers",Kronenbourg,8.33,3453
"Founding Fathers",Leffe,11.75,1647
"Founding Fathers",Murphy’s,8.06,2130
"Founding Fathers",Nachos,5.32,5518
"Founding Fathers","Peanut Butter Ale",8.46,3632
"Founding Fathers","Pearl Lager Beer",11.11,9195
"Founding Fathers",Pizza,11.81,8532
"Founding Fathers",Quesadillas,7.90,4391
"Founding Fathers","Rainer Beer",9.43,3982
"Founding Fathers","Raspberry Cream Ale",7.69,1545
"Founding Fathers",Shenyang,5.24,3411
"Founding Fathers",Snow,11.96,7122
"Founding Fathers","Special Brew",6.89,3565
"Founding Fathers","Spiced Amber Ale",6.48,1754
"Founding Fathers","Spring Blonde Wheat Ale",6.12,9012
"Founding Fathers","Stag Beer",11.44,4299
"Founding Fathers",Star,11.48,2589
"Founding Fathers",Stroh’s,11.16,1700
"Founding Fathers","Summer Honey Wheat Ale",7.44,7892
"Founding Fathers","Sunshine Citrus Blonde",10.43,1935
"Founding Fathers","Tiger Beer",9.80,6020
"Founding Fathers","Valencia Amber Ale",9.63,4137
"Four Shields Tavern","Alexander Keith&#8217;s beer range",5.73,6973
"Four Shields Tavern",Beck’s,7.23,7375
"Four Shields Tavern","Belgian Table Pils",8.23,7097
"Four Shields Tavern","Birra Moretti",9.18,6945
"Four Shields Tavern","Blackberry Tart Ale",8.26,7241
"Four Shields Tavern",BLT,10.92,7103
"Four Shields Tavern","Blue Moon Grand Cru",11.22,1590
"Four Shields Tavern","Blue Sword",8.31,1370
"Four Shields Tavern",Bosman,8.87,3898
"Four Shields Tavern","Bread Sticks",8.81,5280
"Four Shields Tavern","Bud Light",6.44,5004
"Four Shields Tavern",Budweiser,7.76,4276
"Four Shields Tavern","Buffalo Wings",10.73,7207
"Four Shields Tavern","Caramel Apple Spiced Ale",8.55,9601
"Four Shields Tavern","Cheese Fries",8.25,5049
"Four Shields Tavern","Chicken Sandwich",11.47,7895
"Four Shields Tavern",Chili,5.60,4815
"Four Shields Tavern",Cruzcampo,9.62,1851
"Four Shields Tavern","Curly Fries",5.95,3793
"Four Shields Tavern","Elephant Beer",11.18,1578
"Four Shields Tavern","French Fries",8.10,2664
"Four Shields Tavern","Goose Island Brewery",5.76,2560
"Four Shields Tavern","Gorkha Beer",5.72,6517
"Four Shields Tavern","Green Leaves",10.61,4837
"Four Shields Tavern",Grimbergen,10.49,1450
"Four Shields Tavern","Heineken Lager Beer",6.56,9691
"Four Shields Tavern","House Salad",10.52,8440
"Four Shields Tavern",Jacobsen,10.05,9844
"Four Shields Tavern","Karbach Brewing Company",7.48,9258
"Four Shields Tavern",Kronenbourg,8.73,9415
"Four Shields Tavern",Largo,9.46,2140
"Four Shields Tavern",Lav,5.32,1136
"Four Shields Tavern","Lone Star",11.39,4785
"Four Shields Tavern",Murphy’s,11.68,7389
"Four Shields Tavern",Nachos,6.46,8510
"Four Shields Tavern","Newcastle Brown Ale",8.29,8628
"Four Shields Tavern",Ochota,10.29,2443
"Four Shields Tavern","Onion Rings",11.16,6653
"Four Shields Tavern","Past Blue Ribbon",8.16,3292
"Four Shields Tavern","Pearl Lager Beer",8.41,4673
"Four Shields Tavern",Pizza,11.83,5818
"Four Shields Tavern",Quesadillas,7.27,2674
"Four Shields Tavern",Reuben,10.45,4601
"Four Shields Tavern","Schaefer Beer",5.21,4398
"Four Shields Tavern","Schmidt’s Premium Beer",7.47,2549
"Four Shields Tavern","Stag Beer",7.97,2759
"Four Shields Tavern",Star,6.87,1027
"Four Shields Tavern","Stella Artois",10.96,3251
"Four Shields Tavern","Sunshine Citrus Blonde",5.56,8369
"Four Shields Tavern","Valencia Amber Ale",9.95,4609
"Korova Milk Bar",1664,8.08,4975
"Korova Milk Bar","Agave Nectar Ale",10.76,4554
"Korova Milk Bar",Amstel,9.59,5045
"Korova Milk Bar",Beck’s,6.97,8360
"Korova Milk Bar","Belgian Table Pils",11.89,9476
"Korova Milk Bar",Belle,5.01,4945
"Korova Milk Bar","Blackberry Tart Ale",5.65,3275
"Korova Milk Bar",BLT,9.94,9484
"Korova Milk Bar","Blue Moon Grand Cru",6.03,7018
"Korova Milk Bar","Blue Sword",7.43,2462
"Korova Milk Bar",Bosman,11.67,4685
"Korova Milk Bar",Brahma,8.42,7121
"Korova Milk Bar",Budweiser,6.72,3359
"Korova Milk Bar","Burger Sliders",9.21,4719
"Korova Milk Bar","Cheese Fries",8.59,2253
"Korova Milk Bar",Chernihivske,10.87,6303
"Korova Milk Bar","Chicken Fingers",7.85,4747
"Korova Milk Bar","Chicken Wings",6.50,7333
"Korova Milk Bar",Chili,8.86,6344
"Korova Milk Bar","Colt 45",6.05,3303
"Korova Milk Bar","Curly Fries",6.04,5085
"Korova Milk Bar","Dos Equis XX",8.32,9432
"Korova Milk Bar","French Fries",11.77,1821
"Korova Milk Bar","Green Leaves",5.26,3174
"Korova Milk Bar","Grilled Cheese",11.49,2606
"Korova Milk Bar","Heineken Lager Beer",11.92,5345
"Korova Milk Bar",Hoegaarden,6.08,5234
"Korova Milk Bar",Huadan,7.99,6915
"Korova Milk Bar",Jacobsen,11.20,7680
"Korova Milk Bar","Karbach Brewing Company",9.25,5606
"Korova Milk Bar","Kokanee beers",10.42,9040
"Korova Milk Bar",Kronenbourg,9.46,6080
"Korova Milk Bar","Labatt Family",5.66,9550
"Korova Milk Bar","Lakeport Brewing beer range",8.65,9243
"Korova Milk Bar",Largo,7.14,6600
"Korova Milk Bar","Mozzarella Sticks",9.80,5722
"Korova Milk Bar",Nachos,10.90,4210
"Korova Milk Bar",Ochota,11.83,1764
"Korova Milk Bar","Onion Rings",9.25,5377
"Korova Milk Bar",Pan,8.65,3638
"Korova Milk Bar",Pizza,8.12,9987
"Korova Milk Bar","Rainer Beer",8.55,9222
"Korova Milk Bar",Reuben,9.23,6956
"Korova Milk Bar","Schmidt’s Premium Beer",6.43,6473
"Korova Milk Bar",Shenyang,8.16,1670
"Korova Milk Bar",Skol,8.34,9681
"Korova Milk Bar","Spring Blonde Wheat Ale",8.26,1539
"Korova Milk Bar","Stag Beer",10.92,1503
"Korova Milk Bar","Sunshine Citrus Blonde",6.34,4903
"Korova Milk Bar",Zagorka,5.86,6379
"Mancini's Family Restaurant","Alexander Keith&#8217;s beer range",11.83,6305
"Mancini's Family Restaurant",Amstel,6.57,2252
"Mancini's Family Restaurant","Belgian Table Pils",5.05,3762
"Mancini's Family Restaurant",Belle,7.49,3073
"Mancini's Family Restaurant","Birra Moretti",9.50,1321
"Mancini's Family Restaurant",BLT,8.36,8254
"Mancini's Family Restaurant","Blue Moon",5.12,8570
"Mancini's Family Restaurant","Blue Moon Pale Ale",11.53,7246
"Mancini's Family Restaurant",Brahma,6.10,5776
"Mancini's Family Restaurant","Burger Sliders",7.89,8353
"Mancini's Family Restaurant",Carlsberg,8.19,1234
"Mancini's Family Restaurant","Chai Spiced Ale",6.77,3063
"Mancini's Family Restaurant","Cheese Fries",6.85,6312
"Mancini's Family Restaurant",Cheeseburger,10.51,4854
"Mancini's Family Restaurant",Chernihivske,6.71,1222
"Mancini's Family Restaurant","Chicken Sandwich",10.07,3541
"Mancini's Family Restaurant","Chicken Wings",5.80,9027
"Mancini's Family Restaurant",Chili,5.40,3437
"Mancini's Family Restaurant","Curly Fries",8.22,9649
"Mancini's Family Restaurant","Devils Backbone Brewing Company",10.51,3595
"Mancini's Family Restaurant","Elephant Beer",6.38,7109
"Mancini's Family Restaurant","Farmhouse Red Ale",6.12,8963
"Mancini's Family Restaurant",Feldschlösschen,10.22,9938
"Mancini's Family Restaurant","Gorkha Beer",8.46,4675
"Mancini's Family Restaurant","Green Leaves",7.36,6997
"Mancini's Family Restaurant",Hamburger,9.21,1891
"Mancini's Family Restaurant","Harvest Pumpkin Ale",9.14,2603
"Mancini's Family Restaurant","Heineken Lager Beer",11.83,8645
"Mancini's Family Restaurant",Hoegaarden,9.53,2043
"Mancini's Family Restaurant","House Salad",8.42,4466
"Mancini's Family Restaurant","Jalapeno Poppers",10.71,2501
"Mancini's Family Restaurant",Largo,10.38,5288
"Mancini's Family Restaurant",Murphy’s,7.07,8125
"Mancini's Family Restaurant","National Bohemian Beer",7.76,7211
"Mancini's Family Restaurant","Newcastle Brown Ale",8.87,5139
"Mancini's Family Restaurant",Ochota,10.01,3982
"Mancini's Family Restaurant",Pan,7.93,1092
"Mancini's Family Restaurant","Pearl Lager Beer",5.02,4501
"Mancini's Family Restaurant",Quesadillas,7.68,9517
"Mancini's Family Restaurant","Raspberry Cream Ale",6.03,8394
"Mancini's Family Restaurant",Reuben,9.83,2795
"Mancini's Family Restaurant","Schmidt’s Premium Beer",6.68,8193
"Mancini's Family Restaurant","Special Brew",5.28,9008
"Mancini's Family Restaurant","Stag Beer",9.46,2539
"Mancini's Family Restaurant",Star,5.03,3631
"Mancini's Family Restaurant",Starobrno,9.65,2344
"Mancini's Family Restaurant","Summer Honey Wheat Ale",9.24,5140
"Mancini's Family Restaurant","Tiger Beer",5.63,9601
"Mancini's Family Restaurant","Valencia Amber Ale",6.19,8746
"Mancini's Family Restaurant",Zagorka,5.29,3195
"Rovers Return Inn",1664,11.48,2800
"Rovers Return Inn",Beck’s,8.29,7152
"Rovers Return Inn","Belgian Table Pils",6.12,1917
"Rovers Return Inn","Birra Moretti",9.25,4440
"Rovers Return Inn","Blackberry Tart Ale",10.79,1489
"Rovers Return Inn","Blue Moon",9.19,8478
"Rovers Return Inn",Brahma,11.31,2314
"Rovers Return Inn","Bread Sticks",10.16,2163
"Rovers Return Inn","Bud Light",7.73,5757
"Rovers Return Inn",Budweiser,8.57,1398
"Rovers Return Inn","Buffalo Wings",9.90,8040
"Rovers Return Inn",Busch,10.30,5945
"Rovers Return Inn",Carlsberg,6.47,1156
"Rovers Return Inn","Chai Spiced Ale",5.72,2348
"Rovers Return Inn",Cheeseburger,7.81,8180
"Rovers Return Inn","Chicken Fingers",11.49,8342
"Rovers Return Inn","Chicken Sandwich",5.89,6053
"Rovers Return Inn","Chicken Wings",6.45,9279
"Rovers Return Inn",Chili,9.85,6830
"Rovers Return Inn","Cinnamon Horchata Ale",5.05,3014
"Rovers Return Inn","Colt 45",5.64,8079
"Rovers Return Inn",Cruzcampo,10.32,7765
"Rovers Return Inn","Curly Fries",7.07,3856
"Rovers Return Inn","Elysian Brewing Company",9.45,8837
"Rovers Return Inn","French Fries",7.84,1390
"Rovers Return Inn","Gingerbread Spiced Ale",6.79,4601
"Rovers Return Inn","Goose Island Brewery",6.62,9190
"Rovers Return Inn","Gorkha Beer",10.14,5466
"Rovers Return Inn","Grilled Cheese",9.61,7437
"Rovers Return Inn",Hamburger,6.92,8650
"Rovers Return Inn","Harvest Pumpkin Ale",10.74,5858
"Rovers Return Inn","House Salad",10.10,4475
"Rovers Return Inn","Jalapeno Poppers",10.89,9350
"Rovers Return Inn",Kronenbourg,5.13,1811
"Rovers Return Inn","Mozzarella Sticks",11.94,7177
"Rovers Return Inn","National Bohemian Beer",10.47,3781
"Rovers Return Inn",Ochota,5.01,1486
"Rovers Return Inn","Onion Rings",8.00,1256
"Rovers Return Inn",Pan,10.16,9095
"Rovers Return Inn","Pearl Lager Beer",10.52,8585
"Rovers Return Inn",Pizza,9.50,4416
"Rovers Return Inn",Quesadillas,5.56,6028
"Rovers Return Inn","Rounder Belgian",7.05,1906
"Rovers Return Inn","Schaefer Beer",9.11,9052
"Rovers Return Inn","Schmidt’s Premium Beer",11.71,5868
"Rovers Return Inn",Skol,11.05,6132
"Rovers Return Inn",Snow,6.83,6330
"Rovers Return Inn","Special Brew",8.87,9930
"Rovers Return Inn","Spiced Amber Ale",6.71,8053
"Rovers Return Inn",Star,6.10,8926
"The Aidensfield Arms",1664,5.62,8740
"The Aidensfield Arms","Alexander Keith&#8217;s beer range",6.49,3930
"The Aidensfield Arms",Amstel,10.66,6525
"The Aidensfield Arms","Birra Moretti",9.45,8616
"The Aidensfield Arms",BLT,10.28,2988
"The Aidensfield Arms","Blue Moon",9.41,5892
"The Aidensfield Arms","Blue Moon Grand Cru",8.70,2950
"The Aidensfield Arms","Blue Sword",6.21,4170
"The Aidensfield Arms",Bosman,9.34,7294
"The Aidensfield Arms","Bread Sticks",7.90,9526
"The Aidensfield Arms","Buffalo Wings",5.87,4008
"The Aidensfield Arms","Chai Spiced Ale",7.70,5589
"The Aidensfield Arms","Cheese Fries",8.05,9153
"The Aidensfield Arms",Cheeseburger,8.19,4711
"The Aidensfield Arms","Chicken Fingers",8.32,9765
"The Aidensfield Arms","Chicken Sandwich",11.28,1695
"The Aidensfield Arms","Chicken Wings",6.62,2299
"The Aidensfield Arms","Cinnamon Horchata Ale",9.61,3540
"The Aidensfield Arms",Corona,6.65,1081
"The Aidensfield Arms","Curly Fries",9.97,7385
"The Aidensfield Arms","Elephant Beer",6.07,7319
"The Aidensfield Arms","Elysian Brewing Company",7.24,2743
"The Aidensfield Arms","Farmhouse Red Ale",9.25,5278
"The Aidensfield Arms",Feldschlösschen,5.69,3210
"The Aidensfield Arms","French Fries",5.07,2442
"The Aidensfield Arms","Golden Road",5.98,5962
"The Aidensfield Arms","Goose Island Brewery",11.11,1026
"The Aidensfield Arms","Green Leaves",11.99,3973
"The Aidensfield Arms","Grilled Cheese",10.84,1319
"The Aidensfield Arms",Hamburger,5.92,3282
"The Aidensfield Arms",Hoegaarden,7.88,1139
"The Aidensfield Arms","House Salad",7.34,7071
"The Aidensfield Arms",Lav,10.07,6890
"The Aidensfield Arms","Mozzarella Sticks",10.15,7532
"The Aidensfield Arms",Nachos,10.86,1063
"The Aidensfield Arms","Newcastle Brown Ale",9.15,8967
"The Aidensfield Arms","Nut Brown Ale",5.04,8686
"The Aidensfield Arms",Pan,8.96,7335
"The Aidensfield Arms","Peanut Butter Ale",8.45,4548
"The Aidensfield Arms",Pizza,6.39,1355
"The Aidensfield Arms",Quesadillas,7.40,4986
"The Aidensfield Arms","Raspberry Cream Ale",10.61,2737
"The Aidensfield Arms",Reuben,8.87,6909
"The Aidensfield Arms","Rounder Belgian",9.87,7316
"The Aidensfield Arms","Schaefer Beer",10.85,8272
"The Aidensfield Arms","Schmidt’s Premium Beer",8.78,1473
"The Aidensfield Arms",Shenyang,10.33,8313
"The Aidensfield Arms",Singo,8.96,1737
"The Aidensfield Arms","Special Brew",8.18,5853
"The Aidensfield Arms",Zagorka,11.41,7887
"The Boar's Nest","Alexander Keith&#8217;s beer range",6.02,7294
"The Boar's Nest",Baltika,10.50,1429
"The Boar's Nest",Beck’s,7.90,8860
"The Boar's Nest",Beerlao,5.96,8986
"The Boar's Nest",BLT,11.65,7392
"The Boar's Nest","Blue Moon",6.53,6576
"The Boar's Nest","Blue Moon Grand Cru",7.72,3520
"The Boar's Nest",Bosman,10.05,7655
"The Boar's Nest",Brahma,5.26,1167
"The Boar's Nest","Bread Sticks",7.92,7486
"The Boar's Nest","Bud Light",9.05,1519
"The Boar's Nest","Buffalo Wings",8.49,6400
"The Boar's Nest",Busch,5.33,6218
"The Boar's Nest",Carlsberg,5.50,9432
"The Boar's Nest","Chai Spiced Ale",9.60,6994
"The Boar's Nest",Cheeseburger,6.54,1670
"The Boar's Nest","Chicken Sandwich",7.40,1164
"The Boar's Nest","Chicken Wings",7.66,3844
"The Boar's Nest",Chili,11.46,7478
"The Boar's Nest",Cruzcampo,5.85,9472
"The Boar's Nest","Four Peaks",6.59,4926
"The Boar's Nest","French Fries",10.06,3226
"The Boar's Nest","Goose Island Brewery",10.45,6927
"The Boar's Nest","Gorkha Beer",8.00,7349
"The Boar's Nest","Grilled Cheese",10.16,1162
"The Boar's Nest",Grimbergen,8.77,4827
"The Boar's Nest",Hamburger,5.93,6505
"The Boar's Nest","Harvest Pumpkin Ale",11.20,4316
"The Boar's Nest","Heineken Lager Beer",9.59,7752
"The Boar's Nest","Jalapeno Poppers",5.26,4747
"The Boar's Nest","Karbach Brewing Company",7.69,2284
"The Boar's Nest","Labatt Family",9.87,9465
"The Boar's Nest","Lakeport Brewing beer range",5.43,2365
"The Boar's Nest",Largo,7.63,7878
"The Boar's Nest","Lone Star",5.83,7635
"The Boar's Nest","Mozzarella Sticks",8.26,4519
"The Boar's Nest","Newcastle Brown Ale",7.20,9157
"The Boar's Nest","Onion Rings",11.96,7123
"The Boar's Nest","Past Blue Ribbon",8.93,1819
"The Boar's Nest",Pizza,11.78,2590
"The Boar's Nest",Quesadillas,5.05,3379
"The Boar's Nest","Schmidt’s Premium Beer",8.92,3652
"The Boar's Nest",Shenyang,10.47,6346
"The Boar's Nest",Skol,10.37,8855
"The Boar's Nest","Special Brew",9.76,7256
"The Boar's Nest","Spring Blonde Wheat Ale",10.53,4592
"The Boar's Nest",Starobrno,11.85,5408
"The Boar's Nest","Summer Honey Wheat Ale",8.99,9730
"The Boar's Nest","Tiger Beer",8.92,9237
"The Boar's Nest",Zagorka,6.39,4804
"The Domain of the King Bar and Grille","Alexander Keith&#8217;s beer range",8.11,6055
"The Domain of the King Bar and Grille",Beerlao,10.28,7193
"The Domain of the King Bar and Grille","Blackberry Tart Ale",11.95,3978
"The Domain of the King Bar and Grille",BLT,11.96,7247
"The Domain of the King Bar and Grille","Blue Moon",5.86,3956
"The Domain of the King Bar and Grille","Blue Sword",6.21,9867
"The Domain of the King Bar and Grille",Brahma,10.73,6687
"The Domain of the King Bar and Grille","Bread Sticks",8.80,4462
"The Domain of the King Bar and Grille","Bud Light",11.96,6320
"The Domain of the King Bar and Grille","Burger Sliders",11.21,8511
"The Domain of the King Bar and Grille","Cheese Fries",9.22,7324
"The Domain of the King Bar and Grille",Cheeseburger,11.59,8632
"The Domain of the King Bar and Grille",Chernihivske,10.24,5332
"The Domain of the King Bar and Grille","Chicken Fingers",8.51,2207
"The Domain of the King Bar and Grille","Chicken Sandwich",11.06,2328
"The Domain of the King Bar and Grille","Chicken Wings",5.60,7712
"The Domain of the King Bar and Grille",Chili,10.09,5475
"The Domain of the King Bar and Grille","Cinnamon Horchata Ale",8.00,9702
"The Domain of the King Bar and Grille","Colt 45",5.08,9164
"The Domain of the King Bar and Grille",Corona,8.43,2953
"The Domain of the King Bar and Grille",Cruzcampo,7.75,1040
"The Domain of the King Bar and Grille","Curly Fries",6.56,7911
"The Domain of the King Bar and Grille","Devils Backbone Brewing Company",9.23,9137
"The Domain of the King Bar and Grille","Four Peaks",10.43,1969
"The Domain of the King Bar and Grille","French Fries",6.58,3481
"The Domain of the King Bar and Grille","Goose Island Brewery",9.75,2268
"The Domain of the King Bar and Grille","Gorkha Beer",10.41,4493
"The Domain of the King Bar and Grille","Heineken Lager Beer",7.19,4453
"The Domain of the King Bar and Grille","House Salad",6.17,1043
"The Domain of the King Bar and Grille","Karbach Brewing Company",8.96,6008
"The Domain of the King Bar and Grille",Kronenbourg,5.76,7373
"The Domain of the King Bar and Grille","Labatt Family",8.45,8801
"The Domain of the King Bar and Grille",Largo,9.20,2530
"The Domain of the King Bar and Grille",Lav,7.34,4995
"The Domain of the King Bar and Grille","Lone Star",8.11,4055
"The Domain of the King Bar and Grille","Mountain Abbey Ale",10.07,5165
"The Domain of the King Bar and Grille","Mozzarella Sticks",7.55,3809
"The Domain of the King Bar and Grille",Pan,5.91,2749
"The Domain of the King Bar and Grille","Peanut Butter Ale",6.95,5783
"The Domain of the King Bar and Grille","Raspberry Cream Ale",7.26,9096
"The Domain of the King Bar and Grille",Reuben,7.18,9359
"The Domain of the King Bar and Grille","Schaefer Beer",11.99,8752
"The Domain of the King Bar and Grille","Schmidt’s Premium Beer",7.95,8130
"The Domain of the King Bar and Grille",Singo,5.34,5835
"The Domain of the King Bar and Grille",Snow,5.33,5218
"The Domain of the King Bar and Grille","Spiced Amber Ale",9.99,4705
"The Domain of the King Bar and Grille",Stroh’s,9.73,2599
"The Domain of the King Bar and Grille","Summer Honey Wheat Ale",9.80,8572
"The Domain of the King Bar and Grille","Sunshine Citrus Blonde",9.40,5598
"The Domain of the King Bar and Grille",Zagorka,10.21,5351
"The Fiesty Goat Pub",Beck’s,7.39,2528
"The Fiesty Goat Pub","Belgian Table Pils",10.34,2872
"The Fiesty Goat Pub","Blackberry Tart Ale",7.52,8008
"The Fiesty Goat Pub","Blue Moon Pale Ale",11.26,9601
"The Fiesty Goat Pub","Blue Sword",6.11,5702
"The Fiesty Goat Pub",Bosman,8.31,1907
"The Fiesty Goat Pub","Bread Sticks",5.46,8015
"The Fiesty Goat Pub","Buffalo Wings",8.21,2024
"The Fiesty Goat Pub","Burger Sliders",5.38,5142
"The Fiesty Goat Pub","Cappuccino Oatmeal Stout",10.57,1823
"The Fiesty Goat Pub","Caramel Apple Spiced Ale",7.06,6787
"The Fiesty Goat Pub","Cheese Fries",10.86,8166
"The Fiesty Goat Pub",Cheeseburger,10.94,9184
"The Fiesty Goat Pub","Chicken Sandwich",11.24,7046
"The Fiesty Goat Pub","Chicken Wings",7.41,6490
"The Fiesty Goat Pub","Cocoa Brown Ale",11.58,8884
"The Fiesty Goat Pub","Curly Fries",11.53,3381
"The Fiesty Goat Pub","Dos Equis XX",10.34,4981
"The Fiesty Goat Pub",Feldschlösschen,5.07,7517
"The Fiesty Goat Pub","French Fries",7.48,3631
"The Fiesty Goat Pub","Gingerbread Spiced Ale",8.52,8765
"The Fiesty Goat Pub","Goose Island Brewery",11.33,6608
"The Fiesty Goat Pub","Gorkha Beer",8.10,7067
"The Fiesty Goat Pub",Hamburger,6.67,6820
"The Fiesty Goat Pub","Harvest Pumpkin Ale",7.53,1681
"The Fiesty Goat Pub","Heineken Lager Beer",9.66,4333
"The Fiesty Goat Pub",Hoegaarden,7.39,8313
"The Fiesty Goat Pub","House Salad",11.69,3720
"The Fiesty Goat Pub",Huadan,7.68,6359
"The Fiesty Goat Pub","Jalapeno Poppers",7.38,2959
"The Fiesty Goat Pub","Karbach Brewing Company",7.12,1000
"The Fiesty Goat Pub","Lakeport Brewing beer range",9.87,6758
"The Fiesty Goat Pub",Leffe,11.70,2530
"The Fiesty Goat Pub","Mountain Abbey Ale",10.21,1840
"The Fiesty Goat Pub","Mozzarella Sticks",6.84,8889
"The Fiesty Goat Pub","Newcastle Brown Ale",9.82,5129
"The Fiesty Goat Pub","Onion Rings",6.90,3270
"The Fiesty Goat Pub","Past Blue Ribbon",6.75,5135
"The Fiesty Goat Pub","Pearl Lager Beer",9.70,5210
"The Fiesty Goat Pub",Pizza,9.25,3838
"The Fiesty Goat Pub",Quesadillas,10.23,2540
"The Fiesty Goat Pub","Raspberry Cream Ale",7.10,2229
"The Fiesty Goat Pub",Reuben,9.86,9291
"The Fiesty Goat Pub","Rounder Belgian",7.59,6842
"The Fiesty Goat Pub","Schaefer Beer",11.57,6875
"The Fiesty Goat Pub",Skol,10.52,1637
"The Fiesty Goat Pub",Star,7.96,6032
"The Fiesty Goat Pub",Starobrno,11.92,1954
"The Fiesty Goat Pub",Stroh’s,9.24,1132
"The Fiesty Goat Pub","Tiger Beer",6.98,8514
"The Hand & Racquet, East Cheam","Agave Nectar Ale",8.86,8077
"The Hand & Racquet, East Cheam",Baltika,5.48,7595
"The Hand & Racquet, East Cheam",Beck’s,10.54,3652
"The Hand & Racquet, East Cheam",Belle,10.89,4975
"The Hand & Racquet, East Cheam","Blue Moon Grand Cru",9.06,9739
"The Hand & Racquet, East Cheam","Bread Sticks",7.55,1926
"The Hand & Racquet, East Cheam","Buffalo Wings",10.54,3232
"The Hand & Racquet, East Cheam","Burger Sliders",5.15,4851
"The Hand & Racquet, East Cheam",Busch,11.69,4647
"The Hand & Racquet, East Cheam","Cappuccino Oatmeal Stout",7.90,6084
"The Hand & Racquet, East Cheam",Carlsberg,5.34,4085
"The Hand & Racquet, East Cheam","Cheese Fries",8.35,1100
"The Hand & Racquet, East Cheam",Cheeseburger,8.60,1188
"The Hand & Racquet, East Cheam",Chernihivske,7.46,6966
"The Hand & Racquet, East Cheam","Chicken Fingers",8.21,2782
"The Hand & Racquet, East Cheam","Chicken Sandwich",10.42,7502
"The Hand & Racquet, East Cheam",Chili,8.64,7515
"The Hand & Racquet, East Cheam","Cinnamon Horchata Ale",8.00,8473
"The Hand & Racquet, East Cheam","Cocoa Brown Ale",10.24,6713
"The Hand & Racquet, East Cheam",Corona,7.71,3709
"The Hand & Racquet, East Cheam","Curly Fries",7.19,4630
"The Hand & Racquet, East Cheam","Devils Backbone Brewing Company",11.01,7176
"The Hand & Racquet, East Cheam","Dos Equis XX",9.16,4694
"The Hand & Racquet, East Cheam","Elysian Brewing Company",5.13,6104
"The Hand & Racquet, East Cheam","Farmhouse Red Ale",5.62,9614
"The Hand & Racquet, East Cheam","French Fries",10.53,7305
"The Hand & Racquet, East Cheam","Golden Road",6.91,2456
"The Hand & Racquet, East Cheam","Green Leaves",5.34,5520
"The Hand & Racquet, East Cheam",Hamburger,6.71,4889
"The Hand & Racquet, East Cheam",Jacobsen,6.31,5490
"The Hand & Racquet, East Cheam","Kokanee beers",8.26,1792
"The Hand & Racquet, East Cheam",Kronenbourg,10.77,2496
"The Hand & Racquet, East Cheam","Labatt Family",6.38,5898
"The Hand & Racquet, East Cheam",Largo,8.05,6969
"The Hand & Racquet, East Cheam","Lone Star",7.02,8671
"The Hand & Racquet, East Cheam","Mountain Abbey Ale",6.88,9201
"The Hand & Racquet, East Cheam","Mozzarella Sticks",10.93,3838
"The Hand & Racquet, East Cheam",Murphy’s,10.86,6126
"The Hand & Racquet, East Cheam","National Bohemian Beer",7.95,6952
"The Hand & Racquet, East Cheam","Peanut Butter Ale",8.19,2249
"The Hand & Racquet, East Cheam",Pizza,9.51,5020
"The Hand & Racquet, East Cheam",Quesadillas,6.31,6148
"The Hand & Racquet, East Cheam",Reuben,11.75,7138
"The Hand & Racquet, East Cheam","Rounder Belgian",5.49,3751
"The Hand & Racquet, East Cheam","Schaefer Beer",6.88,2193
"The Hand & Racquet, East Cheam","Spiced Amber Ale",5.95,4395
"The Hand & Racquet, East Cheam",Stroh’s,7.65,4909
"The Hand & Racquet, East Cheam","Tiger Beer",11.99,3382
"The Hand & Racquet, East Cheam","Valencia Amber Ale",11.00,4592
"The Hand & Racquet, East Cheam","White IPA",6.24,5337
"The Malt Shovel",Amstel,10.31,1086
"The Malt Shovel",Beerlao,8.42,2767
"The Malt Shovel","Belgian Table Pils",9.30,1594
"The Malt Shovel","Birra Moretti",8.13,7872
"The Malt Shovel",BLT,9.22,3775
"The Malt Shovel","Blue Moon Pale Ale",6.63,3900
"The Malt Shovel","Bread Sticks",8.64,7675
"The Malt Shovel","Buffalo Wings",7.40,3179
"The Malt Shovel","Burger Sliders",11.95,8050
"The Malt Shovel","Cappuccino Oatmeal Stout",6.05,3452
"The Malt Shovel",Carlsberg,6.34,3584
"The Malt Shovel","Cheese Fries",6.75,1322
"The Malt Shovel",Cheeseburger,6.03,8871
"The Malt Shovel","Chicken Fingers",9.77,5977
"The Malt Shovel","Chicken Sandwich",9.45,1523
"The Malt Shovel","Chicken Wings",10.47,5939
"The Malt Shovel",Chili,7.35,3819
"The Malt Shovel","Cocoa Brown Ale",9.86,4509
"The Malt Shovel",Cruzcampo,9.07,8455
"The Malt Shovel","Curly Fries",6.90,9259
"The Malt Shovel","Devils Backbone Brewing Company",8.07,2541
"The Malt Shovel","Elysian Brewing Company",6.57,6132
"The Malt Shovel","Four Peaks",10.60,1507
"The Malt Shovel","Gingerbread Spiced Ale",6.24,9656
"The Malt Shovel","Green Leaves",8.33,5694
"The Malt Shovel",Hamburger,6.11,2046
"The Malt Shovel",Hoegaarden,10.76,5174
"The Malt Shovel","House Salad",6.44,9747
"The Malt Shovel",Huadan,5.10,3090
"The Malt Shovel",Jacobsen,11.63,2738
"The Malt Shovel","Jalapeno Poppers",7.26,9881
"The Malt Shovel","Kokanee beers",7.06,6583
"The Malt Shovel","Labatt Family",11.79,8263
"The Malt Shovel",Lav,5.67,4279
"The Malt Shovel","Mountain Abbey Ale",8.16,4845
"The Malt Shovel",Murphy’s,11.52,2772
"The Malt Shovel","Onion Rings",10.94,1002
"The Malt Shovel",Pizza,6.47,7525
"The Malt Shovel",Quesadillas,8.06,7418
"The Malt Shovel","Rainer Beer",8.21,5960
"The Malt Shovel","Raspberry Cream Ale",7.32,4449
"The Malt Shovel",Reuben,8.51,8507
"The Malt Shovel",Shenyang,11.08,9411
"The Malt Shovel",Skol,9.70,2147
"The Malt Shovel","Special Brew",10.07,8388
"The Malt Shovel","Spiced Amber Ale",8.40,3075
"The Malt Shovel","Spring Blonde Wheat Ale",11.11,2917
"The Malt Shovel",Star,9.06,2557
"The Malt Shovel","Sunshine Citrus Blonde",9.32,9406
"The Malt Shovel",Zagorka,11.79,9958
"The Regal Beagle",1664,11.99,3307
"The Regal Beagle","Agave Nectar Ale",7.31,3308
"The Regal Beagle",Amstel,9.54,1393
"The Regal Beagle",Beck’s,10.43,2920
"The Regal Beagle",Belle,9.59,7436
"The Regal Beagle","Blue Sword",8.54,9592
"The Regal Beagle","Bread Sticks",5.33,7460
"The Regal Beagle",Budweiser,6.87,5546
"The Regal Beagle","Burger Sliders",10.75,5052
"The Regal Beagle",Busch,6.37,5018
"The Regal Beagle","Caramel Apple Spiced Ale",9.63,9588
"The Regal Beagle","Chicken Fingers",8.48,2930
"The Regal Beagle","Chicken Wings",7.88,5252
"The Regal Beagle",Chili,9.25,5517
"The Regal Beagle","Curly Fries",6.08,9963
"The Regal Beagle","Dos Equis XX",7.58,2677
"The Regal Beagle","Elysian Brewing Company",5.36,7242
"The Regal Beagle","Farmhouse Red Ale",10.85,3984
"The Regal Beagle","French Fries",7.07,1083
"The Regal Beagle","Gingerbread Spiced Ale",9.22,5168
"The Regal Beagle","Golden Road",7.31,2663
"The Regal Beagle","Green Leaves",5.81,9873
"The Regal Beagle","Grilled Cheese",6.26,3719
"The Regal Beagle",Hamburger,8.53,9526
"The Regal Beagle","Heineken Lager Beer",9.75,3843
"The Regal Beagle",Hoegaarden,8.59,5635
"The Regal Beagle","House Salad",5.64,2854
"The Regal Beagle","Labatt Family",9.70,8717
"The Regal Beagle",Lav,5.57,9788
"The Regal Beagle","Newcastle Brown Ale",9.57,4824
"The Regal Beagle","Nut Brown Ale",8.11,1004
"The Regal Beagle",Ochota,7.06,2046
"The Regal Beagle","Onion Rings",6.17,3566
"The Regal Beagle",Pan,9.15,4823
"The Regal Beagle","Past Blue Ribbon",6.99,1747
"The Regal Beagle","Pearl Lager Beer",11.33,3302
"The Regal Beagle",Pizza,5.54,6843
"The Regal Beagle",Quesadillas,7.91,3035
"The Regal Beagle","Rainer Beer",8.64,2328
"The Regal Beagle",Reuben,5.12,5430
"The Regal Beagle","Rounder Belgian",10.03,2020
"The Regal Beagle","Schaefer Beer",5.35,1381
"The Regal Beagle","Schmidt’s Premium Beer",10.50,1565
"The Regal Beagle",Singo,7.89,8570
"The Regal Beagle",Skol,6.94,8489
"The Regal Beagle",Snow,6.81,5623
"The Regal Beagle","Spring Blonde Wheat Ale",6.90,7758
"The Regal Beagle","Stag Beer",5.25,9739
"The Regal Beagle",Star,7.25,9936
"The Regal Beagle","Valencia Amber Ale",10.28,1134
"The Vigilante","Agave Nectar Ale",6.02,9880
"The Vigilante","Alexander Keith&#8217;s beer range",8.98,7938
"The Vigilante",Baltika,8.36,7046
"The Vigilante",Beerlao,9.99,4746
"The Vigilante",Belle,5.94,4700
"The Vigilante","Birra Moretti",5.02,8445
"The Vigilante",BLT,7.73,4112
"The Vigilante","Bud Light",5.57,4316
"The Vigilante","Buffalo Wings",7.50,8256
"The Vigilante",Busch,10.85,1826
"The Vigilante",Carlsberg,8.92,2750
"The Vigilante","Chai Spiced Ale",8.97,4979
"The Vigilante",Cheeseburger,9.86,8677
"The Vigilante",Chernihivske,9.27,2859
"The Vigilante","Chicken Fingers",5.47,6452
"The Vigilante","Chicken Wings",9.94,4801
"The Vigilante",Chili,6.33,1145
"The Vigilante",Cruzcampo,9.89,6442
"The Vigilante","Curly Fries",6.87,2575
"The Vigilante","Dos Equis XX",8.82,6048
"The Vigilante","Elysian Brewing Company",10.60,9601
"The Vigilante","Farmhouse Red Ale",6.26,7974
"The Vigilante",Feldschlösschen,10.30,3486
"The Vigilante","Four Peaks",6.08,4087
"The Vigilante","Golden Road",10.73,7476
"The Vigilante","Goose Island Brewery",6.41,7834
"The Vigilante","Gorkha Beer",9.45,3678
"The Vigilante","Grilled Cheese",7.92,5551
"The Vigilante",Grimbergen,6.05,5585
"The Vigilante",Hamburger,6.51,9039
"The Vigilante",Hoegaarden,6.99,7687
"The Vigilante","House Salad",5.25,3172
"The Vigilante","Kokanee beers",5.68,7595
"The Vigilante",Lav,6.26,6154
"The Vigilante","Lone Star",9.30,4153
"The Vigilante","Mountain Abbey Ale",11.02,1310
"The Vigilante","Mozzarella Sticks",11.53,9434
"The Vigilante","National Bohemian Beer",9.07,1988
"The Vigilante","Newcastle Brown Ale",6.72,7436
"The Vigilante","Nut Brown Ale",6.71,6379
"The Vigilante","Peanut Butter Ale",6.46,1106
"The Vigilante","Raspberry Cream Ale",10.33,3260
"The Vigilante",Reuben,6.65,8228
"The Vigilante",Shenyang,5.93,1612
"The Vigilante","Special Brew",7.99,5479
"The Vigilante","Stag Beer",8.92,6731
"The Vigilante",Star,5.57,1712
"The Vigilante","Sunshine Citrus Blonde",6.91,2871
"The Vigilante","White IPA",11.37,3705
"The Vigilante",Zagorka,5.29,9350
"Very Cool Secret Bar",1664,6.23,9090
"Very Cool Secret Bar","Agave Nectar Ale",9.57,8879
"Very Cool Secret Bar","Alexander Keith&#8217;s beer range",7.98,8132
"Very Cool Secret Bar",Amstel,11.85,5401
"Very Cool Secret Bar",Baltika,7.42,8074
"Very Cool Secret Bar",Beck’s,10.77,9098
"Very Cool Secret Bar",Beerlao,9.60,5881
"Very Cool Secret Bar",Belle,9.56,1467
"Very Cool Secret Bar","Blackberry Tart Ale",8.42,1030
"Very Cool Secret Bar",BLT,9.04,5560
"Very Cool Secret Bar","Blue Moon Pale Ale",9.72,5500
"Very Cool Secret Bar",Bosman,5.84,7783
"Very Cool Secret Bar","Bread Sticks",8.58,2794
"Very Cool Secret Bar","Bud Light",9.75,1540
"Very Cool Secret Bar","Buffalo Wings",6.51,9583
"Very Cool Secret Bar","Burger Sliders",10.85,1623
"Very Cool Secret Bar","Cappuccino Oatmeal Stout",7.31,1361
"Very Cool Secret Bar","Chicken Fingers",7.61,6410
"Very Cool Secret Bar","Chicken Sandwich",9.88,8306
"Very Cool Secret Bar",Chili,10.28,2468
"Very Cool Secret Bar","Cinnamon Horchata Ale",8.44,6925
"Very Cool Secret Bar","Farmhouse Red Ale",10.39,3739
"Very Cool Secret Bar",Feldschlösschen,7.22,9236
"Very Cool Secret Bar","French Fries",8.33,7640
"Very Cool Secret Bar","Golden Road",9.49,8216
"Very Cool Secret Bar","Goose Island Brewery",8.71,7834
"Very Cool Secret Bar","Green Leaves",10.42,7189
"Very Cool Secret Bar",Hamburger,7.35,6963
"Very Cool Secret Bar",Hoegaarden,8.79,3636
"Very Cool Secret Bar",Jacobsen,9.27,6753
"Very Cool Secret Bar","Jalapeno Poppers",7.53,2455
"Very Cool Secret Bar","Karbach Brewing Company",5.24,6056
"Very Cool Secret Bar","Kokanee beers",10.57,7929
"Very Cool Secret Bar","Lakeport Brewing beer range",7.73,1834
"Very Cool Secret Bar",Leffe,5.50,6911
"Very Cool Secret Bar","Lone Star",9.99,5852
"Very Cool Secret Bar","Mozzarella Sticks",9.75,5167
"Very Cool Secret Bar",Murphy’s,7.93,6401
"Very Cool Secret Bar","Nut Brown Ale",9.01,9236
"Very Cool Secret Bar",Ochota,8.41,1212
"Very Cool Secret Bar","Onion Rings",8.99,8155
"Very Cool Secret Bar","Past Blue Ribbon",8.31,9763
"Very Cool Secret Bar","Pearl Lager Beer",10.01,8681
"Very Cool Secret Bar",Quesadillas,10.00,2706
"Very Cool Secret Bar","Raspberry Cream Ale",5.91,5201
"Very Cool Secret Bar",Reuben,5.21,9088
"Very Cool Secret Bar","Special Brew",9.43,6646
"Very Cool Secret Bar","Spiced Amber Ale",5.65,2554
"Very Cool Secret Bar",Stroh’s,8.71,6679
"Very Cool Secret Bar",Zagorka,9.63,8576
