first_name,last_name,item_name
Aaron,Cornelia,"Curly Fries"
Aaron,Cornelia,Jacobsen
Abbie,Ward,Cruzcampo
Abby,Abbie,"Burger Sliders"
Abigail,Inez,"Colt 45"
Adelaide,Cedric,"Caramel Apple Spiced Ale"
Adelaide,Cedric,Hamburger
Adele,Darin,"Mountain Abbey Ale"
Adrian,Judy,Chernihivske
Adrian,Judy,"Curly Fries"
Adrienne,Johnnie,"Burger Sliders"
Adrienne,Johnnie,Jacobsen
Aida,Blanche,"Caramel Apple Spiced Ale"
Aida,Blanche,"Curly Fries"
Aida,Blanche,"Spring Blonde Wheat Ale"
Aimee,Ursula,"Bread Sticks"
Alan,Mindy,"Schmidt’s Premium Beer"
Alana,Marissa,Quesadillas
Alana,Marissa,Starobrno
Albert,Doyle,"Buffalo Wings"
Albert,Doyle,"Curly Fries"
Albert,Doyle,"Golden Road"
Albert,Wm,Stroh’s
Alberto,Jewel,"Schmidt’s Premium Beer"
Alexandra,Liz,BLT
Alexis,Geri,"Elephant Beer"
Alexis,Geri,Star
Alexis,Geri,Starobrno
Alfreda,Sean,"Elephant Beer"
Alfreda,Sean,Pan
Alfreda,Sean,Shenyang
Alice,Mike,"Jalapeno Poppers"
Alisha,Nannie,"Gorkha Beer"
Alisha,Nannie,"Raspberry Cream Ale"
Alissa,Dante,Leffe
Allyson,Isaac,Reuben
Allyson,Kerry,"Cheese Fries"
Allyson,Kerry,"Jalapeno Poppers"
Alma,Danielle,Quesadillas
Alphonso,Daisy,"Burger Sliders"
Alphonso,Lakeisha,"National Bohemian Beer"
Alta,Lester,"Farmhouse Red Ale"
Alyce,Ada,Beck’s
Alyssa,Dona,"Green Leaves"
Alyssa,Dona,"Heineken Lager Beer"
Alyssa,Dona,"House Salad"
Amelia,Marshall,Corona
Amelia,Marshall,"Kokanee beers"
Andre,Rosalinda,Zagorka
Andres,Cruz,"Buffalo Wings"
Andres,Cruz,"Cappuccino Oatmeal Stout"
Angel,Letha,"Chicken Fingers"
Angie,Leroy,"House Salad"
Anne,Tracey,"Cheese Fries"
Anne,Tracey,"Schaefer Beer"
Anthony,Octavia,Murphy’s
Anthony,Octavia,Pizza
Antionette,Aileen,Lav
Antonia,Penelope,"Agave Nectar Ale"
Antonia,Penelope,Cruzcampo
Antony,Lewis,"Mozzarella Sticks"
Araceli,Jewell,"Chicken Wings"
Archie,Esther,"French Fries"
Archie,Esther,Hamburger
Archie,Esther,"Peanut Butter Ale"
Archie,Gus,"Mozzarella Sticks"
Armand,Gavin,"Buffalo Wings"
Armand,Gavin,Huadan
Arthur,Melanie,Hamburger
Arturo,Natalie,"Jalapeno Poppers"
Arturo,Natalie,"Raspberry Cream Ale"
Ashley,Minerva,BLT
Ashley,Minerva,"House Salad"
Audrey,Jimmy,Beerlao
Aurelio,Rafael,"Spiced Amber Ale"
Austin,Krista,Belle
Austin,Krista,"Bread Sticks"
Ava,Antoinette,"Mozzarella Sticks"
Ava,Delmar,Pizza
Ava,Phyllis,"Colt 45"
Ava,Phyllis,"Onion Rings"
Avis,Jimmie,Beck’s
Benjamin,Joanne,"Chicken Fingers"
Benjamin,Lisa,"Cheese Fries"
Bernice,Latoya,Baltika
Bernice,Latoya,Chernihivske
Bernice,Latoya,"Chicken Fingers"
Bernice,Latoya,"Peanut Butter Ale"
Bertha,Luella,Reuben
Beryl,Libby,"Blue Sword"
Beryl,Libby,Bosman
Beryl,Libby,Grimbergen
Bessie,Isaiah,"Cocoa Brown Ale"
Betty,Camille,"Chicken Fingers"
Betty,Camille,"Grilled Cheese"
Betty,Camille,"Spiced Amber Ale"
Bettye,Joel,"Elysian Brewing Company"
Beverly,Natasha,"Nut Brown Ale"
Billie,Beau,"Buffalo Wings"
Blake,Erwin,Quesadillas
Bobbi,Anna,Singo
Booker,Tomas,"French Fries"
Booker,Tomas,"Goose Island Brewery"
Booker,Tomas,"Mozzarella Sticks"
Brain,Leeann,"Sunshine Citrus Blonde"
Branden,Catalina,Nachos
Brandie,Natasha,Quesadillas
Brandon,Hilda,"Harvest Pumpkin Ale"
Brandon,Hilda,Ochota
Brendan,Harvey,"Golden Road"
Briana,Miranda,"Cocoa Brown Ale"
Britney,Cary,Beerlao
Bruno,Ramona,"Elephant Beer"
Bruno,Ramona,Jacobsen
Bryan,Sean,"Bread Sticks"
Bryce,Dorothy,"Caramel Apple Spiced Ale"
Bryce,Erik,"Special Brew"
Buford,Alana,"Cheese Fries"
Buford,Alana,"Elephant Beer"
Buford,Ellen,Hamburger
Buford,Ellen,"Jalapeno Poppers"
Byron,Rosetta,"Grilled Cheese"
Caleb,Georgia,Busch
Camilla,Bettye,Belle
Camilla,Bettye,"Stag Beer"
Carl,Kenya,Feldschlösschen
Carly,Katheryn,"Agave Nectar Ale"
Carly,Katheryn,Chernihivske
Carly,Katheryn,"French Fries"
Carly,Katheryn,"Stella Artois"
Carmela,Myra,Pizza
Carrie,Frankie,"Cheese Fries"
Catherine,Tracey,"Burger Sliders"
Catherine,Tracey,"Chicken Fingers"
Catherine,Tracey,"Lone Star"
Cathy,Juanita,Bosman
Cecilia,Annette,"Valencia Amber Ale"
Cecilia,Courtney,"Buffalo Wings"
Cecilia,Courtney,"Cheese Fries"
Cecilia,Courtney,"Labatt Family"
Cedric,Shelton,"Past Blue Ribbon"
Cedric,Shelton,"Pearl Lager Beer"
Celina,Clement,"French Fries"
Celina,Clement,"Rainer Beer"
Chandra,Gene,Pizza
Charles,Elton,"Dos Equis XX"
Charles,Etta,"Nut Brown Ale"
Charles,Etta,"Pearl Lager Beer"
Charlie,Dorothy,"Blue Sword"
Charlie,Dorothy,Pan
Charlotte,Bill,Belle
Charmaine,Damian,"Curly Fries"
Charmaine,Thaddeus,"Birra Moretti"
Charmaine,Thaddeus,"Curly Fries"
Chasity,German,"Mountain Abbey Ale"
Cheryl,Krista,"Tiger Beer"
Chester,Dave,Grimbergen
Christa,Marsha,"Cinnamon Horchata Ale"
Christa,Sammy,"Blue Sword"
Christina,Carolyn,"Burger Sliders"
Christine,Anna,"Lone Star"
Christine,Anna,"Peanut Butter Ale"
Christine,Anna,Pizza
Claudette,Isaiah,"Mozzarella Sticks"
Claudine,Gary,"Schaefer Beer"
Clay,Ernie,"Chicken Wings"
Clayton,Flossie,"Chicken Fingers"
Cliff,Jared,Beerlao
Cliff,Jared,BLT
Cliff,Jared,"Gingerbread Spiced Ale"
Cliff,Michele,BLT
Clint,Frances,"Chai Spiced Ale"
Clint,Frances,"Chicken Sandwich"
Cornell,Lakeisha,Chili
Cornell,Lakeisha,"Cinnamon Horchata Ale"
Cornell,Lakeisha,"Cocoa Brown Ale"
Curt,Esmeralda,"Gorkha Beer"
Dallas,Mai,Amstel
Dane,Cheri,"Burger Sliders"
Daniel,Edythe,Bosman
Daniel,Edythe,"National Bohemian Beer"
Danielle,Elda,"Alexander Keith&#8217;s beer range"
Danielle,Elda,"Chicken Sandwich"
Danielle,Elda,"Sunshine Citrus Blonde"
Dante,Christie,"Cheese Fries"
Dante,Christie,"Special Brew"
Darrel,Domingo,Busch
Darrel,Domingo,"Spiced Amber Ale"
Darrell,Hal,"Karbach Brewing Company"
Darrell,Hal,Leffe
Darrell,Hal,"Rounder Belgian"
Deana,Darius,"Buffalo Wings"
Deana,Darius,Chili
Deanna,Cruz,"Elysian Brewing Company"
Deborah,Sally,Budweiser
Deborah,Sally,Hamburger
Deborah,Sally,"Onion Rings"
Deidra,Velma,"Chai Spiced Ale"
Deidra,Velma,"Green Leaves"
Deidra,Velma,"House Salad"
Deirdre,Muriel,Pizza
Dena,Ross,BLT
Dena,Ross,"Burger Sliders"
Dena,Ross,Pizza
Denice,Blaine,Nachos
Denice,Joaquin,"Heineken Lager Beer"
Denice,Juanita,"National Bohemian Beer"
Denice,Juanita,"Spiced Amber Ale"
Denis,Katy,"Cheese Fries"
Denis,Katy,"French Fries"
Denise,Wilfred,"Alexander Keith&#8217;s beer range"
Dennis,Rosalia,"Devils Backbone Brewing Company"
Derick,Eldon,"Devils Backbone Brewing Company"
Derick,Mercedes,"Past Blue Ribbon"
Derick,Mercedes,"Stag Beer"
Devon,Kermit,"Summer Honey Wheat Ale"
Dewey,Desmond,"Cappuccino Oatmeal Stout"
Dewey,Desmond,"Jalapeno Poppers"
Dewey,Desmond,Quesadillas
Diann,Earlene,"Raspberry Cream Ale"
Diann,Earlene,Zagorka
Dirk,Nestor,"Bud Light"
Dirk,Nestor,"Chicken Fingers"
Dominic,Ervin,"Buffalo Wings"
Dominick,Erma,"Special Brew"
Dominique,Vaughn,"Jalapeno Poppers"
Dona,Tommy,Beck’s
Dona,Tommy,"Elysian Brewing Company"
Donna,Emanuel,Belle
Donna,Emanuel,"Jalapeno Poppers"
Donna,Emanuel,"Schmidt’s Premium Beer"
Donny,Ben,Baltika
Doretha,Jim,"Stag Beer"
Doris,Becky,"Bread Sticks"
Douglas,Eliza,"Special Brew"
Earnest,Nadia,"Cheese Fries"
Earnest,Nadia,"Curly Fries"
Ed,Jess,"Chai Spiced Ale"
Eddie,Maryanne,"Chicken Sandwich"
Eddie,Maryanne,Chili
Eddy,Bette,"Cappuccino Oatmeal Stout"
Eddy,Bette,Pan
Edwardo,Queen,"Harvest Pumpkin Ale"
Eileen,Abby,Chernihivske
Eileen,Abby,"Labatt Family"
Elaine,Bryce,Budweiser
Elaine,Bryce,Reuben
Elba,Yolanda,Beck’s
Elba,Yolanda,"Blue Moon Grand Cru"
Elba,Yolanda,Leffe
Elias,Brent,"Goose Island Brewery"
Elise,Magdalena,"Grilled Cheese"
Elise,Magdalena,Reuben
Eliza,Brent,"Onion Rings"
Elliott,Gregory,Chili
Elliott,Gregory,"Pearl Lager Beer"
Elliott,Gregory,Pizza
Elsie,Mattie,"Gorkha Beer"
Elva,Tina,"French Fries"
Elvis,Ava,"Jalapeno Poppers"
Elvis,Jeri,Starobrno
Emanuel,Mara,Shenyang
Emerson,Frankie,Kronenbourg
Emery,Ervin,"Curly Fries"
Emery,Ervin,"Gingerbread Spiced Ale"
Emery,Ervin,Snow
Emma,Rafael,Beerlao
Emma,Rafael,"Stag Beer"
Enrique,Tasha,"Gingerbread Spiced Ale"
Enrique,Tasha,Quesadillas
Erica,Harlan,Star
Erik,Theresa,"Gingerbread Spiced Ale"
Erika,Clay,"French Fries"
Erika,Deann,"Harvest Pumpkin Ale"
Erika,Deann,"Heineken Lager Beer"
Erin,Norma,"Blackberry Tart Ale"
Erma,Stephan,Lav
Erma,Stephan,"Past Blue Ribbon"
Ernesto,Wilbert,"Chicken Wings"
Ernesto,Wilbert,"Elysian Brewing Company"
Ernesto,Wilbert,Star
Ernie,Lewis,"Chicken Wings"
Errol,George,Feldschlösschen
Essie,Erica,Beck’s
Essie,Erica,Cheeseburger
Essie,Erica,"Elephant Beer"
Ethan,Bryce,"House Salad"
Ethan,Bryce,"Jalapeno Poppers"
Ethan,Kathie,"Onion Rings"
Ethel,Brenda,Skol
Etta,Danny,"Cheese Fries"
Eugenia,Ora,"Cheese Fries"
Eula,Nadia,"Cheese Fries"
Evangelina,Ashleigh,"Chicken Sandwich"
Evangeline,Edythe,"Blue Sword"
Faith,Bernardo,Lav
Fannie,Katina,"Curly Fries"
Fay,Fannie,Belle
Fern,Dante,Beck’s
Fernando,Clarence,Beerlao
Fernando,Clarence,Reuben
Florence,Aubrey,"Chicken Sandwich"
Florence,Herman,"Cheese Fries"
Florence,Herman,"Cinnamon Horchata Ale"
Fran,Andrew,"National Bohemian Beer"
Fran,Doris,"Pearl Lager Beer"
Francine,Elise,Beerlao
Franklin,Williams,"Buffalo Wings"
Franklin,Williams,Reuben
Freddie,Louella,Skol
Freddie,Nelda,Busch
Freddie,Nelda,"Kokanee beers"
Frederic,Devon,Cheeseburger
Frederick,Mavis,"Grilled Cheese"
Frederick,Roxie,"Cheese Fries"
Gabriel,Gordon,Beck’s
Gabrielle,Darcy,Starobrno
Gabrielle,Jeanette,Jacobsen
Gabrielle,Jeanette,"White IPA"
Gail,Harriet,Lav
Gail,Harriet,"Newcastle Brown Ale"
Garland,Kurtis,"Blue Moon Pale Ale"
Garland,Kurtis,"Cheese Fries"
Garland,Kurtis,"Chicken Sandwich"
Garry,Dalton,"Harvest Pumpkin Ale"
Garry,Dalton,Reuben
Gary,Naomi,"Curly Fries"
Gene,Wilmer,"Chicken Fingers"
Gene,Wilmer,Reuben
Georgia,Camille,"Burger Sliders"
Gerald,Misty,Ochota
Gerard,Monique,"House Salad"
Geri,Wiley,"Burger Sliders"
Geri,Wiley,Chili
German,Jesus,"Grilled Cheese"
German,Jesus,Jacobsen
Gertrude,Ethel,Busch
Gertrude,Ethel,"Rounder Belgian"
Glen,Dudley,"Jalapeno Poppers"
Glen,Dudley,Murphy’s
Glenn,Lara,Budweiser
Glenn,Lara,"Mozzarella Sticks"
Graham,Kimberly,"Burger Sliders"
Graham,Pauline,Leffe
Graham,Pauline,"Pearl Lager Beer"
Graham,Pauline,Singo
Grant,Karin,"Buffalo Wings"
Grant,Karin,"Mozzarella Sticks"
Grant,Karin,Pan
Greg,Bennie,Chili
Greg,Bennie,"Valencia Amber Ale"
Greg,Elsie,Baltika
Greg,Elsie,"Curly Fries"
Gregory,Tracey,Starobrno
Grover,Mohammad,Beck’s
Gus,Bradley,Beck’s
Gus,Bradley,"White IPA"
Harriet,Emilia,"Colt 45"
Harris,Glenn,"Grilled Cheese"
Harvey,Rogelio,Cheeseburger
Heidi,Brent,Largo
Helena,Kathryn,"Golden Road"
Helene,Erick,"Belgian Table Pils"
Helene,Erick,"Past Blue Ribbon"
Helga,Otto,"Burger Sliders"
Helga,Otto,"Mountain Abbey Ale"
Helga,Otto,"Spiced Amber Ale"
Herman,Joseph,"Pearl Lager Beer"
Herman,Joseph,"Stella Artois"
Herman,Terence,Beck’s
Herminia,Bobbi,"Golden Road"
Herminia,Tamara,"Blue Moon Grand Cru"
Herminia,Tamara,Cheeseburger
Herminia,Tamara,"House Salad"
Hilda,Dominique,"Colt 45"
Hilda,Dominique,"Jalapeno Poppers"
Homer,Cory,Belle
Hope,Michelle,"Bread Sticks"
Houston,Andres,"Cocoa Brown Ale"
Hubert,Alyce,"Chicken Sandwich"
Hubert,Alyce,"Harvest Pumpkin Ale"
Humberto,Carlene,"Chicken Wings"
Hunter,Chelsea,Nachos
Hunter,Ronda,Carlsberg
Hunter,Ronda,Cheeseburger
Ilene,Kristie,Baltika
Ilene,Lance,"House Salad"
Ilene,Meghan,Beck’s
Ilene,Meghan,Nachos
Ilene,Meghan,"Newcastle Brown Ale"
Ina,Daryl,"Agave Nectar Ale"
Ina,Daryl,"Grilled Cheese"
Inez,Heidi,"Summer Honey Wheat Ale"
Irvin,Terri,Nachos
Irving,Jarrod,"Golden Road"
Isidro,Neva,"Schaefer Beer"
Isidro,Neva,"White IPA"
Issac,Eli,"Bud Light"
Issac,Eli,"Chicken Wings"
Issac,Eli,Grimbergen
Issac,Trina,Shenyang
Ivy,Lynda,"Jalapeno Poppers"
Jacklyn,Leila,Skol
Jacqueline,Britney,"Cheese Fries"
Jacqueline,Britney,Feldschlösschen
Jacqueline,Britney,"Past Blue Ribbon"
Jacquelyn,Michael,"Blue Moon Pale Ale"
Jacquelyn,Michael,"Burger Sliders"
Jacquelyn,Michael,Reuben
Jacques,Jesse,"Chai Spiced Ale"
Jake,Leticia,"Lakeport Brewing beer range"
Jamie,Denise,"Alexander Keith&#8217;s beer range"
Jane,Flora,Lav
Janette,Norbert,"Devils Backbone Brewing Company"
Janette,Norbert,"Summer Honey Wheat Ale"
Janie,Rafael,"House Salad"
Jannie,Arron,Brahma
Jarrod,Mitchell,Amstel
Jarrod,Mitchell,"Stag Beer"
Jarrod,Victoria,"Lakeport Brewing beer range"
Jarrod,Victoria,"Nut Brown Ale"
Jasmin,Tami,Bosman
Jasmin,Tami,"Bud Light"
Jasmine,Greg,"Dos Equis XX"
Jason,Marva,"Pearl Lager Beer"
Jason,Marva,Singo
Jason,Marva,"Valencia Amber Ale"
Jeanie,Janice,"Golden Road"
Jeannie,Rufus,Amstel
Jeannie,Rufus,"Cheese Fries"
Jeannie,Rufus,"Mozzarella Sticks"
Jeffry,Shanna,"Peanut Butter Ale"
Jeffry,Shanna,Reuben
Jeffry,Shanna,Shenyang
Jennie,Julia,"Peanut Butter Ale"
Jennie,Julia,Star
Jenny,Antonia,Cruzcampo
Jenny,Antonia,"Lone Star"
Jenny,Juliana,"Chicken Sandwich"
Jenny,Juliana,Chili
Jessica,Leola,"Alexander Keith&#8217;s beer range"
Jessica,Leola,"Cheese Fries"
Jessica,Leola,"Kokanee beers"
Jewel,Lillian,"Caramel Apple Spiced Ale"
Jewel,Lillian,"National Bohemian Beer"
Jill,Ernie,"Belgian Table Pils"
Jill,Ernie,"Mozzarella Sticks"
Jillian,Tori,"House Salad"
Jillian,Tori,Jacobsen
Joan,Dominic,Chernihivske
Joan,Dominic,"House Salad"
Joan,Luella,"Schaefer Beer"
Jodi,Herminia,"Buffalo Wings"
Jodi,Herminia,Reuben
Jody,Edythe,Belle
Joe,Therese,Bosman
Joe,Therese,Busch
Joe,Therese,"Raspberry Cream Ale"
Joey,Deborah,"Jalapeno Poppers"
Jolene,Kasey,Cruzcampo
Jolene,Kasey,"Grilled Cheese"
Jon,Anne,"Chicken Fingers"
Jonathan,Denice,Hamburger
Jonathan,Denice,"Sunshine Citrus Blonde"
Josie,Mayra,Cheeseburger
Julie,Abel,"House Salad"
Juliet,Brent,Quesadillas
Juliet,Ralph,"Burger Sliders"
Juliet,Ralph,Hamburger
Juliet,Zelda,Pan
June,Renae,"Curly Fries"
June,Renae,"Grilled Cheese"
June,Renae,"Nut Brown Ale"
June,Renae,Reuben
Karin,Cornell,"Cheese Fries"
Karla,Ross,"Blue Sword"
Kate,Rosemary,"Nut Brown Ale"
Katherine,Josh,"House Salad"
Katherine,Josh,Star
Kathi,Shawna,"Gorkha Beer"
Kathi,Shawna,"Newcastle Brown Ale"
Kathi,Shawna,"Past Blue Ribbon"
Kathi,Tori,Snow
Kathrine,Vance,Shenyang
Katrina,Elijah,"Alexander Keith&#8217;s beer range"
Katrina,Elijah,Zagorka
Kay,Della,"Curly Fries"
Keisha,Armand,"Curly Fries"
Keisha,Armand,"Elysian Brewing Company"
Keisha,Armand,"Spring Blonde Wheat Ale"
Keisha,Kimberly,"Bread Sticks"
Keisha,Kimberly,"Sunshine Citrus Blonde"
Keisha,Kimberly,"Valencia Amber Ale"
Keisha,Marian,"Curly Fries"
Kellie,Bradley,Budweiser
Kelsey,Garland,"Devils Backbone Brewing Company"
Kelsey,Garland,"Heineken Lager Beer"
Kelsey,Garland,Murphy’s
Kelsey,Rosalia,"Elephant Beer"
Kendrick,Christian,"Grilled Cheese"
Kevin,Bennie,Skol
Kim,Ann,"Chicken Wings"
Kimberlee,Leola,"Rounder Belgian"
Kimberley,Stephan,Corona
Kirby,Brandi,"Pearl Lager Beer"
Kirby,Brandi,Pizza
Kirsten,Paulette,Chili
Kirsten,Paulette,"Green Leaves"
Kitty,Lydia,"Chai Spiced Ale"
Kitty,Lydia,Largo
Kitty,Lydia,"Sunshine Citrus Blonde"
Kitty,Sharlene,Chili
Kristen,Patti,"Buffalo Wings"
Kristen,Patti,"Newcastle Brown Ale"
Kristin,Cherie,"Birra Moretti"
Kristopher,Christi,Corona
Kristopher,Jose,"Cheese Fries"
Lacy,Ana,"Harvest Pumpkin Ale"
Lacy,Ana,Nachos
Lamont,Timothy,"House Salad"
Lane,Adan,"Elysian Brewing Company"
Lara,Harley,"Agave Nectar Ale"
Lara,Harley,"Cinnamon Horchata Ale"
Lara,Harley,"Mozzarella Sticks"
Lara,Harley,"Sunshine Citrus Blonde"
Larry,Randall,"Labatt Family"
Larry,Randall,"White IPA"
Latoya,Lourdes,"Jalapeno Poppers"
Lauri,Juliet,Hamburger
Lawanda,Penelope,"Jalapeno Poppers"
Leanna,Juliet,"Onion Rings"
Leanne,Francesca,"Goose Island Brewery"
Leeann,Freida,"Onion Rings"
Leila,Joshua,"Chicken Wings"
Leila,Rosetta,"Mountain Abbey Ale"
Leonor,Tonya,"Birra Moretti"
Leonor,Tonya,"Blue Moon Pale Ale"
Leonor,Tonya,"Caramel Apple Spiced Ale"
Leonor,Tonya,"Cocoa Brown Ale"
Lester,Hunter,"Rounder Belgian"
Levi,Cory,"Rainer Beer"
Levi,Jodi,"Curly Fries"
Lewis,Elva,"House Salad"
Lewis,Elva,"Lakeport Brewing beer range"
Libby,Isaac,Jacobsen
Lilia,Gregorio,Largo
Lilia,Gregorio,"Stag Beer"
Lina,Guadalupe,"Cheese Fries"
Lina,Guadalupe,"Goose Island Brewery"
Linda,Rusty,"Grilled Cheese"
Lindsay,Brandon,Corona
Lisa,Ursula,"French Fries"
Lisa,Ursula,Pan
Liza,Glenda,"Devils Backbone Brewing Company"
Liza,Hope,Amstel
Lloyd,Rowena,BLT
Lola,Glenn,Busch
Lola,Glenn,"Elephant Beer"
Lola,Yesenia,"Bread Sticks"
Lonnie,Enrique,Cheeseburger
Lonnie,Zachary,"Raspberry Cream Ale"
Lorene,Abbie,Reuben
Lorene,Abbie,Shenyang
Lorene,Glenda,"Blue Moon Grand Cru"
Loretta,Reginald,"Onion Rings"
Lottie,Emerson,"Special Brew"
Lou,Vern,"Blue Moon Pale Ale"
Lou,Vern,"Blue Sword"
Lou,Vern,Cheeseburger
Lou,Vern,Ochota
Loyd,Becky,Brahma
Loyd,Becky,"French Fries"
Luann,Goldie,"Grilled Cheese"
Luann,Goldie,Kronenbourg
Lucas,Belinda,Cheeseburger
Lucas,Belinda,Chili
Lucas,Belinda,"Dos Equis XX"
Lyle,Virgil,Lav
Lyle,Virgil,"National Bohemian Beer"
Lynette,Houston,Brahma
Lynette,Houston,"House Salad"
Lynette,Houston,"Schaefer Beer"
Lynnette,Gabriela,Hoegaarden
Madeleine,Denny,"Heineken Lager Beer"
Madge,Angeline,"Chai Spiced Ale"
Madge,Angeline,Starobrno
Madge,Angeline,Zagorka
Malcolm,Kelley,"Goose Island Brewery"
Mamie,Cameron,"Cheese Fries"
Mamie,Cameron,"Special Brew"
Mandy,Kaitlyn,"Bread Sticks"
Mandy,Kaitlyn,Busch
Mandy,Kaitlyn,"Colt 45"
Manuela,Raymundo,"Chicken Fingers"
Marc,Jessie,"Labatt Family"
Marcia,Adrian,BLT
Marcia,Adrian,Cruzcampo
Marcia,Adrian,"Raspberry Cream Ale"
Marcie,Reba,Budweiser
Marcie,Reba,Cheeseburger
Marcie,Reba,Corona
Marcie,Reba,"Jalapeno Poppers"
Marco,Brian,Beerlao
Marco,Brian,Ochota
Marcos,Guadalupe,Grimbergen
Margaret,Isaac,"Buffalo Wings"
Margaret,Isaac,Stroh’s
Margret,Demetrius,Hamburger
Margret,Dirk,"Bread Sticks"
Margret,Dirk,Quesadillas
Mari,Chase,"Burger Sliders"
Mari,Chase,Largo
Maria,Stephen,Beerlao
Marietta,Tyson,"Chai Spiced Ale"
Marietta,Tyson,Nachos
Marisol,Wilda,Jacobsen
Marjorie,Chrystal,Chernihivske
Marjorie,Chrystal,"Cinnamon Horchata Ale"
Marjorie,Chrystal,"Golden Road"
Marquita,Jermaine,Beck’s
Marquita,Jermaine,"Chicken Wings"
Marquita,Jermaine,Skol
Marshall,Pasquale,Hoegaarden
Marshall,Pasquale,Nachos
Marty,Mara,Pan
Marty,Ralph,"Bud Light"
Maryann,Annmarie,"Buffalo Wings"
Maryanne,Veronica,"Caramel Apple Spiced Ale"
Maryanne,Veronica,"Gingerbread Spiced Ale"
Mason,Mara,"Buffalo Wings"
Mason,Mara,"French Fries"
Mathew,Sergio,Brahma
Matt,Don,"Blue Moon Grand Cru"
Matt,Don,Chili
Matthew,Veronica,"House Salad"
Mauricio,Shawna,1664
Mauricio,Shawna,"Newcastle Brown Ale"
Max,Lane,"Elephant Beer"
Max,Lane,"Past Blue Ribbon"
Maxwell,Glenda,"Agave Nectar Ale"
Maxwell,Glenda,Jacobsen
Maxwell,Norbert,"Elephant Beer"
Maxwell,Ora,"Raspberry Cream Ale"
Maxwell,Ruben,Cheeseburger
Maxwell,Ruben,Kronenbourg
Maxwell,Ruben,"Mozzarella Sticks"
Maxwell,Ruben,Starobrno
May,Alonzo,"Chicken Fingers"
May,Alonzo,Quesadillas
Mayra,Michelle,"Raspberry Cream Ale"
Meagan,Ava,"Chicken Sandwich"
Meagan,Ava,Leffe
Meghan,Cleo,"Chicken Fingers"
Meghan,Theron,"Cheese Fries"
Melba,Adriana,Jacobsen
Melinda,Isabella,Stroh’s
Melisa,Kimberly,Reuben
Mellisa,Samuel,Belle
Mellisa,Samuel,Largo
Melody,Amanda,"Bread Sticks"
Melody,Amanda,Leffe
Meredith,Faye,"Rainer Beer"
Michael,Ramiro,Cheeseburger
Michael,Ramiro,"Spiced Amber Ale"
Michael,Tammie,"Agave Nectar Ale"
Mike,Gretchen,Singo
Miles,Terra,"Cheese Fries"
Millicent,Berta,"Farmhouse Red Ale"
Mina,Marisa,"Special Brew"
Mindy,Wendi,"House Salad"
Mindy,Wendi,"Past Blue Ribbon"
Minnie,Brent,"Buffalo Wings"
Mohammad,Emilie,"Jalapeno Poppers"
Mona,Quinton,"White IPA"
Monika,Alice,Star
Monique,Agustin,"Blue Sword"
Monique,Agustin,"Stag Beer"
Monty,Charmaine,"Alexander Keith&#8217;s beer range"
Monty,Charmaine,"Chai Spiced Ale"
Monty,Charmaine,"Cinnamon Horchata Ale"
Monty,Jeannette,Hamburger
Monty,Jeannette,Lav
Morgan,Ashlee,"Lone Star"
Morgan,Ashlee,Quesadillas
Morris,Hallie,Cruzcampo
Morris,Hallie,Pizza
Morris,Hallie,"Rounder Belgian"
Muriel,Myrna,"Caramel Apple Spiced Ale"
Muriel,Myrna,"Curly Fries"
Murray,Christa,"Rainer Beer"
Nadia,Sarah,"Blue Moon Grand Cru"
Nan,Roland,"Stella Artois"
Nannie,Nicolas,Nachos
Natalia,Adrienne,Reuben
Natalia,Peggy,"Buffalo Wings"
Natasha,Cruz,"Goose Island Brewery"
Nathaniel,Betty,"Curly Fries"
Nathaniel,Betty,"Jalapeno Poppers"
Nathaniel,Betty,Pizza
Neal,Minnie,"Kokanee beers"
Neal,Minnie,"Spiced Amber Ale"
Nelda,Viola,"Cocoa Brown Ale"
Nell,Rita,"Spiced Amber Ale"
Nellie,Fern,"Goose Island Brewery"
Nellie,Fern,"Green Leaves"
Nellie,Fern,Lav
Nichole,Chase,"National Bohemian Beer"
Nicolas,Bridget,Kronenbourg
Nicolas,Bridget,Reuben
Nicolas,Gerard,"Peanut Butter Ale"
Nicole,Harlan,"White IPA"
Nina,Susie,Ochota
Noah,Brittney,"Birra Moretti"
Noah,Brittney,Feldschlösschen
Noel,Betty,"House Salad"
Noel,Betty,"National Bohemian Beer"
Nora,Aileen,"Elephant Beer"
Norbert,Madeleine,"French Fries"
Numbers,Mildred,"Bud Light"
Numbers,Neil,Lav
Odell,Earline,BLT
Oliver,Rocio,Murphy’s
Oliver,Rocio,"National Bohemian Beer"
Omar,Jorge,BLT
Omar,Jorge,Pizza
Omar,Paige,Beck’s
Omar,Paige,Grimbergen
Ophelia,Abigail,"Cheese Fries"
Ophelia,Abigail,Cheeseburger
Ora,Claude,"Summer Honey Wheat Ale"
Pansy,Everett,Brahma
Pansy,Everett,Nachos
Pasquale,Marisol,Star
Pat,Harry,"French Fries"
Pat,Harry,Murphy’s
Patricia,Genevieve,"Bud Light"
Patricia,Genevieve,"Chicken Sandwich"
Patricia,Genevieve,"Curly Fries"
Patricia,Genevieve,"Summer Honey Wheat Ale"
Patti,Greta,"Nut Brown Ale"
Paul,Lilly,"French Fries"
Pearlie,Isaac,Belle
Pearlie,Isaac,"White IPA"
Percy,Nora,Hamburger
Peter,Nellie,Stroh’s
Petra,Imelda,Busch
Petra,Imelda,"Four Peaks"
Petra,Imelda,"Mozzarella Sticks"
Petra,Manuel,"Jalapeno Poppers"
Phyllis,Roscoe,Jacobsen
Phyllis,Roscoe,"Spring Blonde Wheat Ale"
Polly,Bridgette,Cruzcampo
Polly,Mark,"Birra Moretti"
Polly,Mark,"Four Peaks"
Quincy,Max,"Chicken Fingers"
Quincy,Max,"House Salad"
Quincy,Max,Pan
Rae,Janice,"Cheese Fries"
Rae,Janice,"Newcastle Brown Ale"
Rae,Sherman,"Buffalo Wings"
Rae,Sherman,"Cinnamon Horchata Ale"
Rae,Sherman,Leffe
Ralph,Marvin,"Mozzarella Sticks"
Randal,Alice,Brahma
Randal,Alice,"Mozzarella Sticks"
Raymundo,Leola,"Dos Equis XX"
Raymundo,Lola,Belle
Raymundo,Lola,Chili
Rebecca,Ron,"Elysian Brewing Company"
Rebecca,Ron,"Farmhouse Red Ale"
Reed,Dwayne,Bosman
Reed,Dwayne,"Jalapeno Poppers"
Reed,Dwayne,"Schaefer Beer"
Reed,Marisa,"Elysian Brewing Company"
Regina,Carol,Busch
Renae,Justina,Beerlao
Rene,John,Beerlao
Reva,Hubert,"Golden Road"
Reva,Hubert,Nachos
Reva,Margo,"Cappuccino Oatmeal Stout"
Reyna,Blair,"Chicken Fingers"
Rhonda,Bridget,"Burger Sliders"
Rhonda,Bridget,"Cocoa Brown Ale"
Rhonda,Marco,Beerlao
Ricardo,Alejandra,"Kokanee beers"
Ricardo,Alejandra,Quesadillas
Rick,Monroe,"Summer Honey Wheat Ale"
Rickey,Elias,"French Fries"
Rickey,Elias,Leffe
Rickey,Noemi,"Golden Road"
Robby,Agnes,1664
Robby,Agnes,Cheeseburger
Roberta,Humberto,"Blue Moon Grand Cru"
Roberto,Kaitlin,"Birra Moretti"
Roberto,Kaitlin,Busch
Rochelle,Denis,"Elephant Beer"
Rod,Marcos,BLT
Rod,Marcos,"Buffalo Wings"
Rod,Yvonne,"Mozzarella Sticks"
Roderick,Warren,"Bread Sticks"
Ron,Maura,Hamburger
Roosevelt,Kaitlin,"Buffalo Wings"
Roosevelt,Kaitlin,"Stella Artois"
Rosa,Tracey,"French Fries"
Rosalie,Kristen,"Birra Moretti"
Rosalie,Kristen,"Rounder Belgian"
Roscoe,Kay,"Birra Moretti"
Roscoe,Kay,"Onion Rings"
Rose,Peggy,"Rounder Belgian"
Roseann,Malinda,"Curly Fries"
Roseann,Malinda,Pizza
Rosella,Carly,"Cocoa Brown Ale"
Rosella,Carly,"Onion Rings"
Rosemarie,Clement,Hamburger
Roslyn,Ernie,"Cheese Fries"
Roxanne,Suzanne,"Goose Island Brewery"
Roxie,Christy,"Elephant Beer"
Roxie,Christy,"Mozzarella Sticks"
Ruben,Corrine,Chili
Ruby,Gerardo,"Karbach Brewing Company"
Rudolph,Jeanine,"Dos Equis XX"
Rudy,Hollis,Budweiser
Rufus,Carlos,"Colt 45"
Ruth,Glenda,Shenyang
Samantha,Alicia,"Burger Sliders"
Samantha,Alicia,Lav
Samantha,Alicia,"National Bohemian Beer"
Samantha,Jolene,Jacobsen
Samantha,Jolene,Reuben
Samuel,Inez,Ochota
Samuel,Inez,Zagorka
Sasha,Cary,Belle
Sasha,Cary,"Spring Blonde Wheat Ale"
Saul,Garland,"Goose Island Brewery"
Selena,Helga,"Harvest Pumpkin Ale"
Selena,Helga,Leffe
Selma,Bradley,"Past Blue Ribbon"
Selma,Velma,"Newcastle Brown Ale"
Sergio,Dona,1664
Sergio,Dona,"Onion Rings"
Shana,Rosalie,"Elysian Brewing Company"
Shawn,Andrea,"Cheese Fries"
Shawn,Andrea,Hamburger
Shawna,Keith,"Harvest Pumpkin Ale"
Sheila,Alisa,"Heineken Lager Beer"
Shelley,Jewel,"Lone Star"
Shelly,Roman,"Colt 45"
Shelly,Roman,"Heineken Lager Beer"
Sherry,Junior,Nachos
Sherry,Junior,Snow
Sherry,Lidia,Baltika
Sherry,Lidia,"Bread Sticks"
Sherry,Lidia,Quesadillas
Shirley,Peter,"Bud Light"
Sidney,Alexis,Baltika
Sidney,Alexis,Starobrno
Silas,Pearl,Nachos
Son,Janell,"Karbach Brewing Company"
Sondra,Williams,"Blue Moon"
Sondra,Williams,"Elephant Beer"
Stacey,Armand,"Chicken Sandwich"
Stacey,Armand,"Kokanee beers"
Stacie,Shelton,Huadan
Stanley,Roscoe,Huadan
Stella,Sofia,"Past Blue Ribbon"
Stephan,Harriet,"French Fries"
Stephan,Harriet,Nachos
Stephan,Muriel,BLT
Stephan,Nickolas,"Cheese Fries"
Stephan,Nickolas,"Newcastle Brown Ale"
Stephan,Nickolas,Quesadillas
Sterling,Gwendolyn,"Chicken Fingers"
Steve,Lillian,Leffe
Steve,Lillian,Pizza
Steve,Lillian,"Valencia Amber Ale"
Steve,Rachael,"Lone Star"
Steve,Willie,"Blue Moon Pale Ale"
Steve,Willie,"Burger Sliders"
Steve,Willie,"House Salad"
Steven,Pat,Starobrno
Stewart,Phoebe,"Cinnamon Horchata Ale"
Susan,Ramiro,"Jalapeno Poppers"
Suzanne,Will,"Schmidt’s Premium Beer"
Tabatha,Goldie,"Schmidt’s Premium Beer"
Tameka,Billie,Reuben
Tamika,Carole,"Chicken Sandwich"
Tamika,Carole,"Goose Island Brewery"
Tammi,Marie,Chili
Tammi,Marie,"Cocoa Brown Ale"
Tania,Jerry,"Onion Rings"
Tanya,Alicia,Beerlao
Tanya,Alicia,Zagorka
Tanya,Margie,"Labatt Family"
Tanya,Margie,"Stella Artois"
Tara,Arturo,"Farmhouse Red Ale"
Taylor,Jamal,"Gorkha Beer"
Taylor,Jamal,"Spiced Amber Ale"
Taylor,Martina,"House Salad"
Taylor,Martina,Kronenbourg
Teddy,Louella,"Chicken Wings"
Teri,Elizabeth,"Lakeport Brewing beer range"
Terrance,Bill,"Burger Sliders"
Terrance,Bill,"Summer Honey Wheat Ale"
Terrell,Donald,Corona
Terrell,Donald,Star
Terrell,Sondra,"Burger Sliders"
Terrell,Sondra,Hamburger
Thelma,Autumn,"Chicken Fingers"
Therese,Nicolas,"Agave Nectar Ale"
Therese,Nicolas,Shenyang
Therese,Nicolas,"Spiced Amber Ale"
Thurman,Galen,"Raspberry Cream Ale"
Tia,Laurence,"Chicken Wings"
Tia,Laurence,"Green Leaves"
Tia,Morgan,"Mountain Abbey Ale"
Tiffany,Pamala,Shenyang
Timmy,Janis,"Blue Moon Grand Cru"
Timothy,Vaughn,"Chicken Sandwich"
Timothy,Vaughn,"Harvest Pumpkin Ale"
Tomas,Tania,"Chicken Wings"
Tomas,Tania,"Gorkha Beer"
Toni,Maureen,Cheeseburger
Toni,Maureen,"Chicken Fingers"
Tonia,Corinne,Reuben
Tonia,Corinne,"Spiced Amber Ale"
Tonia,Melissa,"Agave Nectar Ale"
Tonia,Melissa,"Kokanee beers"
Tonia,Melissa,"Mozzarella Sticks"
Tonia,Nadine,"Elephant Beer"
Tonia,Nadine,"Sunshine Citrus Blonde"
Traci,Antoinette,"Chicken Sandwich"
Traci,Antoinette,"Elephant Beer"
Traci,Antoinette,Grimbergen
Tracie,Isabella,Chili
Tracie,Isabella,"Rounder Belgian"
Trevor,Donny,"Cheese Fries"
Trina,Andre,"Cinnamon Horchata Ale"
Trina,Andre,Cruzcampo
Trina,Andre,Zagorka
Trina,Marcella,"Green Leaves"
Truman,Jerry,Stroh’s
Twila,Dona,"Bud Light"
Tyler,Marlon,Brahma
Tyrone,Lara,"Chicken Sandwich"
Tyrone,Lara,Pizza
Tyrone,Morris,"Rounder Belgian"
Ulysses,Ginger,Chernihivske
Ulysses,Ginger,Chili
Ursula,Jorge,Quesadillas
Ursula,Jorge,Shenyang
Ursula,Jorge,Starobrno
Valarie,Iva,Feldschlösschen
Valarie,Iva,"Past Blue Ribbon"
Valeria,Clayton,Nachos
Valeria,Melva,"Blue Sword"
Valeria,Melva,"Elysian Brewing Company"
Valerie,Denise,Belle
Vern,Winston,Jacobsen
Veronica,Tami,Belle
Vickie,Earline,Leffe
Vilma,Kay,"House Salad"
Virgil,Santiago,"Mozzarella Sticks"
Virginia,Stacey,"Past Blue Ribbon"
Vito,Christina,Snow
Vito,Dorthy,"Chicken Fingers"
Vito,Leigh,Reuben
Vivian,Brad,"Buffalo Wings"
Vivian,Brad,"Burger Sliders"
Vivian,Jana,"Sunshine Citrus Blonde"
Wallace,Pat,"Labatt Family"
Wallace,Pat,"Valencia Amber Ale"
Walter,Rosa,Skol
Wendell,Carolyn,1664
Wendell,Carolyn,Chernihivske
Wendell,Carolyn,"Jalapeno Poppers"
Wendy,Stephen,"Buffalo Wings"
Wendy,Stephen,"Cinnamon Horchata Ale"
Wendy,Stephen,"Gingerbread Spiced Ale"
Wilbur,Margarita,BLT
Wilbur,Nick,"Bread Sticks"
Wilbur,Nick,Huadan
Wiley,Irma,Busch
Wiley,Irma,Leffe
Wilfred,Ramona,"Cinnamon Horchata Ale"
Willis,Florence,"Chicken Fingers"
Willis,Tamara,"Chicken Wings"
Wilmer,Allyson,"Jalapeno Poppers"
Winfred,Amparo,"Rounder Belgian"
Winston,Lillian,Beck’s
Winston,Lillian,Hamburger
Young,Ellis,"Gingerbread Spiced Ale"
Young,Ellis,"House Salad"
Young,Ellis,"Spiced Amber Ale"
Young,Vanessa,Busch
Young,Vanessa,Reuben
Young,Vanessa,"Stag Beer"
Yvette,Lourdes,Largo
Zachary,Mark,"Goose Island Brewery"
Zachary,Mark,"Spring Blonde Wheat Ale"
Zachery,Hillary,Nachos
