first_name,last_name,city,phone
Antony,Lewis,"Fort Lee",201-015-8031
Eula,Nadia,"Fort Lee",201-022-9132
Clayton,Flossie,Hoboken,201-024-7837
Rudolph,Jeanine,"North Bergen",201-038-4243
Britney,Cary,Teaneck,201-045-4003
Shelton,Erin,"North Bergen",201-078-0346
Beatrice,Alejandra,Teaneck,201-084-2395
Billie,Beau,"West New York",201-099-6799
Malcolm,Rickie,Hoboken,201-100-2171
Ophelia,Abigail,Hoboken,201-123-2523
German,Jesus,Hoboken,201-142-2667
Helena,Sammy,"Fort Lee",201-160-9957
Vicente,Carmella,"North Bergen",201-175-3996
Frederick,Roxie,"West New York",201-181-0985
Petra,Imelda,"North Bergen",201-184-8131
Herminia,Erica,"Fort Lee",201-187-1855
Bertha,Luella,"North Bergen",201-208-7120
Lewis,Elva,"North Bergen",201-212-7786
Victoria,Nina,"West New York",201-214-3907
Natalia,Adrienne,Teaneck,201-248-6723
Graciela,Shana,"West New York",201-250-7185
Cleo,Hubert,Teaneck,201-259-1829
Booker,Tomas,"North Bergen",201-266-7714
Katrina,Elijah,"North Bergen",201-274-4048
Issac,Jerome,Hoboken,201-275-1747
Colby,Hillary,Hoboken,201-299-0886
Eve,Aileen,"Fort Lee",201-304-3030
Shaun,Carly,"West New York",201-312-8161
Daniel,Edythe,"West New York",201-330-3646
Minnie,Mable,Teaneck,201-331-3784
Lawanda,Penelope,"Fort Lee",201-334-3015
Ida,Frank,Hoboken,201-338-3183
Angelo,Noelle,Teaneck,201-345-6240
Ethan,Kathie,"West New York",201-348-0315
Jenny,Raul,"West New York",201-355-5893
Nicole,Harlan,"Fort Lee",201-359-9417
Caitlin,Alfredo,Teaneck,201-371-2655
Sophie,Lois,Teaneck,201-373-8352
Luann,Brittney,"North Bergen",201-374-0290
Gregorio,Terra,Hoboken,201-376-1421
Tia,Morgan,Hoboken,201-377-1770
Sherry,Junior,"North Bergen",201-397-6688
Grover,Mohammad,"North Bergen",201-400-9900
Meghan,Theron,Teaneck,201-402-0319
Rochelle,Denis,"North Bergen",201-407-3671
Benito,Lilian,"North Bergen",201-415-4150
Denise,Wilfred,Teaneck,201-429-0832
Young,Vanessa,Teaneck,201-432-7834
Alfreda,Sean,"North Bergen",201-434-1147
Lucas,Belinda,"West New York",201-437-4420
Monique,Austin,"West New York",201-444-4594
Helen,Crystal,"Fort Lee",201-449-8901
Archie,Gus,"Fort Lee",201-463-9508
Socorro,Emilia,Teaneck,201-482-6407
Calvin,Bradley,"North Bergen",201-483-9890
Valarie,Iva,"North Bergen",201-485-4110
Alyce,Ada,"Fort Lee",201-499-4318
Colette,Nancy,Teaneck,201-504-6843
Derick,Eldon,Teaneck,201-506-9321
Sandy,Julian,"West New York",201-509-0038
Roslyn,Ernie,Teaneck,201-527-8852
Peter,Nellie,"North Bergen",201-528-8519
Juliet,Brent,Hoboken,201-532-0339
Nicholas,Augusta,"Fort Lee",201-535-4734
Grady,Bryce,Hoboken,201-536-1693
Melba,Adriana,Hoboken,201-541-4042
Quincy,Max,"West New York",201-544-1936
Troy,Rita,Teaneck,201-551-3514
Michael,Tammie,Hoboken,201-552-0042
Frankie,Carmella,"West New York",201-561-4998
Pasquale,Marisol,"West New York",201-573-4173
Franklin,Elwood,Hoboken,201-579-9496
Elaine,Bryce,"Fort Lee",201-585-0923
Lenora,Jan,"Fort Lee",201-591-8909
Hans,Sherri,Hoboken,201-593-8394
Jake,Leticia,"West New York",201-595-9786
Charmaine,Thaddeus,Hoboken,201-599-0562
Josie,Roosevelt,Teaneck,201-621-4209
Christine,Anna,"North Bergen",201-624-4971
Vivian,Brad,Hoboken,201-644-8903
Tyrone,Morris,Hoboken,201-645-8537
Walter,Rosa,Teaneck,201-650-1665
Abbie,Ward,"North Bergen",201-664-3338
Roberto,Kaitlin,"Fort Lee",201-682-7336
Cecilia,Courtney,Teaneck,201-688-6992
Tyler,Marlon,Hoboken,201-699-0908
Hung,Harry,"West New York",201-711-0676
Marvin,Avery,"West New York",201-713-3340
Erica,Harlan,"Fort Lee",201-721-5533
Leanne,Francesca,Hoboken,201-733-8140
Vicente,Jasmine,"Fort Lee",201-737-5579
Christina,Carolyn,Hoboken,201-739-9974
Gayla,Damon,Teaneck,201-748-4438
Maryann,Annmarie,Teaneck,201-760-9527
Eduardo,Garry,"North Bergen",201-781-3206
Reyna,Blair,"Fort Lee",201-783-1061
Tomas,Tania,"Fort Lee",201-786-4428
Harris,Glenn,"Fort Lee",201-787-1107
Marguerite,Shelley,Teaneck,201-809-8142
Joan,Dominic,Hoboken,201-815-7359
Trevor,Alyson,"West New York",201-823-2964
Tamera,Sean,"Fort Lee",201-834-0635
Dena,Ross,Teaneck,201-837-6170
Cornell,Lakeisha,Hoboken,201-837-7285
Brain,Leeann,"North Bergen",201-842-9257
Kristopher,Christi,"North Bergen",201-853-2709
Lesley,Catherine,"Fort Lee",201-858-4720
Omar,Paige,"North Bergen",201-859-0603
Rosalie,Kristen,Teaneck,201-861-0730
Betty,Camille,"North Bergen",201-867-4474
Jeanette,Hans,Teaneck,201-875-6938
Irvin,Terri,"West New York",201-879-4724
Stacie,Shelton,"Fort Lee",201-883-1237
Roy,Maxwell,Teaneck,201-891-2573
Ulysses,Ginger,"Fort Lee",201-911-2722
Devon,Kermit,Teaneck,201-917-5728
Greg,Elsie,"West New York",201-931-1330
Hollis,Bessie,"North Bergen",201-942-5852
Odell,Earline,"North Bergen",201-956-3253
Andre,Rosalinda,"North Bergen",201-958-9397
Carl,Kenya,"North Bergen",201-966-5014
Wilbur,Nick,"Fort Lee",201-984-4729
Monty,Charmaine,"Fort Lee",201-993-6863
Renae,Justina,Lakewood,303-010-9954
Rosella,Carly,Lakewood,303-053-5792
Fern,Dante,Lakewood,303-214-5103
Alexis,Geri,Lakewood,303-262-6847
Abby,Merlin,Lakewood,303-463-2447
Irving,Jarrod,Lakewood,303-464-9929
Frederick,Clifton,Lakewood,303-530-9772
Hope,Michelle,Lakewood,303-581-5972
Rod,Marcos,Lakewood,303-620-7962
Bobbi,Anna,Lakewood,303-626-2069
Maricela,Sharon,Lakewood,303-656-4039
Mindy,Wendi,Lakewood,303-676-9997
Virgil,Santiago,Lakewood,303-724-7307
Bonita,Reva,Lakewood,303-818-7298
Kathi,Shawna,Lakewood,303-830-7262
Leanne,Deann,Lakewood,303-887-8281
Christa,Marsha,Lakewood,303-961-7116
Forrest,Eva,"Fair Lawn",551-005-6941
Harley,Hillary,Kearny,551-006-5443
Rae,Sherman,Bayonne,551-007-4196
Steven,Pat,Bayonne,551-016-7859
Iris,Gina,"Jersey City",551-021-2216
Jaime,David,Kearny,551-025-0745
Ali,Rocky,"Fair Lawn",551-028-2530
Gregory,Tracey,Bayonne,551-033-1180
Agustin,Darryl,Kearny,551-037-9813
Carrie,Frankie,Kearny,551-046-9064
Georgina,Janell,Bayonne,551-058-3289
Reva,Margo,"Jersey City",551-062-2192
Manuela,Raymundo,"Jersey City",551-069-0357
Reba,Dominic,"Fair Lawn",551-069-1743
Mason,Mara,"Fair Lawn",551-076-0672
Erick,Monte,"Fair Lawn",551-080-9526
Alyssa,Dona,"Jersey City",551-082-7545
Ray,Wilfred,"Jersey City",551-085-4200
Louis,Odessa,"Union City",551-093-8784
Anne,Tracey,"Jersey City",551-093-9999
Glenn,Lara,Bayonne,551-094-9217
Ernest,Lynnette,Kearny,551-096-4662
Graciela,Albert,"Union City",551-096-9992
Maureen,Lydia,Hackensack,551-106-2493
Charlotte,Bill,"Jersey City",551-116-4003
Sherry,Gilda,Hackensack,551-117-6967
Jasmine,Greg,"Fair Lawn",551-120-3579
Elvis,Jeri,Bayonne,551-122-5342
Adrienne,Johnnie,"Jersey City",551-138-4458
Pat,Harry,"Jersey City",551-141-2571
Matt,Don,"Jersey City",551-156-0389
Lloyd,Rowena,Bayonne,551-170-7793
Timmy,Janis,Hackensack,551-174-6736
Nicolas,Bridget,Bayonne,551-189-9778
Patti,Greta,"Jersey City",551-192-6893
Dona,Tommy,"Fair Lawn",551-204-3925
Nina,Laurie,"Union City",551-212-8208
Vincent,Lucile,Hackensack,551-223-7904
Kelsey,Garland,"Union City",551-224-0280
Helga,Otto,Kearny,551-234-6688
Amelia,Marshall,Hackensack,551-237-3760
Tamara,Marty,Kearny,551-240-1625
Lillian,Lorrie,Bayonne,551-244-8939
Pamala,Lelia,Hackensack,551-246-3636
Deidra,Velma,Kearny,551-255-7726
Melinda,Isabella,"Jersey City",551-266-2134
Rudy,Hollis,Bayonne,551-280-0792
Kitty,Sharlene,Kearny,551-280-6920
Hal,Nanette,Hackensack,551-281-8080
Paula,Gregg,Bayonne,551-282-0806
Darrin,Deana,Hackensack,551-286-0580
Graham,Kimberly,"Union City",551-301-2057
Maxwell,Glenda,Bayonne,551-302-0827
Hazel,Anita,"Union City",551-312-3889
Gerald,Misty,"Fair Lawn",551-316-3729
Joey,Deborah,Hackensack,551-331-2226
Freddie,Nelda,"Fair Lawn",551-334-4121
Tyrone,Lara,Kearny,551-337-1909
Teri,Elizabeth,"Jersey City",551-339-7673
Stanley,Roscoe,Bayonne,551-341-8670
Samuel,Inez,"Jersey City",551-347-0561
Emery,Ervin,"Fair Lawn",551-372-0492
Christa,Blair,"Union City",551-390-6182
Samantha,Jolene,"Union City",551-392-7192
Lonnie,Zachary,Hackensack,551-393-9537
Matthew,Tami,"Fair Lawn",551-396-4517
Bianca,Santiago,"Fair Lawn",551-400-4721
Damien,Elda,Kearny,551-401-7721
Frederic,Devon,Hackensack,551-422-7615
Barbara,Norbert,Hackensack,551-426-2644
Armand,Holly,Kearny,551-426-6219
Lara,Harley,"Fair Lawn",551-430-3757
Ursula,Hal,"Jersey City",551-431-2715
Freddie,Louella,Bayonne,551-435-4967
Helene,Erick,"Jersey City",551-436-0082
Allison,Devin,"Union City",551-436-5695
Vito,Leigh,Kearny,551-439-4232
Evangelina,Ashleigh,Kearny,551-458-4054
Denice,Blaine,"Union City",551-458-5393
Liza,Glenda,"Fair Lawn",551-468-8887
Lina,Brent,"Fair Lawn",551-471-9249
Kevin,Bennie,Bayonne,551-475-1087
Earlene,Ronnie,"Fair Lawn",551-476-1760
Mina,Marisa,"Fair Lawn",551-486-2835
Franklin,Williams,Kearny,551-489-1430
Nathan,Annette,Bayonne,551-489-6606
Selena,Helga,Bayonne,551-491-8443
Elliott,Gregory,"Union City",551-492-8966
Jasmin,Tami,"Union City",551-499-0527
Harvey,Rogelio,"Fair Lawn",551-506-3189
Garry,Dalton,"Fair Lawn",551-509-1591
Tamika,Carole,Hackensack,551-516-6686
Felix,Heath,"Fair Lawn",551-518-1029
Rick,Monroe,Hackensack,551-521-4291
Elise,Viola,"Fair Lawn",551-521-7399
Ivan,Rowena,"Fair Lawn",551-523-4218
Lilia,Gregorio,"Union City",551-533-3274
Rose,Peggy,Kearny,551-533-7995
Randal,Alice,Kearny,551-534-2280
Desmond,Dexter,Hackensack,551-559-5885
Arthur,Melanie,"Fair Lawn",551-560-6395
Fletcher,Zelda,"Union City",551-561-6867
Arlene,Nettie,"Fair Lawn",551-563-7248
Clint,Frances,Kearny,551-567-2397
May,Alonzo,"Union City",551-572-1614
Reed,Pat,"Jersey City",551-573-4276
Philip,Alissa,"Fair Lawn",551-588-1004
Dominic,Ervin,"Jersey City",551-598-9830
Doretha,Jim,"Fair Lawn",551-607-0121
Oliver,Rocio,Bayonne,551-619-3646
Essie,Erica,Bayonne,551-620-5042
Erin,Norma,"Fair Lawn",551-660-9809
Amanda,Marcelino,"Jersey City",551-662-2325
Alissa,Dante,Hackensack,551-664-5407
Wiley,Irma,Hackensack,551-664-8961
Hazel,Andy,"Jersey City",551-670-2513
Glen,Dudley,Bayonne,551-679-5552
Peter,Misty,Bayonne,551-694-7230
Errol,George,Kearny,551-706-9250
Jill,Ernie,Kearny,551-713-9906
Blake,Erwin,Kearny,551-714-2069
Chelsea,Wilson,Bayonne,551-726-4112
Marcie,Reba,Hackensack,551-733-1164
Greg,Bennie,Hackensack,551-749-9929
Gail,Harriet,"Jersey City",551-750-3484
Terrell,Donald,"Jersey City",551-753-8996
Olivia,Jasmin,Hackensack,551-761-7377
Freda,Martin,Kearny,551-769-7808
Harrison,Randy,Kearny,551-771-9422
Jenny,Antonia,"Union City",551-773-5845
Ina,Daryl,"Jersey City",551-778-8595
Diann,Earlene,Hackensack,551-788-1373
Alexandria,Allie,"Jersey City",551-792-1303
Herman,Terence,"Fair Lawn",551-800-6739
Shawna,Keith,"Union City",551-826-5147
Rufus,Carlos,"Union City",551-829-0709
Nelda,Viola,"Union City",551-830-2365
Bernadine,Wilma,Hackensack,551-832-5177
Toni,Maureen,"Jersey City",551-834-1876
Ilene,Lance,Kearny,551-841-8343
Lilia,Elizabeth,Bayonne,551-849-5598
Jacques,Jesse,Hackensack,551-851-8539
Roseann,Malinda,"Fair Lawn",551-854-3187
Steve,Lillian,"Jersey City",551-856-6252
Kelsey,Jimmy,"Jersey City",551-857-4362
Mandy,Kaitlyn,Hackensack,551-880-5620
Cecil,Danial,"Fair Lawn",551-882-0537
Valarie,Anastasia,"Fair Lawn",551-884-9863
Gus,Bradley,Hackensack,551-886-7287
Twila,Dona,"Fair Lawn",551-898-3284
Jeanette,Felecia,"Union City",551-918-6718
Meredith,Faye,"Union City",551-927-0386
Myrna,Jill,Bayonne,551-929-6145
Vito,Dorthy,"Union City",551-930-4334
Dominick,Carlton,Hackensack,551-932-7298
Ivy,Oscar,Hackensack,551-942-3342
Cliff,Michele,Hackensack,551-947-4158
Danny,Tiffany,Hackensack,551-949-8121
Buford,Ellen,Kearny,551-957-5172
Anna,Ernestine,"Union City",551-962-0025
Florence,Aubrey,Kearny,551-966-5192
Jillian,Tori,Bayonne,551-967-1536
Winston,Lillian,"Union City",551-973-6937
Avis,Jimmie,Hackensack,551-976-4387
Ruben,Corrine,Kearny,551-986-0684
Gene,Wilmer,Kearny,551-988-4107
Marty,Mara,"Jersey City",551-989-6885
Taylor,Jamal,Kearny,551-993-4666
Erna,Emery,"Jersey City",551-996-4468
Saul,Danielle,Bayonne,551-998-6868
Concepcion,Ricky,Vineland,609-006-2818
Vilma,Kay,"Atlantic City",609-009-4607
Shelly,Roman,Trenton,609-019-2420
Jefferson,Lolita,Trenton,609-023-0391
Kara,Jodi,Vineland,609-035-7295
Mayra,Michelle,Vineland,609-044-1742
Alta,Lester,Camden,609-051-7514
Frieda,Sheldon,Camden,609-052-7697
Cherry,Francisca,"Atlantic City",609-059-6658
Benjamin,Lisa,Camden,609-061-1249
Fay,Fannie,Camden,609-062-3528
Terence,Dina,Camden,609-073-1389
Maria,Stephen,"Atlantic City",609-077-0370
Rudolph,Clyde,Trenton,609-090-7488
Wilmer,Lucy,Camden,609-098-9933
Cecilia,Annette,Camden,609-110-7374
Allyson,Isaac,"Atlantic City",609-123-8205
Lesa,Percy,"Atlantic City",609-128-6968
Laverne,Tabatha,Vineland,609-131-0270
Ora,Claude,"Atlantic City",609-150-8987
Trevor,Donny,Camden,609-170-8567
Veronica,Tami,Vineland,609-178-4336
Sheryl,Freida,Camden,609-181-6145
Marianne,Leslie,Vineland,609-184-6561
Sidney,Alexis,"Atlantic City",609-189-0305
Numbers,Mildred,Camden,609-204-4168
Ashley,Minerva,Trenton,609-206-0636
Sierra,Georgia,"Atlantic City",609-237-4379
Ricardo,Alejandra,Trenton,609-241-8938
Omar,Jorge,Vineland,609-245-6776
Earnest,Nadia,"Atlantic City",609-246-1956
Kay,Della,"Atlantic City",609-259-9234
Etta,Danny,Camden,609-282-6892
Alana,Marissa,Camden,609-286-3117
Cleo,Salvatore,Trenton,609-290-9281
Jane,Margret,Trenton,609-297-2117
Silas,Pearl,Vineland,609-306-0392
Marisa,Jennifer,Vineland,609-311-5303
Kristopher,Jose,Camden,609-358-8013
Kendrick,Christian,"Atlantic City",609-367-3864
Allyson,Kerry,"Atlantic City",609-388-6382
Mavis,Bettye,Camden,609-393-9674
Frederick,Mavis,Vineland,609-407-7632
Young,Ellis,Camden,609-410-0266
Valerie,Denise,Vineland,609-410-4600
Sheena,Jesse,"Atlantic City",609-413-6384
Elvis,Ava,Vineland,609-414-0392
Camille,Merrill,Trenton,609-424-6107
Meghan,Cleo,"Atlantic City",609-429-8829
Jody,Edythe,Trenton,609-434-9622
Eldon,Darrel,Vineland,609-439-5675
Jeannette,Victor,Trenton,609-448-1068
Alexandra,Liz,Vineland,609-458-5359
Meagan,Ava,"Atlantic City",609-464-4033
Milton,Nicole,"Atlantic City",609-465-7818
Delia,Nora,Vineland,609-469-5262
Millicent,Berta,Vineland,609-472-6613
Jonathan,Denice,Camden,609-511-4970
Ava,Antoinette,"Atlantic City",609-514-0749
Diann,Jana,Trenton,609-530-4284
Miles,Ila,"Atlantic City",609-543-0761
Alice,Mike,Trenton,609-548-3171
Douglas,Eliza,Camden,609-549-2423
Julie,Abel,Vineland,609-570-4667
Marc,Jessie,Vineland,609-589-8056
Clark,Avery,Vineland,609-590-0893
Erik,Theresa,"Atlantic City",609-596-8243
Ed,Jess,Camden,609-598-7541
Wilson,Ernie,"Atlantic City",609-616-0820
Tanya,Margie,Camden,609-623-0448
Francine,Marjorie,Trenton,609-640-8140
Deanna,Lillie,"Atlantic City",609-643-5988
Willis,Florence,"Atlantic City",609-651-1323
Susanna,Steven,Camden,609-664-0306
Jane,Flora,Camden,609-671-7131
Daren,Pamela,"Atlantic City",609-679-5483
Gertrude,Ethel,Camden,609-702-4072
Rebecca,Ron,Vineland,609-702-6574
Alfredo,Sharron,"Atlantic City",609-707-0885
Emilie,Leta,Trenton,609-716-9863
Elisha,Araceli,Trenton,609-721-7921
Antonia,Penelope,Camden,609-730-6651
Polly,Kerry,"Atlantic City",609-731-0180
Gabrielle,Darcy,"Atlantic City",609-737-2041
Levi,Cory,Vineland,609-746-5898
Sheena,Dan,Vineland,609-749-0534
Louella,Rosario,Vineland,609-755-4420
Lila,Otto,Camden,609-763-8717
Ruby,Lowell,Camden,609-783-8292
Lamont,Timothy,"Atlantic City",609-792-9040
Saul,Garland,Camden,609-805-7658
Shelley,Jewel,Camden,609-819-5913
Audrey,Jimmy,Trenton,609-827-4269
Steve,Rachael,Trenton,609-842-8978
Gail,Meagan,Camden,609-858-2315
Petra,Manuel,Camden,609-866-8760
Jo,Ava,Vineland,609-888-4118
Hattie,Tasha,Trenton,609-889-1439
Maxwell,Ora,Trenton,609-895-4400
Antionette,Aileen,"Atlantic City",609-906-6993
Kirk,Booker,Vineland,609-938-1861
Tabatha,Goldie,"Atlantic City",609-956-3319
Betty,Marcy,Vineland,609-966-7254
Kristin,Cherie,"Atlantic City",609-969-1955
Daisy,Concepcion,"Atlantic City",609-969-4200
Corine,Elise,Vineland,609-973-6911
Issac,Trina,Trenton,609-978-9624
Ramiro,Guy,Trenton,609-981-4375
Pansy,Everett,Belleville,613-000-7168
Tommie,Gena,Belleville,613-009-5621
Roxanne,Krista,Belleville,613-033-6324
Mildred,Elva,Belleville,613-056-4302
Tabatha,Jocelyn,Belleville,613-063-8391
Susan,Ramiro,Belleville,613-120-5368
Mari,Reuben,Belleville,613-182-5820
Donny,Ben,Belleville,613-193-3782
Percy,Nora,Belleville,613-249-3296
Isidro,Neva,Belleville,613-258-1224
Roscoe,Kay,Belleville,613-298-8956
Humberto,Carlene,Belleville,613-317-3439
Anthony,Octavia,Belleville,613-403-1788
Sterling,Gwendolyn,Belleville,613-414-7574
Kimberley,Stephan,Belleville,613-450-6085
Vickie,Earline,Belleville,613-451-5703
Rusty,Bertie,Belleville,613-480-8224
Judy,Meagan,Belleville,613-601-5016
Levi,Jodi,Belleville,613-667-2572
Ruby,Gerardo,Belleville,613-681-2860
Clarice,Corey,Belleville,613-682-0020
Levi,Frankie,Belleville,613-702-3627
Miles,Terra,Belleville,613-745-4725
Alfredo,Gena,Belleville,613-792-8549
Selma,Bradley,Belleville,613-797-3304
Larry,Randall,Belleville,613-863-6270
Elva,Tina,Belleville,613-874-6900
Ernie,Lewis,Belleville,613-899-9924
Truman,Jerry,Belleville,613-904-2449
Libby,Isaac,Belleville,613-946-4948
Bobbie,Adam,Belleville,613-966-9140
Eugene,Millie,Orange,714-169-0537
Nan,Roland,Orange,714-208-1304
Riley,Cherie,Orange,714-211-9521
Magdalena,Della,Orange,714-219-0675
Erika,Deann,Orange,714-266-0296
Jolene,Kasey,Orange,714-459-2638
Mari,Chase,Orange,714-487-1736
Dewey,Jacklyn,Orange,714-562-4823
Hector,Kathryn,Orange,714-606-5848
Donna,Emanuel,Orange,714-623-5682
Margarita,Reynaldo,Orange,714-667-8589
Cliff,Jared,Orange,714-692-6008
Alex,Bettie,Orange,714-720-3467
Lester,Hunter,Orange,714-724-9952
Timothy,Vaughn,Orange,714-782-1915
Madge,Angeline,Orange,714-852-0227
Deborah,Sally,Orange,714-865-0610
Sabrina,Hung,Orange,714-880-1435
Fernando,Clarence,Orange,714-885-7958
Leonard,Keith,Orange,714-901-4307
Briana,Miranda,Orange,714-936-1928
Jacklyn,Leila,Orange,714-961-0615
Orlando,Madelyn,Union,815-013-6488
Billie,Aubrey,Union,815-014-5696
Camilla,Bettye,Union,815-032-7808
Sheila,Alisa,Union,815-039-4476
Dirk,Nestor,Union,815-058-7201
Zachary,Mark,Union,815-068-6552
Lori,Dominick,Union,815-070-7819
Lindsay,Brandon,Union,815-080-8038
Polly,Bridgette,Union,815-206-6377
Tonia,Nadine,Union,815-223-3036
Lauri,Juliet,Union,815-321-6046
Wade,Felix,Union,815-399-7755
Shana,Rosalie,Union,815-416-9816
Erika,Clay,Union,815-425-9355
Jodi,Herminia,Union,815-473-7021
Ora,Carlos,Union,815-553-5305
Simone,Jewell,Union,815-586-7609
Rosalie,Trudy,Union,815-611-3511
Thurman,Galen,Union,815-626-1922
Dustin,Sheri,Union,815-645-9361
Margaret,Isaac,Union,815-691-2024
Lea,Wayne,Union,815-694-1209
Angel,Letha,Union,815-712-6640
Therese,Nicolas,Union,815-715-8801
Leo,Jeannette,Union,815-774-1425
Carly,Nina,Union,815-791-3809
Leanna,Juliet,Union,815-795-1494
Ericka,Carolina,Union,815-810-3930
Sasha,Cary,Union,815-823-9016
Winfred,Amparo,Union,815-895-3656
Garland,Kurtis,Union,815-940-6609
Lola,Yesenia,Union,815-968-7283
Gabrielle,Jeanette,Union,815-977-3633
Sergio,Dona,Edison,848-009-8629
Alberto,Jewel,"East Brunswick",848-025-0832
Beverly,Natasha,Edison,848-035-4798
Jodi,Merlin,Edison,848-043-9494
Adelaide,Cedric,Edison,848-052-0128
Benita,Theodore,"East Brunswick",848-077-2856
Tonia,Corinne,Edison,848-078-6382
Tracie,Isabella,Edison,848-079-7627
Georgia,Camille,"East Brunswick",848-084-7079
Faith,Bernardo,"East Brunswick",848-115-4961
Kathrine,Vance,"East Brunswick",848-123-8631
Elias,Brent,"East Brunswick",848-159-2335
Albert,Doyle,Edison,848-168-2444
Ava,Marc,Edison,848-183-4459
Jerald,James,"East Brunswick",848-247-0333
Charmaine,Damian,Edison,848-255-6018
Kristen,Patti,Edison,848-288-5202
Bruno,Ramona,Edison,848-357-6811
Wilma,Lola,Edison,848-364-4364
Willis,Tamara,"East Brunswick",848-391-6220
Michael,Ramiro,"East Brunswick",848-421-6132
Jeremy,Carole,"East Brunswick",848-423-8256
Claudine,Gary,Edison,848-436-1971
Hubert,Alyce,"East Brunswick",848-474-6838
Cedric,Shelton,Edison,848-482-4504
Rod,Yvonne,"East Brunswick",848-499-1516
Nadine,Alyce,"East Brunswick",848-526-1702
Rodrigo,Matilda,"East Brunswick",848-563-0685
Natalia,Peggy,Edison,848-566-3081
Stacy,Sofia,Edison,848-570-2248
Selma,Velma,Edison,848-576-1766
Bill,Kirsten,Edison,848-581-7271
Ilene,Meghan,Edison,848-583-2127
Lola,Omar,Edison,848-608-4658
Gabrielle,Brandie,"East Brunswick",848-621-8515
Erin,Jonathan,Edison,848-640-7634
Wallace,Pat,"East Brunswick",848-648-8369
Lola,Brittney,Edison,848-655-6428
Roberta,Humberto,"East Brunswick",848-677-4746
Nell,Rita,Edison,848-680-3740
Ethan,Bryce,Edison,848-690-0789
Juanita,Lesa,Edison,848-695-6404
Mamie,Cameron,"East Brunswick",848-759-3169
Edwardo,Queen,"East Brunswick",848-792-3498
Eddy,Bette,"East Brunswick",848-792-4248
Chester,Dave,"East Brunswick",848-798-5224
Kyle,Eula,"East Brunswick",848-823-5061
Rene,John,Edison,848-825-3523
Jenny,Ali,Edison,848-831-3631
Kelsey,Rosalia,Edison,848-831-9521
Gerard,Monique,Edison,848-850-5349
Terrance,Bill,"East Brunswick",848-867-9856
Vivian,Jana,Edison,848-896-6253
Mina,Louisa,"East Brunswick",848-899-2759
Georgette,Felicia,"East Brunswick",848-925-5725
Marie,Clark,Edison,848-929-6355
Jannie,Arron,"East Brunswick",848-963-8080
Jay,Tamika,"East Brunswick",848-964-3849
Malcolm,Kelley,"East Brunswick",848-968-1983
Ervin,Santos,Edison,848-978-6910
Vito,Christina,Edison,848-983-3537
Juan,Sarah,Edison,848-984-0105
Laura,Buford,Edison,848-984-8786
Alphonso,Daisy,Wayne,862-001-2799
Keisha,Marian,Wayne,862-001-8180
Francine,Elise,Irvington,862-006-8813
Kent,Quincy,"East Orange",862-018-4285
Darrell,Hal,"East Orange",862-027-1954
Micheal,Noreen,Clifton,862-030-6743
Lina,Guadalupe,Clifton,862-032-5822
Lonnie,Enrique,"East Orange",862-038-9182
Rosemarie,Clement,"East Orange",862-042-8235
Lorene,Abbie,Irvington,862-055-8072
Marjorie,Chrystal,"East Orange",862-059-1591
Maritza,Alberto,Clifton,862-073-8609
Abigail,Inez,Clifton,862-080-2421
Kathryn,Wiley,Irvington,862-109-4626
Lisa,Ursula,"East Orange",862-115-2556
Matthew,Veronica,Clifton,862-118-6183
Valeria,Clayton,Clifton,862-125-8152
Marty,Ralph,Clifton,862-144-2972
Kristie,Vera,"East Orange",862-157-3613
Kim,Ann,Wayne,862-165-8652
Leonor,Tonya,Wayne,862-178-3420
Ava,Phyllis,Wayne,862-178-4815
Jimmie,Gloria,Clifton,862-200-3262
Lola,Glenn,Clifton,862-202-2448
Teddy,Louella,Irvington,862-204-4070
Inez,Heidi,"East Orange",862-208-1021
Minnie,Brent,"East Orange",862-213-3355
Hilda,Dominique,"East Orange",862-220-9061
Lottie,Santos,Wayne,862-230-0475
Kelly,Velma,Wayne,862-230-7841
Doris,Becky,Wayne,862-232-2192
Charlie,Dorothy,Irvington,862-235-7674
Avery,Norman,"East Orange",862-240-0186
Terrie,Adam,Irvington,862-240-6278
Adele,Darin,Irvington,862-249-9490
Nannie,Nicolas,Wayne,862-257-9885
Marietta,Tyson,"East Orange",862-258-0391
Erma,Stephan,Irvington,862-262-6280
Ivy,Lynda,Clifton,862-270-4306
Bernice,Latoya,Wayne,862-277-9273
Ralph,Marvin,"East Orange",862-281-3196
Brandon,Hilda,"East Orange",862-282-6158
Elba,Yolanda,"East Orange",862-296-5073
Ursula,Jorge,Irvington,862-300-1041
Clay,Ernie,Wayne,862-303-3835
Willis,Noemi,Clifton,862-306-9424
Corinne,Sheila,Irvington,862-308-0083
Luella,Leticia,"East Orange",862-340-0375
Kay,Marcos,Irvington,862-344-9100
Traci,Antoinette,Clifton,862-349-9944
Heidi,Brent,Clifton,862-361-9858
Janette,Rudy,Clifton,862-395-3185
Ron,Maura,Irvington,862-395-6808
Tia,Laurence,Irvington,862-419-3666
Tanya,Alicia,"East Orange",862-423-1488
Roosevelt,Kaitlin,Wayne,862-425-0339
Homer,Cory,Clifton,862-425-1017
Reed,Marisa,Wayne,862-427-7529
Lelia,Arturo,"East Orange",862-434-6476
Sherry,Lidia,Wayne,862-439-2533
Rhonda,Bridget,Wayne,862-441-8318
Archie,Esther,Wayne,862-445-1241
Johnathan,Brad,Irvington,862-451-9393
Percy,Rebecca,Clifton,862-453-6145
Tonia,Courtney,Wayne,862-464-5800
Nichole,Chase,"East Orange",862-477-6809
Patricia,Genevieve,Clifton,862-487-3257
Michel,Van,"East Orange",862-490-2678
Miguel,Bonnie,"East Orange",862-492-9127
Marcy,Taylor,Clifton,862-494-4829
Lynnette,Gabriela,Irvington,862-496-9565
Arthur,Harlan,Irvington,862-512-5424
Buford,Alana,Clifton,862-519-8600
Kara,Ali,Wayne,862-539-6431
Natasha,Cruz,Irvington,862-543-8295
Gary,Naomi,Clifton,862-551-4730
Olive,Lindsay,Clifton,862-555-7198
Florence,Herman,Wayne,862-558-0285
Jewel,Lillian,Clifton,862-565-3328
Danielle,Elda,Wayne,862-570-6021
Brendan,Harvey,Wayne,862-576-6470
Dona,Curt,Clifton,862-577-5073
Noah,Brittney,Irvington,862-601-5548
Joan,Luella,Irvington,862-621-0585
Dewey,Desmond,Wayne,862-624-6638
Jean,Roger,"East Orange",862-625-5488
Norbert,Madeleine,"East Orange",862-630-5154
Numbers,Neil,Wayne,862-630-6400
Gabriel,Gordon,Irvington,862-645-6217
June,Renae,Irvington,862-658-7715
Shelby,Dwayne,Clifton,862-660-0845
Corey,Bobby,Wayne,862-672-0284
Dane,Cheri,Clifton,862-679-4738
Aimee,Ursula,Clifton,862-693-9708
Margret,Demetrius,"East Orange",862-700-9410
Albert,Wm,Irvington,862-716-0836
Loyd,Becky,"East Orange",862-717-1587
Neal,Minnie,Clifton,862-722-7552
Deanna,Cruz,Wayne,862-723-0424
Karla,Ross,Wayne,862-733-8946
Derick,Mercedes,Clifton,862-746-7525
Brittany,Hans,"East Orange",862-761-8079
Ilene,Kristie,Irvington,862-788-3019
Dante,Christie,Irvington,862-804-0152
Jeanie,Janice,Wayne,862-804-7103
Amalia,Arthur,Irvington,862-807-1605
Kimberly,Donnie,Irvington,862-841-7593
Valeria,Melva,Clifton,862-845-2554
Marisa,Dorothea,Clifton,862-869-7354
Rickey,Noemi,Wayne,862-877-6522
Dennis,Rosalia,"East Orange",862-911-6981
Liza,Hope,Clifton,862-917-8103
Duane,Eva,Clifton,862-919-0818
Dallas,Mai,Clifton,862-926-0232
Jessica,Bernard,Clifton,862-931-3717
Hunter,Chelsea,"East Orange",862-954-9237
Joe,Therese,Clifton,862-963-6738
Elise,Magdalena,"East Orange",862-974-4555
Emerson,Frankie,Clifton,862-990-2837
Keisha,Kimberly,Elizabeth,908-009-2923
Hunter,Ronda,Plainfield,908-011-4585
Lou,Vern,"Toms River",908-021-9558
Michel,Trina,"Long Branch",908-029-1247
Juliet,Zelda,Plainfield,908-029-7709
Laura,Jay,Elizabeth,908-035-2639
Chandra,Gene,Elizabeth,908-039-1063
Madeleine,Denny,Linden,908-043-5869
Alisha,Nannie,"Perth Amboy",908-052-4563
Eugenia,Ora,Elizabeth,908-064-5566
Sonny,Alisha,"Long Branch",908-073-0091
Wilmer,Allyson,"New Brunswick",908-078-7168
Enrique,Tasha,"Long Branch",908-109-1110
Maribel,Lesley,"Long Branch",908-115-8348
Andres,Cruz,Linden,908-119-0320
Vern,Winston,Linden,908-119-8460
Christa,Sammy,"Toms River",908-120-8238
Elvin,Isidro,Linden,908-121-2981
Polly,Darryl,Elizabeth,908-126-0937
Angie,Leroy,Elizabeth,908-127-0253
Jessica,Jewell,"Perth Amboy",908-129-6367
Tiffany,Pamala,Elizabeth,908-131-7719
Heath,Earline,Elizabeth,908-140-6253
Lynette,Houston,Elizabeth,908-141-1102
Avis,Rosa,"Long Branch",908-144-4330
Rachelle,Gerardo,"New Brunswick",908-153-8577
Shane,Sonia,"Perth Amboy",908-157-2184
Shirley,Peter,"Long Branch",908-157-7541
Bettye,Joel,Plainfield,908-161-1132
Lindsey,Lavonne,"Perth Amboy",908-161-4488
Jarrod,Victoria,Elizabeth,908-178-1750
Ora,Salvador,Elizabeth,908-180-2258
Son,Janell,Elizabeth,908-183-3190
Patsy,Mari,Plainfield,908-183-4229
Virginia,Stacey,Elizabeth,908-185-6324
Madelyn,Teri,Linden,908-186-5940
Casandra,Irving,Linden,908-194-0071
Mathew,Sergio,"New Brunswick",908-197-2657
Kimberlee,Leola,"New Brunswick",908-198-2168
Deana,Angie,Plainfield,908-224-3628
Monty,Mauricio,Plainfield,908-228-5850
Kitty,Lydia,Plainfield,908-235-4932
Tameka,Billie,Plainfield,908-237-3712
Walter,Tim,"New Brunswick",908-239-3505
Derek,Lynne,Plainfield,908-240-0549
Rosa,Kirk,Linden,908-241-1062
Freddy,Malcolm,"Perth Amboy",908-251-5395
Faye,Monty,"Long Branch",908-253-2766
Rickey,Elias,"New Brunswick",908-253-6768
Briana,Willie,"Long Branch",908-259-9820
Terrell,Sondra,"Perth Amboy",908-275-1414
Sylvia,Damien,Linden,908-283-4571
Morris,Hallie,Plainfield,908-285-3512
Rickie,Theron,"Perth Amboy",908-285-5586
Nathaniel,Betty,"Perth Amboy",908-289-6187
Nellie,Fern,"Long Branch",908-292-8265
Ruth,Glenda,"Perth Amboy",908-295-7368
Nina,Susie,Plainfield,908-300-4322
Bryce,Erik,"Perth Amboy",908-301-1288
Antonia,Donovan,"New Brunswick",908-314-9821
Raymundo,Lola,Plainfield,908-331-3876
Dominick,Erma,Elizabeth,908-333-8826
Rachael,Delia,Plainfield,908-335-9085
Melody,Amanda,Elizabeth,908-339-4738
Jesse,Sherri,"Toms River",908-342-7303
Adrian,Judy,Elizabeth,908-345-3722
Eddie,Maryanne,Linden,908-354-9357
Steve,Willie,"Long Branch",908-366-3377
Aida,Blanche,"Perth Amboy",908-370-9038
Sondra,Williams,"Perth Amboy",908-374-8944
Ethel,Brenda,"Perth Amboy",908-376-4927
Monique,Agustin,"New Brunswick",908-384-8511
Stephan,Nickolas,"Long Branch",908-386-7237
Vilma,Henry,"Toms River",908-388-9019
Monty,Jeannette,Elizabeth,908-393-2105
Lesley,Brendan,"Perth Amboy",908-395-6306
Eileen,Abby,"New Brunswick",908-398-9423
Lila,Mellisa,Plainfield,908-402-5352
Olivia,Trenton,"New Brunswick",908-403-0977
Reed,Dwayne,Linden,908-404-8654
Mohammad,Emilie,"Perth Amboy",908-422-8470
Tammi,Marie,Elizabeth,908-424-5570
Vickie,Dewey,Plainfield,908-430-0974
Nora,Aileen,Elizabeth,908-430-9947
Kate,Rosemary,"Perth Amboy",908-432-8434
Tania,Jerry,"Toms River",908-436-8903
Marisol,Wilda,"Toms River",908-437-2450
Sebastian,Carter,Elizabeth,908-438-0209
Bessie,Isaiah,"Perth Amboy",908-439-3973
Fannie,Katina,Plainfield,908-441-7805
Leola,Amy,Elizabeth,908-443-1688
Alma,Danielle,"Long Branch",908-462-0115
Edgar,Preston,Plainfield,908-465-5150
Wilbur,Margarita,"Toms River",908-473-4336
Fran,Doris,"Toms River",908-473-9226
Mellisa,Samuel,Linden,908-476-5399
Ricky,Tessa,Linden,908-476-5943
Harris,Hannah,Elizabeth,908-498-6051
Roxanne,Suzanne,"Long Branch",908-505-8548
Araceli,Jewell,Elizabeth,908-510-1144
Ernesto,Wilbert,"New Brunswick",908-515-0994
Jennie,Julia,Elizabeth,908-538-0835
Kurtis,Millie,"Perth Amboy",908-544-4009
Noemi,Amelia,Plainfield,908-548-1262
Ava,Delmar,"Perth Amboy",908-548-8947
Dayna,Constance,"Long Branch",908-552-1857
Erwin,Deana,Linden,908-552-4145
Christa,Billy,"Perth Amboy",908-552-4457
Shelley,Leola,Linden,908-559-8226
Stephan,Harriet,"Perth Amboy",908-561-1287
Byron,Rosetta,"New Brunswick",908-565-1740
Tonia,Melissa,Plainfield,908-568-2185
Aurelio,Rafael,Elizabeth,908-568-9774
Harriet,Emilia,"Toms River",908-577-5174
Nadia,Sarah,"Perth Amboy",908-581-7999
Tiffany,Mercedes,Plainfield,908-594-4233
Murray,Christa,Plainfield,908-594-5847
Marco,Brian,"Toms River",908-597-8153
Wilfred,Ramona,"Long Branch",908-600-5119
Taylor,Martina,"Toms River",908-601-4207
Elvis,Ronda,Linden,908-608-8771
Regina,Carol,"Long Branch",908-609-2328
Margret,Dirk,"New Brunswick",908-610-7267
Walter,Jeffery,"Long Branch",908-611-3792
Amie,Eugene,Elizabeth,908-612-4929
Bryan,Sean,"Perth Amboy",908-616-2518
Jon,Anne,"Long Branch",908-624-6592
Raphael,Cassandra,Elizabeth,908-626-7107
Latoya,Lourdes,"Long Branch",908-634-4350
Jorge,Georgette,"New Brunswick",908-635-2297
Saundra,Darwin,Elizabeth,908-636-5104
Norris,Phoebe,Linden,908-640-5325
Mona,Quinton,"Long Branch",908-646-1070
Carmela,German,Linden,908-651-6359
Roxie,Christy,Plainfield,908-654-1859
Coleen,Jannie,"Toms River",908-654-3517
Therese,Francisco,Linden,908-654-4498
Lyle,Virgil,"New Brunswick",908-659-8982
Alice,Vivian,"Perth Amboy",908-664-0274
Warren,Ronda,"New Brunswick",908-667-2793
Mauricio,Shawna,"Perth Amboy",908-667-3701
Caitlin,Marlene,Elizabeth,908-676-8042
Nicolas,Gerard,"New Brunswick",908-677-9421
Terrie,Randolph,Linden,908-678-9198
Cheryl,Krista,"Toms River",908-681-5074
Jenny,Juliana,Elizabeth,908-685-2875
Jeffry,Shanna,"New Brunswick",908-686-3592
Max,Lane,"New Brunswick",908-689-8537
Dennis,Janie,"Long Branch",908-696-3517
Leila,Rosetta,Linden,908-717-2461
Emanuel,Mara,"Toms River",908-728-7016
Herminia,Tamara,"Toms River",908-734-7662
Paulette,Justina,"Perth Amboy",908-743-6431
Stella,Sofia,"Perth Amboy",908-744-0967
Stewart,Phoebe,Linden,908-751-5251
Randall,Lester,Linden,908-752-2985
Trina,Marcella,Linden,908-753-6797
Violet,Clarice,"Toms River",908-755-4033
Carly,Katheryn,"Long Branch",908-762-0600
Claudette,Isaiah,Elizabeth,908-764-6272
Paul,Lilly,"Long Branch",908-764-8725
Madelyn,Daphne,Elizabeth,908-768-6860
Alfred,Martina,"New Brunswick",908-771-2245
Janette,Norbert,"Toms River",908-785-6304
Herman,Joseph,"Toms River",908-790-9484
Pearlie,Isaac,Linden,908-801-5255
Tamera,Theodore,Plainfield,908-806-0803
Darrel,Domingo,"Long Branch",908-806-1399
Jamie,Denise,"Toms River",908-808-3963
Elsie,Mattie,Elizabeth,908-809-2211
Benjamin,Joanne,"New Brunswick",908-812-1595
Freida,Milagros,Plainfield,908-814-2226
Lottie,Emerson,Plainfield,908-821-9623
Mayra,Lorraine,Plainfield,908-831-6643
Wendy,Stephen,Elizabeth,908-841-8761
Fran,Andrew,Plainfield,908-843-4475
Kirsten,Paulette,"Long Branch",908-843-6771
Brandie,Natasha,"Long Branch",908-844-4253
Cathy,Juanita,Linden,908-846-4086
Lavonne,Jasper,"Perth Amboy",908-847-6786
Melisa,Kimberly,"Toms River",908-848-9429
Armand,Gavin,"Toms River",908-852-6230
Graham,Pauline,Plainfield,908-859-3651
Grant,Karin,Elizabeth,908-862-6493
Meredith,Cora,Linden,908-873-0191
Irene,Misty,Elizabeth,908-882-4358
Linda,Rusty,"New Brunswick",908-898-8865
Gabriel,Cleveland,"Long Branch",908-912-6156
Lisa,Ella,"Perth Amboy",908-913-4591
Kirk,Nichole,"New Brunswick",908-915-8650
Chasity,German,"Toms River",908-919-9158
Patrice,Mauricio,Linden,908-925-2727
Kim,Bettye,"Toms River",908-928-8898
Janie,Rafael,Plainfield,908-955-4700
Marcos,Guadalupe,"Toms River",908-958-2976
Jacquelyn,Michael,Linden,908-959-7132
Monika,Alice,"New Brunswick",908-960-0004
Catherine,Tracey,Plainfield,908-974-2515
Jeannie,Rufus,"Perth Amboy",908-979-8598
Samantha,Alicia,Plainfield,908-983-1206
Maxwell,Ruben,"Toms River",908-984-1739
Loretta,Reginald,"Toms River",908-986-6602
Raymundo,Christa,"Long Branch",908-986-6981
Branden,Catalina,Bloomfield,973-006-5140
Denice,Juanita,Passaic,973-023-9494
Muriel,Myrna,Bloomfield,973-042-1917
Rae,Janice,Passaic,973-047-5007
Curt,Esmeralda,Paterson,973-049-6388
Courtney,Kathy,Passaic,973-056-3777
Debbie,Esther,Passaic,973-087-8703
Reva,Hubert,Bloomfield,973-099-3806
Juliet,Ralph,Newark,973-100-8723
Keisha,Armand,Bloomfield,973-102-1996
Lacy,Ana,Paterson,973-103-9666
Edmund,Cole,Passaic,973-105-1848
Rhonda,Marco,Newark,973-107-6668
Bradford,Ernestine,Passaic,973-146-8168
Polly,Mark,Newark,973-148-3910
Grady,Lester,Passaic,973-158-7215
Vaughn,Vicente,Paterson,973-165-2813
Aaron,Cornelia,Passaic,973-195-5846
Katy,Jill,Passaic,973-208-6987
Josefina,Angela,Newark,973-225-7881
Yvette,Lourdes,Newark,973-240-2543
Dylan,Drew,Passaic,973-258-0185
Leila,Joshua,Paterson,973-262-2865
Genaro,Reyna,Newark,973-267-5870
Phyllis,Roscoe,Paterson,973-268-9292
Houston,Andres,Passaic,973-278-6734
Austin,Krista,Paterson,973-296-8573
Amalia,Bernice,Paterson,973-301-0367
Josie,Mayra,Paterson,973-302-2383
Lorene,Glenda,Passaic,973-312-0783
Shawn,Andrea,Newark,973-319-1968
Morgan,Ashlee,Paterson,973-324-8793
Bryce,Dorothy,Passaic,973-336-9922
Emma,Rafael,Paterson,973-337-7626
Maryanne,Veronica,Newark,973-382-5436
Katherine,Josh,Bloomfield,973-411-8273
Alphonso,Lakeisha,Newark,973-428-7769
Marcia,Adrian,Paterson,973-431-5171
Mike,Gretchen,Newark,973-435-5140
Carmela,Myra,Paterson,973-451-0285
Jessica,Leola,Passaic,973-451-5535
Jarrod,Mitchell,Paterson,973-463-6500
Deirdre,Muriel,Bloomfield,973-464-9370
Arturo,Natalie,Passaic,973-476-0935
Antoinette,Gerry,Newark,973-477-1714
Leeann,Freida,Bloomfield,973-488-1321
Luann,Goldie,Bloomfield,973-499-3840
Rosa,Tracey,Paterson,973-502-6544
Maxwell,Norbert,Bloomfield,973-504-2951
Charles,Etta,Newark,973-515-1736
Marshall,Pasquale,Passaic,973-517-7709
Earline,Joe,Paterson,973-526-8394
Marquita,Jermaine,Newark,973-527-4456
Dena,Louie,Passaic,973-541-2180
Raymundo,Leola,Newark,973-547-0297
Deana,Darius,Paterson,973-551-3449
Ella,Angelica,Passaic,973-552-4908
Issac,Eli,Bloomfield,973-564-8170
Scot,Rod,Bloomfield,973-566-2117
Celina,Clement,Passaic,973-573-0053
Lane,Adan,Passaic,973-580-8173
Zachery,Hillary,Passaic,973-585-6861
Dominique,Vaughn,Passaic,973-587-8059
Kirby,Brandi,Bloomfield,973-590-4758
Evangeline,Edythe,Passaic,973-591-8779
Mathew,Hope,Bloomfield,973-607-8528
Teri,Marlin,Bloomfield,973-609-3092
Suzanne,Will,Passaic,973-625-0103
Carlos,Ned,Newark,973-634-4624
Herminia,Bobbi,Passaic,973-639-3253
Ramon,Tyrone,Bloomfield,973-652-8848
Romeo,Antoine,Paterson,973-670-3628
Stephan,Muriel,Passaic,973-682-4738
Karin,Cornell,Passaic,973-685-3260
Hilary,Nathan,Bloomfield,973-695-1947
Beatrice,Corine,Paterson,973-703-1336
Marlin,Shane,Newark,973-717-6318
Beryl,Libby,Passaic,973-771-0844
Denis,Katy,Newark,973-772-6423
Jose,Rex,Newark,973-791-2710
Leonardo,Marcia,Paterson,973-803-1930
Wendell,Carolyn,Passaic,973-804-9666
Garry,Anna,Passaic,973-805-5860
Noel,Betty,Bloomfield,973-812-4638
Kendra,Kayla,Newark,973-813-6574
Trina,Andre,Bloomfield,973-828-6296
Denice,Joaquin,Newark,973-829-5199
Caleb,Georgia,Paterson,973-830-0654
Eliza,Brent,Paterson,973-831-5496
Geri,Wiley,Paterson,973-837-3642
Alan,Mindy,Bloomfield,973-840-5069
Jason,Marva,Bloomfield,973-861-4635
Krystal,Demetrius,Paterson,973-891-5352
Roderick,Warren,Paterson,973-893-8371
Abby,Abbie,Bloomfield,973-894-1228
Tara,Arturo,Paterson,973-896-3929
Lucile,Rocky,Paterson,973-923-2668
Lindsey,Jean,Passaic,973-923-4256
Thelma,Autumn,Passaic,973-930-8567
Kellie,Bradley,Bloomfield,973-932-5326
Kathi,Tori,Paterson,973-933-8384
Devon,Kim,Bloomfield,973-939-0887
Maria,Vickie,Newark,973-947-7546
Jacqueline,Britney,Paterson,973-948-0464
Robby,Agnes,Passaic,973-948-9525
Charles,Elton,Bloomfield,973-949-4139
Damon,Allie,Passaic,973-952-3922
Helena,Kathryn,Passaic,973-955-8022
Collin,Russell,Paterson,973-973-2129
Stacey,Armand,Paterson,973-975-2383
Karyn,Patrice,Passaic,973-977-3931
