id_transaction,bar_name,first_name,last_name,employee_first_name,employee_last_name,item_name,timestamp
0,"Very Cool Secret Bar",Kelly,Velma,Truman,Jerry,"Burger Sliders",1522938313
1,"Black Horse",Jeanette,Felecia,Roseann,Malinda,"Burger Sliders",1528313669
2,"Black Horse",Jeanette,Felecia,Roseann,Malinda,Cruzcampo,1528313669
3,"The Boar's Nest",Jarrod,Victoria,Lucas,Belinda,"Karbach Brewing Company",1515181661
4,"The Boar's Nest",Jarrod,Victoria,Lucas,Belinda,"Karbach Brewing Company",1515181661
5,"Rovers Return Inn",Lesa,Percy,Jeremy,Carole,Pizza,1517971536
6,"Rovers Return Inn",Lesa,Percy,Jeremy,Carole,"Curly Fries",1517971536
7,"Rovers Return Inn",Lesa,Percy,Jeremy,Carole,"Bud Light",1517971536
8,"Very Cool Secret Bar",Tonia,Courtney,Gerald,Misty,"Mozzarella Sticks",1533508987
9,"Mancini's Family Restaurant",Hope,Michelle,Graciela,Albert,"Gorkha Beer",1541525347
10,"Mancini's Family Restaurant",Hope,Michelle,Graciela,Albert,Ochota,1541525347
11,"Four Shields Tavern",Elise,Viola,Shawn,Andrea,"Bud Light",1522621131
12,"The Fiesty Goat Pub",Minnie,Mable,Helena,Kathryn,"Caramel Apple Spiced Ale",1520370274
13,"The Fiesty Goat Pub",Minnie,Mable,Helena,Kathryn,"Pearl Lager Beer",1520370274
14,"Very Cool Secret Bar",Roosevelt,Kaitlin,Zachery,Hillary,"Chicken Fingers",1518111532
15,"Four Shields Tavern",Harvey,Rogelio,Ethan,Kathie,Star,1525334108
16,"Four Shields Tavern",Valarie,Anastasia,Shawn,Andrea,"Newcastle Brown Ale",1525254129
17,"Very Cool Secret Bar",Terence,Dina,Truman,Jerry,Feldschlösschen,1536130037
18,"Very Cool Secret Bar",Terence,Dina,Truman,Jerry,Leffe,1536130037
19,"Very Cool Secret Bar",Terence,Dina,Truman,Jerry,BLT,1536130037
20,"Founding Fathers",Kimberlee,Leola,Armand,Gavin,Kronenbourg,1543875873
21,"Founding Fathers",Kimberlee,Leola,Armand,Gavin,Brahma,1543875873
22,"The Boar's Nest",Amie,Eugene,Keisha,Armand,Quesadillas,1522666797
23,"The Boar's Nest",Amie,Eugene,Keisha,Armand,Zagorka,1522666797
24,"The Malt Shovel",Mike,Gretchen,Collin,Russell,"Spiced Amber Ale",1544103490
25,"The Malt Shovel",Mike,Gretchen,Collin,Russell,"Jalapeno Poppers",1544103490
26,"Very Cool Secret Bar",Florence,Herman,Truman,Jerry,Reuben,1530737591
27,"Very Cool Secret Bar",Florence,Herman,Truman,Jerry,"Buffalo Wings",1530737591
28,"Very Cool Secret Bar",Florence,Herman,Truman,Jerry,1664,1530737591
29,"The Boar's Nest",Laura,Jay,Vilma,Kay,"Mozzarella Sticks",1531034165
30,"The Boar's Nest",Laura,Jay,Harriet,Emilia,"Special Brew",1523129263
31,"The Aidensfield Arms",Georgia,Camille,Angie,Leroy,Corona,1541471689
32,"The Aidensfield Arms",Georgia,Camille,Angie,Leroy,Reuben,1541471689
33,"The Aidensfield Arms",Georgia,Camille,Angie,Leroy,"Chicken Fingers",1541471689
34,"The Domain of the King Bar and Grille",Frederick,Clifton,Cecilia,Annette,"Goose Island Brewery",1527993077
35,"The Domain of the King Bar and Grille",Frederick,Clifton,Cecilia,Annette,BLT,1527993077
36,"The Boar's Nest",Tammi,Marie,Juan,Sarah,"Goose Island Brewery",1535963632
37,"The Boar's Nest",Tammi,Marie,Juan,Sarah,Brahma,1535963632
38,"The Boar's Nest",Tammi,Marie,Juan,Sarah,"Lone Star",1535963632
39,"The Regal Beagle",Meagan,Ava,Lamont,Timothy,Lav,1533486881
40,"The Regal Beagle",Meagan,Ava,Lamont,Timothy,Hamburger,1533486881
41,"Korova Milk Bar",Francine,Marjorie,Enrique,Tasha,"Karbach Brewing Company",1541110037
42,"Korova Milk Bar",Francine,Marjorie,Enrique,Tasha,"Sunshine Citrus Blonde",1541110037
43,"Korova Milk Bar",Francine,Marjorie,Enrique,Tasha,"Agave Nectar Ale",1541110037
44,"Rovers Return Inn",Ava,Antoinette,Diann,Jana,Chili,1528365865
45,"Rovers Return Inn",Ava,Antoinette,Diann,Jana,"Elysian Brewing Company",1528365865
46,"Rovers Return Inn",Ava,Antoinette,Diann,Jana,Beck’s,1528365865
47,"The Domain of the King Bar and Grille",Renae,Justina,Deborah,Sally,"Curly Fries",1522626795
48,"The Domain of the King Bar and Grille",Renae,Justina,Deborah,Sally,"Colt 45",1522626795
49,"Four Shields Tavern",Mason,Mara,Aida,Blanche,Beck’s,1525550270
50,"The Regal Beagle",Polly,Kerry,Valeria,Clayton,"Bread Sticks",1538878196
51,"The Regal Beagle",Polly,Kerry,Valeria,Clayton,Snow,1538878196
52,"The Regal Beagle",Polly,Kerry,Valeria,Clayton,"Valencia Amber Ale",1538878196
53,"The Fiesty Goat Pub",Maryann,Annmarie,Tonia,Melissa,"Raspberry Cream Ale",1517801669
54,"Mancini's Family Restaurant",Rosella,Carly,Tia,Laurence,Reuben,1522860153
55,"Founding Fathers",Jeffry,Shanna,Denice,Blaine,Brahma,1527932495
56,"The Domain of the King Bar and Grille",Jacquelyn,Michael,Marisa,Dorothea,"Colt 45",1518031514
57,"The Domain of the King Bar and Grille",Jacquelyn,Michael,Marisa,Dorothea,"Lone Star",1518031514
58,"Korova Milk Bar",Ruby,Gerardo,Nellie,Fern,"Lakeport Brewing beer range",1541229601
59,"Korova Milk Bar",Ruby,Gerardo,Nellie,Fern,"Grilled Cheese",1541229601
60,"Korova Milk Bar",Ruby,Gerardo,Nellie,Fern,Huadan,1541229601
61,"The Hand & Racquet, East Cheam",Rachelle,Gerardo,Shane,Sonia,"Elysian Brewing Company",1520414683
62,"The Hand & Racquet, East Cheam",Rachelle,Gerardo,Shane,Sonia,"Bread Sticks",1520414683
63,"The Regal Beagle",Raymundo,Lola,Hung,Harry,"Schaefer Beer",1525579080
64,"The Regal Beagle",Raymundo,Lola,Hung,Harry,"Spring Blonde Wheat Ale",1525579080
65,"The Boar's Nest",Jenny,Antonia,Juan,Sarah,Grimbergen,1517643438
66,"The Boar's Nest",Jenny,Antonia,Juan,Sarah,"Lone Star",1517643438
67,"The Boar's Nest",Jenny,Antonia,Juan,Sarah,"Blue Moon Grand Cru",1517643438
68,"Four Shields Tavern",Matthew,Tami,Rickey,Noemi,"Heineken Lager Beer",1517996651
69,"Mancini's Family Restaurant",Mindy,Wendi,Tia,Laurence,"Cheese Fries",1528042311
70,"Mancini's Family Restaurant",Mindy,Wendi,Tia,Laurence,"Gorkha Beer",1528042311
71,"Mancini's Family Restaurant",Mindy,Wendi,Tia,Laurence,"Chicken Sandwich",1528042311
72,"The Fiesty Goat Pub",Sophie,Lois,Avis,Rosa,Stroh’s,1525263560
73,"The Fiesty Goat Pub",Sophie,Lois,Avis,Rosa,"Blackberry Tart Ale",1525263560
74,"Four Shields Tavern",Arlene,Nettie,Lina,Brent,Budweiser,1525531884
75,"Mancini's Family Restaurant",Cleo,Hubert,Hal,Nanette,"Newcastle Brown Ale",1523132398
76,"Mancini's Family Restaurant",Cleo,Hubert,Hal,Nanette,Feldschlösschen,1523132398
77,"Mancini's Family Restaurant",Cleo,Hubert,Hal,Nanette,"Tiger Beer",1523132398
78,"The Regal Beagle",Cherry,Francisca,Elsie,Mattie,Reuben,1514825456
79,"The Regal Beagle",Cherry,Francisca,Elsie,Mattie,Pan,1514825456
80,"The Vigilante",Dena,Ross,Vito,Leigh,Star,1520291216
81,"The Vigilante",Dena,Ross,Vito,Leigh,"Dos Equis XX",1520291216
82,"The Aidensfield Arms",Rod,Yvonne,Michel,Van,Feldschlösschen,1523133499
83,"The Aidensfield Arms",Rod,Yvonne,Michel,Van,"Farmhouse Red Ale",1523133499
84,"The Fiesty Goat Pub",Devon,Kermit,Florence,Aubrey,"Onion Rings",1520259890
85,"The Fiesty Goat Pub",Colette,Nancy,Kimberley,Stephan,"Blue Sword",1541272463
86,"The Fiesty Goat Pub",Colette,Nancy,Kimberley,Stephan,"Lakeport Brewing beer range",1541272463
87,"Founding Fathers",Lyle,Virgil,Lisa,Ursula,"French Fries",1543961274
88,"Founding Fathers",Heath,Earline,Alyssa,Dona,Shenyang,1531045772
89,"Korova Milk Bar",Ashley,Minerva,Leanne,Francesca,Chili,1525789927
90,"Korova Milk Bar",Ashley,Minerva,Leanne,Francesca,Beck’s,1525789927
91,"Korova Milk Bar",Ashley,Minerva,Leanne,Francesca,BLT,1525789927
92,"The Hand & Racquet, East Cheam",Graciela,Albert,Cliff,Michele,"Farmhouse Red Ale",1525733108
93,"Very Cool Secret Bar",Dewey,Desmond,Gerald,Misty,"Onion Rings",1538837822
94,"Very Cool Secret Bar",Dewey,Desmond,Gerald,Misty,"Onion Rings",1538837822
95,"The Vigilante",Socorro,Emilia,Eddie,Maryanne,Feldschlösschen,1520368544
96,"Mancini's Family Restaurant",Abby,Merlin,Hal,Nanette,Zagorka,1520465570
97,"The Boar's Nest",Elsie,Mattie,Randall,Lester,"Bread Sticks",1538874803
98,"The Boar's Nest",Elsie,Mattie,Randall,Lester,Chili,1538874803
99,"The Boar's Nest",Elsie,Mattie,Randall,Lester,"Karbach Brewing Company",1538874803
100,"Founding Fathers",Ilene,Meghan,Dena,Louie,"Raspberry Cream Ale",1525555835
101,"Very Cool Secret Bar",Kara,Ali,Albert,Wm,"Cinnamon Horchata Ale",1525743352
102,"Very Cool Secret Bar",Kara,Ali,Albert,Wm,"Mozzarella Sticks",1525743352
103,"The Malt Shovel",Bianca,Santiago,Maxwell,Ruben,Pizza,1528482890
104,"The Malt Shovel",Bianca,Santiago,Maxwell,Ruben,"Chicken Fingers",1528482890
105,"Four Shields Tavern",Herman,Terence,Stacy,Sofia,Nachos,1538919250
106,"Four Shields Tavern",Herman,Terence,Stacy,Sofia,"Stag Beer",1538919250
107,"Four Shields Tavern",Herman,Terence,Stacy,Sofia,"Lone Star",1538919250
108,"The Fiesty Goat Pub",Cecilia,Courtney,Helena,Kathryn,"Burger Sliders",1517983215
109,"The Fiesty Goat Pub",Cecilia,Courtney,Helena,Kathryn,Beck’s,1517983215
110,"The Fiesty Goat Pub",Cecilia,Courtney,Helena,Kathryn,"Harvest Pumpkin Ale",1517983215
111,"Four Shields Tavern",Damien,Elda,Alberto,Jewel,"Bread Sticks",1536040567
112,"Four Shields Tavern",Damien,Elda,Alberto,Jewel,Cruzcampo,1536040567
113,"Four Shields Tavern",Damien,Elda,Alberto,Jewel,Beck’s,1536040567
114,"The Malt Shovel",Lara,Harley,Ursula,Hal,Star,1538605061
115,"The Malt Shovel",Lara,Harley,Ursula,Hal,"Blue Moon Pale Ale",1538605061
116,"Rovers Return Inn",Kristin,Cherie,Natasha,Cruz,"Spiced Amber Ale",1522698356
117,"Rovers Return Inn",Kristin,Cherie,Natasha,Cruz,"Curly Fries",1522698356
118,"Rovers Return Inn",Kristin,Cherie,Natasha,Cruz,"Harvest Pumpkin Ale",1522698356
119,"The Boar's Nest",Tracie,Isabella,Keisha,Armand,"Jalapeno Poppers",1519940570
120,"The Domain of the King Bar and Grille",Alexis,Geri,Frederick,Clifton,"Schmidt’s Premium Beer",1523040526
121,"The Domain of the King Bar and Grille",Alexis,Geri,Frederick,Clifton,"Chicken Wings",1523040526
122,"Korova Milk Bar",Issac,Trina,Deanna,Cruz,BLT,1530814557
123,"Korova Milk Bar",Issac,Trina,Deanna,Cruz,"Stag Beer",1530814557
124,"Korova Milk Bar",Issac,Trina,Deanna,Cruz,"Blackberry Tart Ale",1530814557
125,"The Boar's Nest",Polly,Darryl,Harriet,Emilia,Brahma,1515294237
126,"The Boar's Nest",Polly,Darryl,Harriet,Emilia,"Spring Blonde Wheat Ale",1515294237
127,"The Vigilante",Meghan,Theron,Beverly,Natasha,"Gorkha Beer",1541690628
128,"The Vigilante",Meghan,Theron,Beverly,Natasha,Chili,1541690628
129,"The Vigilante",Meghan,Theron,Beverly,Natasha,"Kokanee beers",1541690628
130,"The Malt Shovel",Mamie,Cameron,Delia,Nora,Skol,1515269206
131,"The Malt Shovel",Mamie,Cameron,Delia,Nora,Carlsberg,1515269206
132,"The Domain of the King Bar and Grille",Christa,Marsha,Frederick,Clifton,"Lone Star",1533571991
133,"The Domain of the King Bar and Grille",Christa,Marsha,Frederick,Clifton,Reuben,1533571991
134,"Four Shields Tavern",Lina,Brent,Shawn,Andrea,Ochota,1541149481
135,"The Vigilante",Lillian,Lorrie,Eddie,Maryanne,Shenyang,1520361057
136,"Black Horse",Kelsey,Garland,Antonia,Penelope,Star,1520338778
137,"Four Shields Tavern",Harvey,Rogelio,Rickey,Noemi,"Sunshine Citrus Blonde",1541585565
138,"Four Shields Tavern",Harvey,Rogelio,Rickey,Noemi,"Blue Moon Grand Cru",1541585565
139,"Korova Milk Bar",Jefferson,Lolita,Deanna,Cruz,"Burger Sliders",1536140141
140,"Korova Milk Bar",Jefferson,Lolita,Deanna,Cruz,Beck’s,1536140141
141,"The Aidensfield Arms",Michael,Ramiro,Charles,Elton,"Schaefer Beer",1536181222
142,"The Aidensfield Arms",Michael,Ramiro,Charles,Elton,"Goose Island Brewery",1536181222
143,"The Boar's Nest",Grant,Karin,Vilma,Kay,"Grilled Cheese",1544218963
144,"Four Shields Tavern",Doretha,Jim,Lori,Dominick,Ochota,1539031667
145,"The Boar's Nest",Chandra,Gene,Harriet,Emilia,Pizza,1533622707
146,"The Boar's Nest",Chandra,Gene,Harriet,Emilia,"Bud Light",1533622707
147,"The Boar's Nest",Chandra,Gene,Harriet,Emilia,"Past Blue Ribbon",1533622707
148,"The Fiesty Goat Pub",Natalia,Adrienne,Tonia,Melissa,"Mozzarella Sticks",1538716178
149,"The Fiesty Goat Pub",Natalia,Adrienne,Tonia,Melissa,"Cocoa Brown Ale",1538716178
150,"The Boar's Nest",Raphael,Cassandra,Lucas,Belinda,"Karbach Brewing Company",1522968579
151,"The Domain of the King Bar and Grille",Buford,Alana,Frederick,Clifton,"House Salad",1520316799
152,"The Domain of the King Bar and Grille",Buford,Alana,Frederick,Clifton,"Schmidt’s Premium Beer",1520316799
153,"Mancini's Family Restaurant",Sebastian,Carter,Nell,Rita,Largo,1517770316
154,"Mancini's Family Restaurant",Sebastian,Carter,Nell,Rita,"House Salad",1517770316
155,"Mancini's Family Restaurant",Sebastian,Carter,Nell,Rita,Murphy’s,1517770316
156,"The Fiesty Goat Pub",Roy,Maxwell,Noemi,Amelia,"Cheese Fries",1544250500
157,"The Fiesty Goat Pub",Roy,Maxwell,Noemi,Amelia,"Chicken Sandwich",1544250500
158,"The Vigilante",Roy,Maxwell,Concepcion,Ricky,"Newcastle Brown Ale",1517661100
159,"Four Shields Tavern",Doretha,Jim,Shawn,Andrea,Reuben,1543684360
160,"Four Shields Tavern",Doretha,Jim,Shawn,Andrea,"Buffalo Wings",1543684360
161,"Rovers Return Inn",Kay,Della,Mari,Reuben,"Blue Moon",1538436615
162,"Rovers Return Inn",Kay,Della,Mari,Reuben,"Grilled Cheese",1538436615
163,"The Aidensfield Arms",Steve,Rachael,Polly,Mark,"Schaefer Beer",1541098340
164,"The Aidensfield Arms",Steve,Rachael,Polly,Mark,Shenyang,1541098340
165,"The Aidensfield Arms",Steve,Rachael,Polly,Mark,Reuben,1541098340
166,"Black Horse",Karyn,Patrice,Gertrude,Ethel,Ochota,1544268627
167,"Black Horse",Karyn,Patrice,Gertrude,Ethel,"Sunshine Citrus Blonde",1544268627
168,"Black Horse",Karyn,Patrice,Gertrude,Ethel,Busch,1544268627
169,"Very Cool Secret Bar",Raymundo,Christa,Truman,Jerry,Bosman,1541436069
170,"Very Cool Secret Bar",Raymundo,Christa,Truman,Jerry,"Chicken Sandwich",1541436069
171,"Four Shields Tavern",Gerald,Misty,Gabriel,Gordon,"Blue Sword",1517778718
172,"The Boar's Nest",Tammi,Marie,Juan,Sarah,Shenyang,1535923480
173,"Rovers Return Inn",Cherry,Francisca,Saul,Danielle,Beck’s,1522840716
174,"Rovers Return Inn",Cherry,Francisca,Saul,Danielle,Beck’s,1522840716
175,"Rovers Return Inn",Cherry,Francisca,Saul,Danielle,"Blackberry Tart Ale",1522840716
176,"Founding Fathers",Linda,Rusty,Lauri,Juliet,"Peanut Butter Ale",1541524960
177,"Founding Fathers",Linda,Rusty,Lauri,Juliet,"Buffalo Wings",1541524960
178,"Very Cool Secret Bar",Brendan,Harvey,Jose,Rex,Ochota,1517759447
179,"Very Cool Secret Bar",Brendan,Harvey,Jose,Rex,"Farmhouse Red Ale",1517759447
180,"Very Cool Secret Bar",Brendan,Harvey,Jose,Rex,Reuben,1517759447
181,"The Vigilante",Eliza,Brent,Ava,Delmar,Cheeseburger,1538465822
182,"The Vigilante",Eliza,Brent,Ava,Delmar,"Agave Nectar Ale",1538465822
183,"Very Cool Secret Bar",Rhonda,Bridget,Walter,Tim,"Green Leaves",1530900339
184,"Very Cool Secret Bar",Rhonda,Bridget,Walter,Tim,Chili,1530900339
185,"Very Cool Secret Bar",Rhonda,Bridget,Walter,Tim,"Karbach Brewing Company",1530900339
186,"Four Shields Tavern",Ali,Rocky,Rickey,Noemi,"Onion Rings",1515359733
187,"Four Shields Tavern",Ali,Rocky,Rickey,Noemi,Kronenbourg,1515359733
188,"Black Horse",Graciela,Albert,Sylvia,Damien,BLT,1520016643
189,"Black Horse",Graciela,Albert,Sylvia,Damien,"Chicken Wings",1520016643
190,"Black Horse",Graciela,Albert,Sylvia,Damien,"Kokanee beers",1520016643
191,"Very Cool Secret Bar",Lamont,Timothy,Charmaine,Damian,Ochota,1519934466
192,"Very Cool Secret Bar",Lamont,Timothy,Charmaine,Damian,"French Fries",1519934466
193,"Very Cool Secret Bar",Lamont,Timothy,Charmaine,Damian,Beck’s,1519934466
194,"The Vigilante",Kay,Della,Vito,Leigh,"Elysian Brewing Company",1525552298
195,"The Aidensfield Arms",Lelia,Arturo,Charles,Elton,"Goose Island Brewery",1541450684
196,"The Aidensfield Arms",Lelia,Arturo,Charles,Elton,1664,1541450684
197,"Korova Milk Bar",Jody,Edythe,Kristopher,Christi,Brahma,1538731304
198,"Korova Milk Bar",Jody,Edythe,Kristopher,Christi,"Grilled Cheese",1538731304
199,"The Boar's Nest",Nadine,Alyce,Elva,Tina,"Gorkha Beer",1536173942
200,"The Domain of the King Bar and Grille",Abby,Merlin,Hollis,Bessie,Corona,1544235902
201,"The Domain of the King Bar and Grille",Abby,Merlin,Hollis,Bessie,Chili,1544235902
202,"The Aidensfield Arms",Chester,Dave,Michel,Van,"Green Leaves",1536340744
203,"The Aidensfield Arms",Chester,Dave,Michel,Van,"Cheese Fries",1536340744
204,"The Malt Shovel",Doretha,Jim,Ursula,Hal,"Buffalo Wings",1525441278
205,"The Malt Shovel",Doretha,Jim,Ursula,Hal,"Buffalo Wings",1525441278
206,"The Malt Shovel",Doretha,Jim,Ursula,Hal,"Curly Fries",1525441278
207,"The Hand & Racquet, East Cheam",Jaime,David,Dominick,Erma,"Spiced Amber Ale",1514969208
208,"The Hand & Racquet, East Cheam",Jaime,David,Dominick,Erma,"Cheese Fries",1514969208
209,"The Domain of the King Bar and Grille",Fern,Dante,Adelaide,Cedric,"Summer Honey Wheat Ale",1533334701
210,"The Boar's Nest",Tammi,Marie,Harriet,Emilia,"Onion Rings",1515265395
211,"The Boar's Nest",Tammi,Marie,Harriet,Emilia,Cheeseburger,1515265395
212,"Korova Milk Bar",Natasha,Cruz,Nellie,Fern,BLT,1535940512
213,"Korova Milk Bar",Natasha,Cruz,Nellie,Fern,Pan,1535940512
214,"Korova Milk Bar",Natasha,Cruz,Nellie,Fern,"Burger Sliders",1535940512
215,"Mancini's Family Restaurant",Tamika,Carole,Morris,Hallie,"Farmhouse Red Ale",1541174271
216,"Mancini's Family Restaurant",Tamika,Carole,Morris,Hallie,BLT,1541174271
217,"Mancini's Family Restaurant",Tamika,Carole,Morris,Hallie,Zagorka,1541174271
218,"The Hand & Racquet, East Cheam",Graham,Kimberly,Cliff,Michele,"Kokanee beers",1533633023
219,"The Boar's Nest",Adrian,Judy,Harriet,Emilia,Bosman,1530952878
220,"Korova Milk Bar",Alice,Mike,Kristopher,Christi,"Lakeport Brewing beer range",1515171156
221,"Korova Milk Bar",Alice,Mike,Kristopher,Christi,"French Fries",1515171156
222,"Korova Milk Bar",Alice,Mike,Kristopher,Christi,"Colt 45",1515171156
223,"Very Cool Secret Bar",Leonor,Tonya,Walter,Tim,Quesadillas,1523030521
224,"The Regal Beagle",Julie,Abel,Elsie,Mattie,Hamburger,1519971230
225,"The Regal Beagle",Julie,Abel,Elsie,Mattie,"Dos Equis XX",1519971230
226,"The Regal Beagle",Julie,Abel,Elsie,Mattie,"Pearl Lager Beer",1519971230
227,"Very Cool Secret Bar",Ava,Phyllis,Numbers,Mildred,"Pearl Lager Beer",1536182234
228,"Mancini's Family Restaurant",Fern,Dante,Graciela,Albert,Ochota,1544108358
229,"Mancini's Family Restaurant",Fern,Dante,Graciela,Albert,"Chicken Wings",1544108358
230,"Founding Fathers",Ernesto,Wilbert,Denice,Blaine,BLT,1533215693
231,"Mancini's Family Restaurant",Bobbi,Anna,Armand,Holly,"Alexander Keith&#8217;s beer range",1514933541
232,"The Malt Shovel",Bianca,Santiago,Romeo,Antoine,Quesadillas,1535912724
233,"The Malt Shovel",Bianca,Santiago,Romeo,Antoine,Shenyang,1535912724
234,"Korova Milk Bar",Jefferson,Lolita,Kristopher,Christi,Skol,1515119534
235,"Korova Milk Bar",Jefferson,Lolita,Kristopher,Christi,Reuben,1515119534
236,"Korova Milk Bar",Jefferson,Lolita,Kristopher,Christi,Amstel,1515119534
237,"The Hand & Racquet, East Cheam",Tania,Jerry,Shane,Sonia,"Dos Equis XX",1518009324
238,"The Hand & Racquet, East Cheam",Tania,Jerry,Shane,Sonia,Baltika,1518009324
239,"The Hand & Racquet, East Cheam",Tania,Jerry,Shane,Sonia,"Farmhouse Red Ale",1518009324
240,"The Aidensfield Arms",Benita,Theodore,Freddie,Louella,"Goose Island Brewery",1533742910
241,"The Aidensfield Arms",Benita,Theodore,Freddie,Louella,BLT,1533742910
242,"The Aidensfield Arms",Benita,Theodore,Freddie,Louella,Nachos,1533742910
243,"Korova Milk Bar",Jody,Edythe,Numbers,Neil,"Karbach Brewing Company",1530971439
244,"Korova Milk Bar",Jody,Edythe,Numbers,Neil,"Sunshine Citrus Blonde",1530971439
245,"Korova Milk Bar",Jody,Edythe,Numbers,Neil,"Curly Fries",1530971439
246,"The Boar's Nest",Dominick,Erma,Kent,Quincy,BLT,1538938073
247,"The Malt Shovel",Elise,Viola,Raymundo,Christa,"Special Brew",1515185918
248,"The Malt Shovel",Elise,Viola,Raymundo,Christa,"Chicken Wings",1515185918
249,"The Malt Shovel",Elise,Viola,Raymundo,Christa,Hamburger,1515185918
250,"Rovers Return Inn",Cherry,Francisca,Inez,Heidi,"Bread Sticks",1518122165
251,"Four Shields Tavern",Earlene,Ronnie,Lina,Brent,"House Salad",1538735419
252,"Four Shields Tavern",Earlene,Ronnie,Lina,Brent,"Green Leaves",1538735419
253,"The Aidensfield Arms",Daisy,Concepcion,Raymundo,Leola,"Chicken Fingers",1536252926
254,"The Aidensfield Arms",Daisy,Concepcion,Raymundo,Leola,"Elephant Beer",1536252926
255,"Very Cool Secret Bar",Karla,Ross,Truman,Jerry,"Nut Brown Ale",1522909633
256,"The Aidensfield Arms",Rodrigo,Matilda,Mayra,Lorraine,Cheeseburger,1544020451
257,"The Aidensfield Arms",Rodrigo,Matilda,Mayra,Lorraine,Nachos,1544020451
258,"The Hand & Racquet, East Cheam",Lenora,Jan,Stewart,Phoebe,"National Bohemian Beer",1538846216
259,"The Hand & Racquet, East Cheam",Lenora,Jan,Stewart,Phoebe,"Golden Road",1538846216
260,"The Regal Beagle",Meghan,Cleo,Michael,Ramiro,"Newcastle Brown Ale",1530964219
261,"Rovers Return Inn",Antionette,Aileen,Natasha,Cruz,Skol,1543841172
262,"Black Horse",Rodrigo,Matilda,Hunter,Chelsea,"Bread Sticks",1520255787
263,"Black Horse",Rodrigo,Matilda,Hunter,Chelsea,"Pearl Lager Beer",1520255787
264,"The Hand & Racquet, East Cheam",Graham,Kimberly,Sasha,Cary,Beck’s,1538983383
265,"The Hand & Racquet, East Cheam",Graham,Kimberly,Sasha,Cary,"Burger Sliders",1538983383
266,"The Hand & Racquet, East Cheam",Graham,Kimberly,Sasha,Cary,"Spiced Amber Ale",1538983383
267,"The Aidensfield Arms",Jay,Tamika,Timmy,Janis,Pizza,1538885326
268,"The Aidensfield Arms",Jay,Tamika,Timmy,Janis,"Newcastle Brown Ale",1538885326
269,"The Aidensfield Arms",Jay,Tamika,Timmy,Janis,Corona,1538885326
270,"The Malt Shovel",Lara,Harley,Walter,Jeffery,"Chicken Sandwich",1541366557
271,"The Malt Shovel",Lara,Harley,Walter,Jeffery,Reuben,1541366557
272,"The Malt Shovel",Lara,Harley,Walter,Jeffery,"Green Leaves",1541366557
273,"Mancini's Family Restaurant",Frederick,Clifton,Graciela,Albert,"Raspberry Cream Ale",1536236830
274,"Mancini's Family Restaurant",Frederick,Clifton,Graciela,Albert,"Blue Moon",1536236830
275,"The Boar's Nest",Lynette,Houston,Juan,Sarah,Baltika,1541177070
276,"Four Shields Tavern",Lara,Harley,Rickey,Noemi,Cruzcampo,1515349417
277,"The Vigilante",Cecilia,Courtney,Vito,Leigh,"Kokanee beers",1525625636
278,"Four Shields Tavern",Harvey,Rogelio,Stacy,Sofia,Bosman,1523070378
279,"Very Cool Secret Bar",Geri,Wiley,Gerald,Misty,Belle,1528260370
280,"Very Cool Secret Bar",Geri,Wiley,Gerald,Misty,"Onion Rings",1528260370
281,"Very Cool Secret Bar",Geri,Wiley,Gerald,Misty,"Bud Light",1528260370
282,"The Regal Beagle",Miles,Ila,Valeria,Clayton,"Rounder Belgian",1538831720
283,"The Regal Beagle",Miles,Ila,Valeria,Clayton,"House Salad",1538831720
284,"Korova Milk Bar",Issac,Trina,Enrique,Tasha,Bosman,1525274924
285,"Korova Milk Bar",Issac,Trina,Enrique,Tasha,"Dos Equis XX",1525274924
286,"The Hand & Racquet, East Cheam",Vivian,Jana,Steve,Rachael,Corona,1536239619
287,"Rovers Return Inn",Lamont,Timothy,Saul,Danielle,"Bud Light",1520125775
288,"Rovers Return Inn",Lamont,Timothy,Saul,Danielle,Beck’s,1520125775
289,"Rovers Return Inn",Lamont,Timothy,Saul,Danielle,"Schaefer Beer",1520125775
290,"The Malt Shovel",Araceli,Jewell,Romeo,Antoine,"House Salad",1538549579
291,"The Malt Shovel",Araceli,Jewell,Romeo,Antoine,"Blue Moon Pale Ale",1538549579
292,"The Malt Shovel",Araceli,Jewell,Romeo,Antoine,"Kokanee beers",1538549579
293,"Founding Fathers",Olivia,Jasmin,Lisa,Ursula,"Chicken Wings",1520201445
294,"Founding Fathers",Olivia,Jasmin,Lisa,Ursula,"Kokanee beers",1520201445
295,"Founding Fathers",Olivia,Jasmin,Lisa,Ursula,"Green Leaves",1520201445
296,"The Boar's Nest",Adelaide,Cedric,Juan,Sarah,Skol,1517595124
297,"The Boar's Nest",Adelaide,Cedric,Juan,Sarah,Shenyang,1517595124
298,"The Boar's Nest",Adelaide,Cedric,Juan,Sarah,"Bud Light",1517595124
299,"Black Horse",Rufus,Carlos,Christa,Sammy,"Caramel Apple Spiced Ale",1517813583
300,"The Fiesty Goat Pub",Marguerite,Shelley,Cleo,Hubert,"Goose Island Brewery",1541591721
301,"The Fiesty Goat Pub",Marguerite,Shelley,Cleo,Hubert,"Pearl Lager Beer",1541591721
302,"Korova Milk Bar",Emilie,Leta,Kristopher,Christi,Reuben,1525537357
303,"Korova Milk Bar",Emilie,Leta,Kristopher,Christi,"Blackberry Tart Ale",1525537357
304,"The Boar's Nest",Tammi,Marie,Keisha,Armand,Shenyang,1525259701
305,"Mancini's Family Restaurant",Eddie,Maryanne,Nina,Susie,Carlsberg,1525530029
306,"Mancini's Family Restaurant",Eddie,Maryanne,Nina,Susie,"Newcastle Brown Ale",1525530029
307,"Mancini's Family Restaurant",Eddie,Maryanne,Nina,Susie,"National Bohemian Beer",1525530029
308,"The Boar's Nest",Heath,Earline,Lucas,Belinda,"Four Peaks",1541418545
309,"The Boar's Nest",Heath,Earline,Lucas,Belinda,Pizza,1541418545
310,"Founding Fathers",Wilmer,Allyson,Kara,Jodi,"Summer Honey Wheat Ale",1536329400
311,"Very Cool Secret Bar",Kim,Ann,Zachery,Hillary,Jacobsen,1523194223
312,"The Aidensfield Arms",Jeremy,Carole,Mayra,Lorraine,Nachos,1538693721
313,"The Aidensfield Arms",Jeremy,Carole,Mayra,Lorraine,Hamburger,1538693721
314,"Rovers Return Inn",Rosa,Tracey,Caitlin,Alfredo,"Jalapeno Poppers",1528182112
315,"Rovers Return Inn",Rosa,Tracey,Caitlin,Alfredo,"Chai Spiced Ale",1528182112
316,"The Boar's Nest",Ernie,Lewis,Elva,Tina,"Lakeport Brewing beer range",1523018046
317,"The Boar's Nest",Ernie,Lewis,Elva,Tina,"Chai Spiced Ale",1523018046
318,"The Boar's Nest",Ernie,Lewis,Elva,Tina,"Karbach Brewing Company",1523018046
319,"The Boar's Nest",Chandra,Gene,Randall,Lester,Bosman,1520354852
320,"The Boar's Nest",Chandra,Gene,Randall,Lester,Baltika,1520354852
321,"The Regal Beagle",Miles,Ila,Valeria,Clayton,Pizza,1523058241
322,"The Regal Beagle",Miles,Ila,Valeria,Clayton,"Rounder Belgian",1523058241
323,"Korova Milk Bar",Jane,Margret,Marty,Mara,"Lakeport Brewing beer range",1520368227
324,"Korova Milk Bar",Jane,Margret,Marty,Mara,Belle,1520368227
325,"Four Shields Tavern",Gerald,Misty,Aida,Blanche,"Stella Artois",1515255844
326,"Korova Milk Bar",Hattie,Tasha,Leanne,Francesca,"Spring Blonde Wheat Ale",1528450653
327,"Korova Milk Bar",Hattie,Tasha,Leanne,Francesca,Bosman,1528450653
328,"Founding Fathers",Anna,Ernestine,Dena,Louie,Snow,1536179093
329,"The Boar's Nest",Lynette,Houston,Randall,Lester,"Gorkha Beer",1523043107
330,"The Boar's Nest",Lynette,Houston,Randall,Lester,"Tiger Beer",1523043107
331,"The Boar's Nest",Lynette,Houston,Randall,Lester,Shenyang,1523043107
332,"The Regal Beagle",Elvis,Ronda,Hung,Harry,"Curly Fries",1520313678
333,"The Boar's Nest",Wendy,Stephen,Keisha,Armand,"Karbach Brewing Company",1527947797
334,"Very Cool Secret Bar",Gus,Bradley,Truman,Jerry,Ochota,1536151277
335,"Very Cool Secret Bar",Gus,Bradley,Truman,Jerry,"Mozzarella Sticks",1536151277
336,"Korova Milk Bar",Madge,Angeline,Enrique,Tasha,Chili,1543753716
337,"The Boar's Nest",Lynette,Houston,Kirk,Booker,Pizza,1517714478
338,"The Boar's Nest",Lynette,Houston,Kirk,Booker,"Grilled Cheese",1517714478
339,"The Boar's Nest",Lynette,Houston,Kirk,Booker,BLT,1517714478
340,"Very Cool Secret Bar",Archie,Esther,Jose,Rex,Bosman,1536041965
341,"The Aidensfield Arms",Hubert,Alyce,Liza,Hope,"Rounder Belgian",1538521277
342,"The Aidensfield Arms",Hubert,Alyce,Liza,Hope,"Elephant Beer",1538521277
343,"The Aidensfield Arms",Hubert,Alyce,Liza,Hope,Quesadillas,1538521277
344,"Very Cool Secret Bar",Numbers,Neil,Charmaine,Damian,Stroh’s,1538498777
345,"Very Cool Secret Bar",Numbers,Neil,Charmaine,Damian,Ochota,1538498777
346,"Very Cool Secret Bar",Numbers,Neil,Charmaine,Damian,Beerlao,1538498777
347,"Four Shields Tavern",Emery,Ervin,Gabriel,Gordon,Pizza,1528163745
348,"Four Shields Tavern",Emery,Ervin,Gabriel,Gordon,Budweiser,1528163745
349,"Four Shields Tavern",Emery,Ervin,Gabriel,Gordon,"Stag Beer",1528163745
350,"The Regal Beagle",Sidney,Alexis,Lelia,Arturo,Reuben,1538906409
351,"Mancini's Family Restaurant",Irving,Jarrod,Hal,Nanette,"Harvest Pumpkin Ale",1520486731
352,"Mancini's Family Restaurant",Irving,Jarrod,Hal,Nanette,"Special Brew",1520486731
353,"The Fiesty Goat Pub",Devon,Kermit,Bernice,Latoya,"Newcastle Brown Ale",1536171855
354,"The Regal Beagle",Alfredo,Sharron,Valeria,Clayton,"Blue Sword",1538860619
355,"The Regal Beagle",Alfredo,Sharron,Valeria,Clayton,"Nut Brown Ale",1538860619
356,"The Aidensfield Arms",Nadine,Alyce,Mayra,Lorraine,"Birra Moretti",1538683185
357,"The Malt Shovel",Mina,Marisa,Walter,Jeffery,"Bread Sticks",1515160413
358,"The Malt Shovel",Mina,Marisa,Walter,Jeffery,Hoegaarden,1515160413
359,"The Malt Shovel",Mina,Marisa,Walter,Jeffery,"Chicken Fingers",1515160413
360,"Four Shields Tavern",Erin,Norma,Lina,Brent,"Heineken Lager Beer",1530805048
361,"Four Shields Tavern",Erin,Norma,Lina,Brent,Beck’s,1530805048
362,"Four Shields Tavern",Erin,Norma,Lina,Brent,Nachos,1530805048
363,"The Domain of the King Bar and Grille",Kathi,Shawna,Deborah,Sally,"Mountain Abbey Ale",1522665967
364,"The Domain of the King Bar and Grille",Kathi,Shawna,Deborah,Sally,Brahma,1522665967
365,"Four Shields Tavern",Garry,Dalton,Gabriel,Gordon,Beck’s,1520219942
366,"Four Shields Tavern",Garry,Dalton,Gabriel,Gordon,"Bread Sticks",1520219942
367,"Four Shields Tavern",Garry,Dalton,Gabriel,Gordon,Kronenbourg,1520219942
368,"The Domain of the King Bar and Grille",Rod,Marcos,Adelaide,Cedric,"Burger Sliders",1517676751
369,"The Domain of the King Bar and Grille",Rod,Marcos,Adelaide,Cedric,"Spiced Amber Ale",1517676751
370,"The Regal Beagle",Sheena,Jesse,Hung,Harry,Ochota,1541495945
371,"The Regal Beagle",Sheena,Jesse,Hung,Harry,Star,1541495945
372,"Korova Milk Bar",Brittany,Hans,Nellie,Fern,Huadan,1530620328
373,"Founding Fathers",Monika,Alice,Kara,Jodi,"Summer Honey Wheat Ale",1531014528
374,"Founding Fathers",Monika,Alice,Kara,Jodi,Stroh’s,1531014528
375,"Rovers Return Inn",Milton,Nicole,Natasha,Cruz,"Blue Moon",1522720311
376,"The Malt Shovel",Doretha,Jim,Ursula,Hal,"Blue Moon Pale Ale",1541280402
377,"The Boar's Nest",Angie,Leroy,Kent,Quincy,Busch,1525701456
378,"The Boar's Nest",Angie,Leroy,Kent,Quincy,Grimbergen,1525701456
379,"The Boar's Nest",Angie,Leroy,Kent,Quincy,Busch,1525701456
380,"The Boar's Nest",Virginia,Stacey,Randall,Lester,"Buffalo Wings",1538819892
381,"The Boar's Nest",Virginia,Stacey,Randall,Lester,"Special Brew",1538819892
382,"Very Cool Secret Bar",Leonor,Tonya,Gerald,Misty,Stroh’s,1517942974
383,"Very Cool Secret Bar",Leonor,Tonya,Gerald,Misty,Amstel,1517942974
384,"Very Cool Secret Bar",Leonor,Tonya,Gerald,Misty,Baltika,1517942974
385,"The Aidensfield Arms",Terrance,Bill,Polly,Mark,"Schaefer Beer",1525243563
386,"The Aidensfield Arms",Terrance,Bill,Polly,Mark,"Alexander Keith&#8217;s beer range",1525243563
387,"Four Shields Tavern",Arlene,Nettie,Lori,Dominick,"Past Blue Ribbon",1538948543
388,"Four Shields Tavern",Arlene,Nettie,Lori,Dominick,Nachos,1538948543
389,"The Domain of the King Bar and Grille",Bobbi,Anna,Jasmine,Greg,"Gorkha Beer",1517817108
390,"The Domain of the King Bar and Grille",Bobbi,Anna,Jasmine,Greg,"Blue Sword",1517817108
391,"The Domain of the King Bar and Grille",Bobbi,Anna,Jasmine,Greg,Pan,1517817108
392,"The Vigilante",Orlando,Madelyn,Beverly,Natasha,"Newcastle Brown Ale",1523187461
393,"The Domain of the King Bar and Grille",Renae,Justina,Jasmine,Greg,"Cheese Fries",1533486455
394,"The Domain of the King Bar and Grille",Renae,Justina,Jasmine,Greg,Reuben,1533486455
395,"The Domain of the King Bar and Grille",Renae,Justina,Jasmine,Greg,"Chicken Wings",1533486455
396,"Very Cool Secret Bar",Roosevelt,Kaitlin,Charmaine,Damian,"Spiced Amber Ale",1525203889
397,"The Domain of the King Bar and Grille",Virgil,Santiago,Deborah,Sally,"Peanut Butter Ale",1533163770
398,"The Domain of the King Bar and Grille",Virgil,Santiago,Deborah,Sally,Snow,1533163770
399,"Founding Fathers",Stacie,Shelton,Denice,Joaquin,"Kokanee beers",1522956889
400,"Founding Fathers",Stacie,Shelton,Denice,Joaquin,BLT,1522956889
401,"Founding Fathers",Stacie,Shelton,Denice,Joaquin,"Valencia Amber Ale",1522956889
402,"The Vigilante",Walter,Rosa,Amalia,Bernice,Baltika,1523013992
403,"Very Cool Secret Bar",Deanna,Cruz,Rosalie,Kristen,"Cinnamon Horchata Ale",1541178501
404,"Very Cool Secret Bar",Deanna,Cruz,Rosalie,Kristen,Beck’s,1541178501
405,"Very Cool Secret Bar",Deanna,Cruz,Gerald,Misty,1664,1544076793
406,"The Aidensfield Arms",Hubert,Alyce,Freddie,Louella,Hamburger,1544226817
407,"The Aidensfield Arms",Hubert,Alyce,Freddie,Louella,"Elephant Beer",1544226817
408,"The Aidensfield Arms",Hubert,Alyce,Freddie,Louella,Corona,1544226817
409,"The Fiesty Goat Pub",Lyle,Virgil,Cleo,Hubert,"Raspberry Cream Ale",1515376290
410,"The Fiesty Goat Pub",Lyle,Virgil,Cleo,Hubert,"Schaefer Beer",1515376290
411,"The Fiesty Goat Pub",Lyle,Virgil,Cleo,Hubert,"Pearl Lager Beer",1515376290
412,"The Malt Shovel",Freddie,Nelda,Collin,Russell,Huadan,1523010181
413,"Very Cool Secret Bar",Rhonda,Bridget,Walter,Tim,Leffe,1530919605
414,"Very Cool Secret Bar",Rhonda,Bridget,Walter,Tim,"Green Leaves",1530919605
415,"Very Cool Secret Bar",Rhonda,Bridget,Walter,Tim,Leffe,1530919605
416,"The Vigilante",Cleo,Hubert,Concepcion,Ricky,"Four Peaks",1528029086
417,"The Vigilante",Cleo,Hubert,Concepcion,Ricky,"Dos Equis XX",1528029086
418,"The Vigilante",Cleo,Hubert,Concepcion,Ricky,"Peanut Butter Ale",1528029086
419,"The Vigilante",Derick,Eldon,Maryann,Annmarie,"Mozzarella Sticks",1544010569
420,"The Vigilante",Derick,Eldon,Maryann,Annmarie,"Golden Road",1544010569
421,"The Fiesty Goat Pub",Karin,Cornell,Cleo,Hubert,"Cheese Fries",1530993256
422,"Very Cool Secret Bar",Florence,Herman,Truman,Jerry,"Cappuccino Oatmeal Stout",1522944370
423,"The Regal Beagle",Ora,Claude,Paul,Lilly,Reuben,1539007553
424,"The Regal Beagle",Ora,Claude,Paul,Lilly,"Grilled Cheese",1539007553
425,"Very Cool Secret Bar",Rhonda,Bridget,Rosalie,Kristen,Murphy’s,1517639776
426,"Very Cool Secret Bar",Rhonda,Bridget,Rosalie,Kristen,"Onion Rings",1517639776
427,"The Aidensfield Arms",Michael,Ramiro,Timmy,Janis,"Blue Sword",1528363110
428,"The Regal Beagle",Deanna,Lillie,Lamont,Timothy,"Stag Beer",1525526577
429,"The Regal Beagle",Deanna,Lillie,Lamont,Timothy,Busch,1525526577
430,"Black Horse",Denice,Blaine,Hunter,Chelsea,"Spring Blonde Wheat Ale",1533517485
431,"The Vigilante",Josie,Roosevelt,Fernando,Clarence,Grimbergen,1528119839
432,"The Vigilante",Josie,Roosevelt,Fernando,Clarence,"Golden Road",1528119839
433,"The Vigilante",Josie,Roosevelt,Fernando,Clarence,"White IPA",1528119839
434,"Four Shields Tavern",Freddie,Nelda,Lina,Brent,Chili,1544013773
435,"The Boar's Nest",Nora,Aileen,Vilma,Kay,"Blue Moon",1525772430
436,"Very Cool Secret Bar",Samantha,Jolene,Truman,Jerry,Hamburger,1528169073
437,"Very Cool Secret Bar",Samantha,Jolene,Truman,Jerry,"Agave Nectar Ale",1528169073
438,"The Aidensfield Arms",Malcolm,Rickie,Liza,Hope,"Curly Fries",1520033025
439,"Four Shields Tavern",Harvey,Rogelio,Alberto,Jewel,Largo,1528103379
440,"Four Shields Tavern",Harvey,Rogelio,Alberto,Jewel,Star,1528103379
441,"Four Shields Tavern",Harvey,Rogelio,Alberto,Jewel,"Schaefer Beer",1528103379
442,"Rovers Return Inn",Kelsey,Rosalia,Jeremy,Carole,"Schaefer Beer",1541518782
443,"Rovers Return Inn",Kelsey,Rosalia,Jeremy,Carole,"Onion Rings",1541518782
444,"The Aidensfield Arms",Libby,Isaac,Michel,Van,"Chicken Sandwich",1515346091
445,"The Aidensfield Arms",Libby,Isaac,Michel,Van,Nachos,1515346091
446,"The Aidensfield Arms",Libby,Isaac,Michel,Van,"Grilled Cheese",1515346091
447,"The Aidensfield Arms",Harrison,Randy,Mayra,Lorraine,"Rounder Belgian",1517783016
448,"The Aidensfield Arms",Harrison,Randy,Mayra,Lorraine,"Farmhouse Red Ale",1517783016
449,"The Aidensfield Arms",Harrison,Randy,Mayra,Lorraine,"Peanut Butter Ale",1517783016
450,"The Domain of the King Bar and Grille",Damien,Elda,Marisa,Dorothea,"Alexander Keith&#8217;s beer range",1520464504
451,"The Domain of the King Bar and Grille",Damien,Elda,Marisa,Dorothea,Snow,1520464504
452,"Founding Fathers",Mathew,Sergio,Dena,Louie,"Blue Moon Grand Cru",1528201099
453,"Korova Milk Bar",Ashley,Minerva,Marty,Mara,Beck’s,1523027358
454,"Korova Milk Bar",Ashley,Minerva,Marty,Mara,"Belgian Table Pils",1523027358
455,"Founding Fathers",Benjamin,Joanne,Alyssa,Dona,"Blue Moon Pale Ale",1528471103
456,"Founding Fathers",Jeffry,Shanna,Lauri,Juliet,"Elephant Beer",1533640215
457,"Rovers Return Inn",Tabatha,Goldie,Quincy,Max,"Colt 45",1544122086
458,"Rovers Return Inn",Tabatha,Goldie,Quincy,Max,"Chicken Sandwich",1544122086
459,"Rovers Return Inn",Tabatha,Goldie,Quincy,Max,Carlsberg,1544122086
460,"Mancini's Family Restaurant",Ed,Jess,Graciela,Albert,Zagorka,1544133214
461,"Mancini's Family Restaurant",Ed,Jess,Graciela,Albert,Hamburger,1544133214
462,"Korova Milk Bar",Jessica,Bernard,Kristopher,Christi,"Green Leaves",1541408555
463,"Korova Milk Bar",Jessica,Bernard,Kristopher,Christi,BLT,1541408555
464,"Korova Milk Bar",Jessica,Bernard,Kristopher,Christi,Shenyang,1541408555
465,"The Aidensfield Arms",Hubert,Alyce,Mayra,Lorraine,"Chicken Fingers",1530733318
466,"Korova Milk Bar",Francine,Marjorie,Angel,Letha,Shenyang,1530876707
467,"Korova Milk Bar",Francine,Marjorie,Angel,Letha,"Blue Moon Grand Cru",1530876707
468,"Korova Milk Bar",Francine,Marjorie,Angel,Letha,Pizza,1530876707
469,"The Fiesty Goat Pub",Antoinette,Gerry,Avis,Rosa,"Tiger Beer",1543738906
470,"Korova Milk Bar",Earlene,Ronnie,Enrique,Tasha,"Stag Beer",1522622828
471,"The Regal Beagle",Nina,Laurie,Michael,Ramiro,"Caramel Apple Spiced Ale",1523065059
472,"The Regal Beagle",Nina,Laurie,Michael,Ramiro,Pan,1523065059
473,"Black Horse",Fletcher,Zelda,Charles,Etta,Quesadillas,1531006576
474,"Black Horse",Fletcher,Zelda,Charles,Etta,Quesadillas,1531006576
475,"Black Horse",Fletcher,Zelda,Charles,Etta,"Jalapeno Poppers",1531006576
476,"Korova Milk Bar",Erik,Theresa,Kristopher,Christi,"Green Leaves",1515142586
477,"Korova Milk Bar",Erik,Theresa,Kristopher,Christi,"Labatt Family",1515142586
478,"The Fiesty Goat Pub",Essie,Erica,Avis,Rosa,"Blue Moon Pale Ale",1533194747
479,"The Fiesty Goat Pub",Essie,Erica,Avis,Rosa,Starobrno,1533194747
480,"The Hand & Racquet, East Cheam",Graciela,Albert,Dominick,Erma,"Schaefer Beer",1525343697
481,"The Malt Shovel",Liza,Glenda,Romeo,Antoine,"Sunshine Citrus Blonde",1535947180
482,"The Malt Shovel",Liza,Glenda,Romeo,Antoine,Quesadillas,1535947180
483,"The Malt Shovel",Liza,Glenda,Romeo,Antoine,Chili,1535947180
484,"Black Horse",Nelda,Viola,Dane,Cheri,"Spring Blonde Wheat Ale",1514901866
485,"The Hand & Racquet, East Cheam",Lilia,Gregorio,Herman,Joseph,"Cappuccino Oatmeal Stout",1544032578
486,"The Hand & Racquet, East Cheam",Lilia,Gregorio,Herman,Joseph,"Chicken Fingers",1544032578
487,"Mancini's Family Restaurant",Virgil,Santiago,Nina,Susie,Largo,1533521111
488,"Mancini's Family Restaurant",Virgil,Santiago,Nina,Susie,Starobrno,1533521111
489,"Mancini's Family Restaurant",Virgil,Santiago,Nina,Susie,Zagorka,1533521111
490,"Four Shields Tavern",Lina,Brent,Shawn,Andrea,"Onion Rings",1527909654
491,"Four Shields Tavern",Lina,Brent,Shawn,Andrea,"House Salad",1527909654
492,"The Aidensfield Arms",Graham,Kimberly,Timmy,Janis,"Rounder Belgian",1520395579
493,"The Aidensfield Arms",Graham,Kimberly,Timmy,Janis,"Cinnamon Horchata Ale",1520395579
494,"The Aidensfield Arms",Graham,Kimberly,Timmy,Janis,"French Fries",1520395579
495,"Founding Fathers",Tamika,Carole,Lauri,Juliet,"Belgian Table Pils",1520389028
496,"The Hand & Racquet, East Cheam",Jasmin,Tami,Steve,Rachael,Hamburger,1517946057
497,"The Hand & Racquet, East Cheam",Jasmin,Tami,Steve,Rachael,"Rounder Belgian",1517946057
498,"Four Shields Tavern",Kyle,Eula,Lina,Brent,Bosman,1528202240
499,"Four Shields Tavern",Kyle,Eula,Lina,Brent,Kronenbourg,1528202240
500,"Four Shields Tavern",Kyle,Eula,Lina,Brent,Quesadillas,1528202240
501,"The Malt Shovel",Ivan,Rowena,Walter,Jeffery,"Mountain Abbey Ale",1528153531
502,"The Malt Shovel",Ivan,Rowena,Walter,Jeffery,"Cheese Fries",1528153531
503,"The Malt Shovel",Lina,Brent,Walter,Jeffery,"Belgian Table Pils",1544006811
504,"Rovers Return Inn",Issac,Eli,Natasha,Cruz,"Onion Rings",1533254222
505,"The Boar's Nest",Harris,Hannah,Kirk,Booker,"Jalapeno Poppers",1515058273
506,"Mancini's Family Restaurant",Virgil,Santiago,Nina,Susie,"Chai Spiced Ale",1536187894
507,"Mancini's Family Restaurant",Virgil,Santiago,Nina,Susie,Brahma,1536187894
508,"Mancini's Family Restaurant",Virgil,Santiago,Nina,Susie,"Farmhouse Red Ale",1536187894
509,"The Domain of the King Bar and Grille",Kathi,Shawna,Hollis,Bessie,"Spiced Amber Ale",1518101965
510,"The Domain of the King Bar and Grille",Kathi,Shawna,Hollis,Bessie,Lav,1518101965
511,"The Boar's Nest",Leola,Amy,Harriet,Emilia,Pizza,1518004116
512,"The Boar's Nest",Leola,Amy,Harriet,Emilia,"Heineken Lager Beer",1518004116
513,"The Boar's Nest",Leola,Amy,Harriet,Emilia,"Bud Light",1518004116
514,"Very Cool Secret Bar",Numbers,Neil,Walter,Tim,"Pearl Lager Beer",1538859397
515,"Very Cool Secret Bar",Roosevelt,Kaitlin,Jose,Rex,"Bud Light",1543891628
516,"Very Cool Secret Bar",Roosevelt,Kaitlin,Jose,Rex,"Blue Moon Pale Ale",1543891628
517,"The Boar's Nest",Irene,Misty,Harriet,Emilia,"Past Blue Ribbon",1523088450
518,"The Boar's Nest",Irene,Misty,Harriet,Emilia,Bosman,1523088450
519,"Founding Fathers",Ernesto,Wilbert,Alyssa,Dona,Snow,1538937396
520,"Founding Fathers",Ernesto,Wilbert,Alyssa,Dona,"Chicken Wings",1538937396
521,"Founding Fathers",Ernesto,Wilbert,Alyssa,Dona,"Blue Moon Grand Cru",1538937396
522,"The Boar's Nest",Hans,Sherri,Kirk,Booker,"Chicken Sandwich",1538639944
523,"The Boar's Nest",Hans,Sherri,Kirk,Booker,"Schmidt’s Premium Beer",1538639944
524,"Black Horse",Elliott,Gregory,Gertrude,Ethel,"Newcastle Brown Ale",1518024173
525,"The Malt Shovel",Roseann,Malinda,Maxwell,Ruben,"Buffalo Wings",1525749267
526,"The Hand & Racquet, East Cheam",Lilia,Gregorio,Dominick,Erma,"Cappuccino Oatmeal Stout",1525337766
527,"The Hand & Racquet, East Cheam",Lilia,Gregorio,Dominick,Erma,Hamburger,1525337766
528,"The Domain of the King Bar and Grille",Dallas,Mai,Deborah,Sally,"Mountain Abbey Ale",1517587550
529,"Very Cool Secret Bar",Alphonso,Daisy,Jose,Rex,Murphy’s,1525397424
530,"Very Cool Secret Bar",Alphonso,Daisy,Jose,Rex,Jacobsen,1525397424
531,"Very Cool Secret Bar",Dewey,Jacklyn,Numbers,Mildred,"Blue Moon Pale Ale",1544023734
532,"The Aidensfield Arms",Jannie,Arron,Liza,Hope,"Blue Moon Grand Cru",1520031782
533,"The Aidensfield Arms",Jannie,Arron,Liza,Hope,Corona,1520031782
534,"Mancini's Family Restaurant",Felix,Heath,Garland,Kurtis,Reuben,1523106230
535,"Mancini's Family Restaurant",Felix,Heath,Garland,Kurtis,Belle,1523106230
536,"Mancini's Family Restaurant",Felix,Heath,Garland,Kurtis,Star,1523106230
537,"Rovers Return Inn",Allyson,Kerry,Quincy,Max,Busch,1515258750
538,"Rovers Return Inn",Allyson,Kerry,Quincy,Max,Cheeseburger,1515258750
539,"Mancini's Family Restaurant",Mindy,Wendi,Armand,Holly,Star,1533264401
540,"The Regal Beagle",Abbie,Ward,Margret,Dirk,Ochota,1535964451
541,"The Domain of the King Bar and Grille",Virgil,Santiago,Cecilia,Annette,Cheeseburger,1533229775
542,"The Domain of the King Bar and Grille",Virgil,Santiago,Cecilia,Annette,BLT,1533229775
543,"Four Shields Tavern",Janie,Rafael,Shawn,Andrea,Lav,1541156305
544,"The Fiesty Goat Pub",Cecilia,Courtney,Corine,Elise,"Blackberry Tart Ale",1541522230
545,"The Aidensfield Arms",Terrance,Bill,Madelyn,Teri,Bosman,1520168826
546,"The Fiesty Goat Pub",Young,Vanessa,Tabatha,Goldie,"Karbach Brewing Company",1514926042
547,"The Fiesty Goat Pub",Young,Vanessa,Tabatha,Goldie,Bosman,1514926042
548,"Black Horse",Louella,Rosario,Gertrude,Ethel,"Rounder Belgian",1518077029
549,"Black Horse",Louella,Rosario,Gertrude,Ethel,"Cappuccino Oatmeal Stout",1518077029
550,"Black Horse",Louella,Rosario,Gertrude,Ethel,"Goose Island Brewery",1518077029
551,"The Fiesty Goat Pub",Yvette,Lourdes,Kimberley,Stephan,"House Salad",1536058977
552,"Korova Milk Bar",Kate,Rosemary,Kristopher,Christi,"Labatt Family",1528182413
553,"Korova Milk Bar",Kate,Rosemary,Kristopher,Christi,"Cheese Fries",1528182413
554,"The Fiesty Goat Pub",Dena,Ross,Cleo,Hubert,Leffe,1520464822
555,"Black Horse",Tabatha,Goldie,Gertrude,Ethel,"Buffalo Wings",1525776680
556,"Black Horse",Tabatha,Goldie,Gertrude,Ethel,"Sunshine Citrus Blonde",1525776680
557,"The Boar's Nest",Meagan,Ava,Harriet,Emilia,"Grilled Cheese",1528361459
558,"The Aidensfield Arms",Gabrielle,Brandie,Timmy,Janis,"Chicken Sandwich",1541574936
559,"The Aidensfield Arms",Gabrielle,Brandie,Timmy,Janis,Corona,1541574936
560,"The Boar's Nest",Leola,Amy,Elva,Tina,"French Fries",1538804798
561,"Very Cool Secret Bar",Archie,Esther,Jose,Rex,1664,1536075396
562,"Very Cool Secret Bar",Archie,Esther,Jose,Rex,"Cinnamon Horchata Ale",1536075396
563,"Very Cool Secret Bar",Archie,Esther,Jose,Rex,1664,1536075396
564,"Rovers Return Inn",Erik,Theresa,Quincy,Max,"Blackberry Tart Ale",1544196902
565,"Rovers Return Inn",Erik,Theresa,Quincy,Max,Carlsberg,1544196902
566,"Rovers Return Inn",Erik,Theresa,Quincy,Max,1664,1544196902
567,"The Aidensfield Arms",Rodrigo,Matilda,Raymundo,Leola,"Cheese Fries",1530882234
568,"The Aidensfield Arms",Rodrigo,Matilda,Raymundo,Leola,"Curly Fries",1530882234
569,"The Aidensfield Arms",Rodrigo,Matilda,Raymundo,Leola,Pan,1530882234
570,"The Aidensfield Arms",Gabrielle,Brandie,Mayra,Lorraine,"Alexander Keith&#8217;s beer range",1543991140
571,"The Aidensfield Arms",Gabrielle,Brandie,Mayra,Lorraine,Hoegaarden,1543991140
572,"The Aidensfield Arms",Mamie,Cameron,Michel,Van,"Green Leaves",1533648152
573,"The Aidensfield Arms",Mamie,Cameron,Michel,Van,"Peanut Butter Ale",1533648152
574,"The Aidensfield Arms",Mamie,Cameron,Michel,Van,"Green Leaves",1533648152
575,"The Malt Shovel",Roseann,Malinda,Collin,Russell,"Onion Rings",1528302124
576,"Very Cool Secret Bar",Kara,Ali,Zachery,Hillary,"Goose Island Brewery",1520534277
577,"Very Cool Secret Bar",Kara,Ali,Zachery,Hillary,BLT,1520534277
578,"The Fiesty Goat Pub",Troy,Rita,Corine,Elise,"Cheese Fries",1536225926
579,"The Fiesty Goat Pub",Troy,Rita,Corine,Elise,"Blue Moon Pale Ale",1536225926
580,"Very Cool Secret Bar",Clay,Ernie,Rosalie,Kristen,"French Fries",1514983688
581,"Mancini's Family Restaurant",Abby,Merlin,Armand,Holly,Feldschlösschen,1535949154
582,"Mancini's Family Restaurant",Abby,Merlin,Armand,Holly,"Cheese Fries",1535949154
583,"The Malt Shovel",Matthew,Tami,Delia,Nora,"Cocoa Brown Ale",1517916860
584,"The Malt Shovel",Matthew,Tami,Delia,Nora,"Bread Sticks",1517916860
585,"The Aidensfield Arms",Hunter,Chelsea,Polly,Mark,"Rounder Belgian",1525247469
586,"Black Horse",Fletcher,Zelda,Roseann,Malinda,"Green Leaves",1544169936
587,"Black Horse",Fletcher,Zelda,Roseann,Malinda,Shenyang,1544169936
588,"Black Horse",Fletcher,Zelda,Roseann,Malinda,Pizza,1544169936
589,"The Domain of the King Bar and Grille",Rod,Marcos,Hollis,Bessie,"Blue Moon",1533712495
590,"The Domain of the King Bar and Grille",Rod,Marcos,Hollis,Bessie,"Raspberry Cream Ale",1533712495
591,"Founding Fathers",Warren,Ronda,Denice,Blaine,Pizza,1522601509
592,"Very Cool Secret Bar",Rhonda,Bridget,Charmaine,Damian,Chili,1538443725
593,"Rovers Return Inn",Cherry,Francisca,Leonardo,Marcia,"Pearl Lager Beer",1525554534
594,"The Aidensfield Arms",Georgette,Felicia,Mayra,Lorraine,"Golden Road",1530778707
595,"The Aidensfield Arms",Georgette,Felicia,Mayra,Lorraine,Hamburger,1530778707
596,"Korova Milk Bar",Jody,Edythe,Numbers,Neil,Jacobsen,1530944154
597,"Korova Milk Bar",Jody,Edythe,Numbers,Neil,Ochota,1530944154
598,"Korova Milk Bar",Jody,Edythe,Numbers,Neil,Pizza,1530944154
599,"The Aidensfield Arms",Eddy,Bette,Madelyn,Teri,"Farmhouse Red Ale",1533350954
600,"The Aidensfield Arms",Eddy,Bette,Madelyn,Teri,"Chicken Sandwich",1533350954
601,"The Aidensfield Arms",Eddy,Bette,Madelyn,Teri,"Raspberry Cream Ale",1533350954
602,"Rovers Return Inn",Meagan,Ava,Milton,Nicole,"Colt 45",1530792134
603,"The Aidensfield Arms",Edwardo,Queen,Raymundo,Leola,Singo,1536283134
604,"The Aidensfield Arms",Edwardo,Queen,Raymundo,Leola,"Elysian Brewing Company",1536283134
605,"Four Shields Tavern",Philip,Alissa,Shawn,Andrea,BLT,1522651186
606,"The Boar's Nest",Jarrod,Victoria,Kent,Quincy,"Blue Moon Grand Cru",1533659536
607,"The Boar's Nest",Jarrod,Victoria,Kent,Quincy,Pizza,1533659536
608,"The Boar's Nest",Jarrod,Victoria,Kent,Quincy,BLT,1533659536
609,"The Aidensfield Arms",Helena,Kathryn,Polly,Mark,Pizza,1530513671
610,"The Boar's Nest",Laura,Jay,Randall,Lester,"Chai Spiced Ale",1523051522
611,"Very Cool Secret Bar",Rickey,Noemi,Jose,Rex,"Lakeport Brewing beer range",1525451014
612,"Very Cool Secret Bar",Rickey,Noemi,Jose,Rex,"Past Blue Ribbon",1525451014
613,"Very Cool Secret Bar",Ava,Phyllis,Zachery,Hillary,Baltika,1533678104
614,"Very Cool Secret Bar",Ava,Phyllis,Zachery,Hillary,BLT,1533678104
615,"The Boar's Nest",Tammi,Marie,Juan,Sarah,Bosman,1533269352
616,"The Boar's Nest",Tammi,Marie,Juan,Sarah,Cheeseburger,1533269352
617,"The Boar's Nest",Heath,Earline,Harriet,Emilia,"Mozzarella Sticks",1544192111
618,"The Boar's Nest",Brendan,Harvey,Lucas,Belinda,"Four Peaks",1530816104
619,"Founding Fathers",Kirk,Nichole,Denice,Joaquin,"Chicken Fingers",1520318572
620,"Founding Fathers",Lyle,Virgil,Rodrigo,Matilda,Budweiser,1522757923
621,"Founding Fathers",Lyle,Virgil,Rodrigo,Matilda,"Golden Road",1522757923
622,"Founding Fathers",Lyle,Virgil,Rodrigo,Matilda,"Cocoa Brown Ale",1522757923
623,"The Fiesty Goat Pub",Natalia,Adrienne,Avis,Rosa,Stroh’s,1514836885
624,"The Vigilante",Cleo,Hubert,Maryann,Annmarie,BLT,1533474615
625,"The Hand & Racquet, East Cheam",Meredith,Faye,Cliff,Michele,Belle,1518023318
626,"The Aidensfield Arms",Benita,Theodore,Polly,Mark,BLT,1517534554
627,"The Hand & Racquet, East Cheam",Anthony,Octavia,Stewart,Phoebe,"Cheese Fries",1515202354
628,"The Hand & Racquet, East Cheam",Anthony,Octavia,Stewart,Phoebe,Busch,1515202354
629,"The Hand & Racquet, East Cheam",Anthony,Octavia,Stewart,Phoebe,"Spiced Amber Ale",1515202354
630,"The Vigilante",Beatrice,Alejandra,Eddie,Maryanne,"Dos Equis XX",1515269032
631,"The Vigilante",Beatrice,Alejandra,Eddie,Maryanne,"Special Brew",1515269032
632,"The Boar's Nest",Tammi,Marie,Elva,Tina,"Goose Island Brewery",1536175896
633,"The Boar's Nest",Tammi,Marie,Elva,Tina,Shenyang,1536175896
634,"The Boar's Nest",Tammi,Marie,Elva,Tina,Zagorka,1536175896
635,"The Boar's Nest",Percy,Nora,Kent,Quincy,Beerlao,1523118055
636,"Korova Milk Bar",Rudolph,Clyde,Jesse,Sherri,Amstel,1522855072
637,"Founding Fathers",Walter,Tim,Vickie,Earline,"Green Leaves",1523049420
638,"Founding Fathers",Walter,Tim,Vickie,Earline,"Devils Backbone Brewing Company",1523049420
639,"Founding Fathers",Walter,Tim,Vickie,Earline,"Chicken Sandwich",1523049420
640,"Very Cool Secret Bar",Kelly,Velma,Truman,Jerry,"Golden Road",1543963079
641,"Very Cool Secret Bar",Kelly,Velma,Truman,Jerry,"Special Brew",1543963079
642,"Founding Fathers",Neal,Minnie,Armand,Gavin,BLT,1543918714
643,"Founding Fathers",Neal,Minnie,Armand,Gavin,"French Fries",1543918714
644,"Founding Fathers",Neal,Minnie,Armand,Gavin,"French Fries",1543918714
645,"The Fiesty Goat Pub",Barbara,Norbert,Avis,Rosa,"Past Blue Ribbon",1517553743
646,"The Fiesty Goat Pub",Barbara,Norbert,Avis,Rosa,Bosman,1517553743
647,"The Fiesty Goat Pub",Barbara,Norbert,Avis,Rosa,Quesadillas,1517553743
648,"The Aidensfield Arms",Collin,Russell,Timmy,Janis,"Chicken Fingers",1538891995
649,"Founding Fathers",Linda,Rusty,Kara,Jodi,"Raspberry Cream Ale",1528404518
650,"Founding Fathers",Linda,Rusty,Kara,Jodi,Grimbergen,1528404518
651,"Founding Fathers",Linda,Rusty,Kara,Jodi,"Pearl Lager Beer",1528404518
652,"The Boar's Nest",Virginia,Stacey,Leanne,Deann,Pizza,1515165686
653,"Founding Fathers",Linda,Rusty,Denice,Joaquin,Shenyang,1515259972
654,"Founding Fathers",Linda,Rusty,Denice,Joaquin,"Burger Sliders",1515259972
655,"Founding Fathers",Linda,Rusty,Denice,Joaquin,"Cocoa Brown Ale",1515259972
656,"Four Shields Tavern",Reba,Dominic,Alberto,Jewel,"Goose Island Brewery",1522855267
657,"The Hand & Racquet, East Cheam",Elliott,Gregory,Madge,Angeline,"Rounder Belgian",1530696935
658,"The Hand & Racquet, East Cheam",Elliott,Gregory,Madge,Angeline,Carlsberg,1530696935
659,"The Hand & Racquet, East Cheam",Elliott,Gregory,Madge,Angeline,Corona,1530696935
660,"The Malt Shovel",Philip,Alissa,Delia,Nora,"Chicken Sandwich",1536227269
661,"The Malt Shovel",Philip,Alissa,Delia,Nora,"Sunshine Citrus Blonde",1536227269
662,"The Malt Shovel",Philip,Alissa,Delia,Nora,"Curly Fries",1536227269
663,"Korova Milk Bar",Issac,Trina,Deanna,Cruz,Kronenbourg,1517832790
664,"Four Shields Tavern",Felix,Heath,Ethan,Kathie,Ochota,1543837210
665,"Four Shields Tavern",Felix,Heath,Ethan,Kathie,Murphy’s,1543837210
666,"The Aidensfield Arms",Gabrielle,Jeanette,Liza,Hope,Shenyang,1541233944
667,"The Aidensfield Arms",Gabrielle,Jeanette,Liza,Hope,"Peanut Butter Ale",1541233944
668,"The Aidensfield Arms",Gabrielle,Jeanette,Liza,Hope,Feldschlösschen,1541233944
669,"The Aidensfield Arms",Eve,Aileen,Mayra,Lorraine,"Chai Spiced Ale",1538689308
670,"The Fiesty Goat Pub",Saul,Danielle,Corine,Elise,"Blackberry Tart Ale",1515237851
671,"The Fiesty Goat Pub",Saul,Danielle,Corine,Elise,"Heineken Lager Beer",1515237851
672,"The Boar's Nest",Jarrod,Victoria,Juan,Sarah,Cheeseburger,1538579464
673,"The Boar's Nest",Jarrod,Victoria,Juan,Sarah,"Goose Island Brewery",1538579464
674,"The Boar's Nest",Jarrod,Victoria,Juan,Sarah,"Special Brew",1538579464
675,"Korova Milk Bar",Camille,Merrill,Jesse,Sherri,"Stag Beer",1533352175
676,"Korova Milk Bar",Camille,Merrill,Jesse,Sherri,"Sunshine Citrus Blonde",1533352175
677,"The Regal Beagle",Allyson,Kerry,Hung,Harry,Hamburger,1530899913
678,"The Regal Beagle",Allyson,Kerry,Hung,Harry,Snow,1530899913
679,"The Vigilante",Jeanette,Hans,Maryann,Annmarie,Shenyang,1528139437
680,"The Boar's Nest",Lynette,Houston,Kent,Quincy,Baltika,1523143193
681,"The Hand & Racquet, East Cheam",Hazel,Anita,Cliff,Michele,"National Bohemian Beer",1515339807
682,"Rovers Return Inn",Kristin,Cherie,Leonardo,Marcia,"Pearl Lager Beer",1517873865
683,"Rovers Return Inn",Kristin,Cherie,Leonardo,Marcia,"Birra Moretti",1517873865
684,"Rovers Return Inn",Kristin,Cherie,Leonardo,Marcia,Cruzcampo,1517873865
685,"The Malt Shovel",Ida,Frank,Jerald,James,Huadan,1544202501
686,"The Malt Shovel",Ida,Frank,Jerald,James,Star,1544202501
687,"The Malt Shovel",Ida,Frank,Jerald,James,"Special Brew",1544202501
688,"The Aidensfield Arms",Charmaine,Thaddeus,Angie,Leroy,"Schmidt’s Premium Beer",1523030763
689,"The Aidensfield Arms",Charmaine,Thaddeus,Angie,Leroy,"Birra Moretti",1523030763
690,"The Aidensfield Arms",Charmaine,Thaddeus,Angie,Leroy,"Blue Moon",1523030763
691,"Black Horse",Nina,Laurie,Dane,Cheri,"Chicken Fingers",1514911663
692,"Four Shields Tavern",Felix,Heath,Gabriel,Gordon,"Blue Moon Grand Cru",1530803052
693,"Four Shields Tavern",Felix,Heath,Gabriel,Gordon,"Chicken Sandwich",1530803052
694,"Korova Milk Bar",Jane,Margret,Marty,Mara,1664,1517966410
695,"The Boar's Nest",Virginia,Stacey,Keisha,Armand,"Labatt Family",1538446119
696,"The Boar's Nest",Virginia,Stacey,Keisha,Armand,"Karbach Brewing Company",1538446119
697,"The Boar's Nest",Virginia,Stacey,Keisha,Armand,"Gorkha Beer",1538446119
698,"Rovers Return Inn",Kay,Della,Saul,Danielle,"Belgian Table Pils",1515058587
699,"Rovers Return Inn",Kay,Della,Saul,Danielle,Star,1515058587
700,"Rovers Return Inn",Kay,Della,Saul,Danielle,"Bread Sticks",1515058587
701,"Very Cool Secret Bar",Doris,Becky,Gerald,Misty,"Burger Sliders",1536256719
702,"The Hand & Racquet, East Cheam",Dominick,Erma,Dominic,Ervin,"Green Leaves",1535892189
703,"The Hand & Racquet, East Cheam",Dominick,Erma,Dominic,Ervin,"Valencia Amber Ale",1535892189
704,"The Hand & Racquet, East Cheam",Dominick,Erma,Dominic,Ervin,Murphy’s,1535892189
705,"Very Cool Secret Bar",Nan,Roland,Walter,Tim,"Blue Moon Pale Ale",1517959131
706,"Very Cool Secret Bar",Nan,Roland,Walter,Tim,BLT,1517959131
707,"Very Cool Secret Bar",Nan,Roland,Walter,Tim,"Alexander Keith&#8217;s beer range",1517959131
708,"The Hand & Racquet, East Cheam",Freddie,Louella,Sasha,Cary,"Green Leaves",1533740690
709,"The Hand & Racquet, East Cheam",Samantha,Jolene,Sasha,Cary,Chili,1515364381
710,"The Hand & Racquet, East Cheam",Samantha,Jolene,Sasha,Cary,"Chicken Sandwich",1515364381
711,"Founding Fathers",Monika,Alice,Vickie,Earline,Cheeseburger,1520372140
712,"Rovers Return Inn",Meagan,Ava,Milton,Nicole,Snow,1520300091
713,"Rovers Return Inn",Meagan,Ava,Milton,Nicole,"Colt 45",1520300091
714,"Very Cool Secret Bar",Reed,Marisa,Truman,Jerry,"Spiced Amber Ale",1530730086
715,"The Vigilante",Rosalie,Kristen,Twila,Dona,Hoegaarden,1528238965
716,"The Vigilante",Rosalie,Kristen,Twila,Dona,Zagorka,1528238965
717,"The Vigilante",Rosalie,Kristen,Twila,Dona,"White IPA",1528238965
718,"Founding Fathers",Levi,Frankie,Denice,Joaquin,Grimbergen,1538760867
719,"Founding Fathers",Levi,Frankie,Denice,Joaquin,"Cocoa Brown Ale",1538760867
720,"Founding Fathers",Alfred,Martina,Denice,Blaine,"Spring Blonde Wheat Ale",1519956309
721,"Founding Fathers",Alfred,Martina,Denice,Blaine,"Peanut Butter Ale",1519956309
722,"Founding Fathers",Antonia,Donovan,Dena,Louie,"Rainer Beer",1522946249
723,"The Vigilante",Troy,Rita,Concepcion,Ricky,Star,1517648163
724,"The Vigilante",Troy,Rita,Concepcion,Ricky,"Gorkha Beer",1517648163
725,"The Vigilante",Troy,Rita,Concepcion,Ricky,"Stag Beer",1517648163
726,"Korova Milk Bar",Monika,Alice,Leanne,Francesca,Skol,1533693567
727,"Korova Milk Bar",Monika,Alice,Leanne,Francesca,Bosman,1533693567
728,"Mancini's Family Restaurant",Elsie,Mattie,Morris,Hallie,"Burger Sliders",1517533314
729,"Mancini's Family Restaurant",Elsie,Mattie,Morris,Hallie,"Curly Fries",1517533314
730,"The Malt Shovel",Johnathan,Brad,Walter,Jeffery,"Belgian Table Pils",1538723305
731,"Very Cool Secret Bar",Jeanie,Janice,Jose,Rex,Hoegaarden,1541268001
732,"Very Cool Secret Bar",Jeanie,Janice,Jose,Rex,Hoegaarden,1541268001
733,"Very Cool Secret Bar",Bernice,Latoya,Jose,Rex,"Pearl Lager Beer",1541281099
734,"The Aidensfield Arms",Joe,Therese,Liza,Hope,"Cinnamon Horchata Ale",1538518144
735,"The Aidensfield Arms",Joe,Therese,Liza,Hope,"Schmidt’s Premium Beer",1538518144
736,"Mancini's Family Restaurant",Leanne,Deann,Kitty,Sharlene,Carlsberg,1536363571
737,"Mancini's Family Restaurant",Leanne,Deann,Kitty,Sharlene,Chernihivske,1536363571
738,"The Boar's Nest",Raphael,Cassandra,Kirk,Booker,"Lakeport Brewing beer range",1525427786
739,"Black Horse",Jasmin,Tami,Roseann,Malinda,"Chicken Fingers",1528347246
740,"Black Horse",Jasmin,Tami,Roseann,Malinda,"Chicken Sandwich",1528347246
741,"The Fiesty Goat Pub",Ella,Angelica,Noemi,Amelia,Hamburger,1518036329
742,"The Fiesty Goat Pub",Ella,Angelica,Noemi,Amelia,"Cocoa Brown Ale",1518036329
743,"The Fiesty Goat Pub",Ella,Angelica,Noemi,Amelia,"Mountain Abbey Ale",1518036329
744,"The Vigilante",Natalia,Adrienne,Beverly,Natasha,Belle,1544244940
745,"The Vigilante",Natalia,Adrienne,Beverly,Natasha,BLT,1544244940
746,"The Malt Shovel",Felix,Heath,Jerald,James,Shenyang,1525675828
747,"The Malt Shovel",Felix,Heath,Jerald,James,Shenyang,1525675828
748,"The Malt Shovel",Felix,Heath,Jerald,James,"Jalapeno Poppers",1525675828
749,"The Boar's Nest",Sebastian,Carter,Keisha,Armand,"Labatt Family",1525227992
750,"The Boar's Nest",Sebastian,Carter,Keisha,Armand,"Blue Moon Grand Cru",1525227992
751,"The Hand & Racquet, East Cheam",Jasmin,Tami,Herman,Joseph,"Chicken Sandwich",1536147141
752,"The Hand & Racquet, East Cheam",Jasmin,Tami,Herman,Joseph,"Cinnamon Horchata Ale",1536147141
753,"The Hand & Racquet, East Cheam",Jasmin,Tami,Herman,Joseph,"Chicken Fingers",1536147141
754,"The Domain of the King Bar and Grille",Lina,Brent,Hollis,Bessie,Snow,1523191713
755,"Korova Milk Bar",Audrey,Jimmy,Leanne,Francesca,"Chicken Wings",1518067535
756,"The Boar's Nest",Polly,Darryl,Kirk,Booker,Cruzcampo,1514999070
757,"The Boar's Nest",Polly,Darryl,Kirk,Booker,"Four Peaks",1514999070
758,"Very Cool Secret Bar",Deanna,Cruz,Chandra,Gene,"Goose Island Brewery",1528329140
759,"Very Cool Secret Bar",Deanna,Cruz,Chandra,Gene,"Karbach Brewing Company",1528329140
760,"Very Cool Secret Bar",Deanna,Cruz,Chandra,Gene,"Lone Star",1528329140
761,"Four Shields Tavern",Bruno,Ramona,Ethan,Kathie,Kronenbourg,1538532647
762,"The Boar's Nest",Eugenia,Ora,Leanne,Deann,"Four Peaks",1522860823
763,"The Boar's Nest",Claudette,Isaiah,Elva,Tina,"Lakeport Brewing beer range",1520285075
764,"The Boar's Nest",Claudette,Isaiah,Elva,Tina,Grimbergen,1520285075
765,"The Boar's Nest",Claudette,Isaiah,Elva,Tina,"Blue Moon",1520285075
766,"Four Shields Tavern",Lina,Brent,Alberto,Jewel,"Stag Beer",1515069228
767,"Four Shields Tavern",Lina,Brent,Alberto,Jewel,"Blue Moon Grand Cru",1515069228
768,"Korova Milk Bar",Alphonso,Daisy,Jesse,Sherri,"Mozzarella Sticks",1528119514
769,"Korova Milk Bar",Alphonso,Daisy,Jesse,Sherri,"Lakeport Brewing beer range",1528119514
770,"Korova Milk Bar",Alphonso,Daisy,Jesse,Sherri,"Cheese Fries",1528119514
771,"The Aidensfield Arms",Rod,Yvonne,Charles,Elton,"Bread Sticks",1522982157
772,"The Aidensfield Arms",Gabrielle,Brandie,Madelyn,Teri,"Elysian Brewing Company",1520145962
773,"The Domain of the King Bar and Grille",Miles,Ila,Frederick,Clifton,"Lone Star",1525571425
774,"The Domain of the King Bar and Grille",Miles,Ila,Frederick,Clifton,"Chicken Wings",1525571425
775,"The Domain of the King Bar and Grille",Miles,Ila,Frederick,Clifton,Snow,1525571425
776,"Black Horse",Graham,Kimberly,Robby,Agnes,"Raspberry Cream Ale",1536017847
777,"The Aidensfield Arms",Willis,Tamara,Liza,Hope,Quesadillas,1520085210
778,"The Aidensfield Arms",Willis,Tamara,Liza,Hope,"Elephant Beer",1520085210
779,"Four Shields Tavern",Marisa,Dorothea,Stacy,Sofia,"Birra Moretti",1520398044
780,"Four Shields Tavern",Marisa,Dorothea,Stacy,Sofia,"Blue Moon Grand Cru",1520398044
781,"The Malt Shovel",Frankie,Carmella,Ursula,Hal,"Cheese Fries",1515081613
782,"Korova Milk Bar",Wilbur,Margarita,Marty,Mara,"Stag Beer",1515236089
783,"The Aidensfield Arms",Roberta,Humberto,Liza,Hope,Lav,1520068420
784,"Four Shields Tavern",Roseann,Malinda,Shawn,Andrea,"Sunshine Citrus Blonde",1543769204
785,"Four Shields Tavern",Roseann,Malinda,Shawn,Andrea,Ochota,1543769204
786,"Mancini's Family Restaurant",Kathi,Shawna,Nina,Susie,Chili,1538757074
787,"Mancini's Family Restaurant",Kathi,Shawna,Nina,Susie,Amstel,1538757074
788,"Four Shields Tavern",Matthew,Tami,Alberto,Jewel,"Bud Light",1515066222
789,"Four Shields Tavern",Matthew,Tami,Alberto,Jewel,"Blue Moon Grand Cru",1515066222
790,"The Domain of the King Bar and Grille",Ethel,Brenda,Adelaide,Cedric,Cheeseburger,1541308257
791,"The Domain of the King Bar and Grille",Ethel,Brenda,Adelaide,Cedric,"Bread Sticks",1541308257
792,"The Boar's Nest",Son,Janell,Kent,Quincy,"Heineken Lager Beer",1528365950
793,"The Boar's Nest",Son,Janell,Kent,Quincy,"Four Peaks",1528365950
794,"Black Horse",Elliott,Gregory,Gertrude,Ethel,"Chicken Wings",1533757845
795,"Very Cool Secret Bar",Sherry,Lidia,Albert,Wm,Beck’s,1541593600
796,"Very Cool Secret Bar",Sherry,Lidia,Albert,Wm,"Raspberry Cream Ale",1541593600
797,"Very Cool Secret Bar",Sherry,Lidia,Albert,Wm,"Agave Nectar Ale",1541593600
798,"Four Shields Tavern",Emery,Ervin,Rickey,Noemi,"Schmidt’s Premium Beer",1518002743
799,"The Boar's Nest",Odell,Earline,Leanne,Deann,"Lakeport Brewing beer range",1536137853
800,"Korova Milk Bar",Booker,Tomas,Helena,Sammy,Chili,1528421575
801,"Four Shields Tavern",Freddie,Nelda,Stacy,Sofia,"Alexander Keith&#8217;s beer range",1528352868
802,"Four Shields Tavern",Freddie,Nelda,Stacy,Sofia,Ochota,1528352868
803,"Black Horse",Vito,Dorthy,Dane,Cheri,Reuben,1541100940
804,"Black Horse",Vito,Dorthy,Dane,Cheri,"Rounder Belgian",1541100940
805,"Black Horse",Vito,Dorthy,Dane,Cheri,"Kokanee beers",1541100940
806,"Very Cool Secret Bar",Bernice,Latoya,Chandra,Gene,Bosman,1525669039
807,"Very Cool Secret Bar",Bernice,Latoya,Chandra,Gene,1664,1525669039
808,"The Aidensfield Arms",Hattie,Tasha,Michel,Van,"Raspberry Cream Ale",1520458885
809,"Very Cool Secret Bar",Keisha,Marian,Charmaine,Damian,"Blue Moon Pale Ale",1533151354
810,"Very Cool Secret Bar",Keisha,Marian,Charmaine,Damian,"Green Leaves",1533151354
811,"The Boar's Nest",Caitlin,Marlene,Leanne,Deann,"Harvest Pumpkin Ale",1520263689
812,"Korova Milk Bar",Diann,Jana,Nellie,Fern,Reuben,1543817673
813,"Korova Milk Bar",Diann,Jana,Nellie,Fern,"Colt 45",1543817673
814,"Very Cool Secret Bar",Dewey,Desmond,Chandra,Gene,BLT,1544177348
815,"Very Cool Secret Bar",Dewey,Desmond,Chandra,Gene,"Raspberry Cream Ale",1544177348
816,"Very Cool Secret Bar",Dewey,Desmond,Chandra,Gene,"Buffalo Wings",1544177348
817,"Black Horse",Vito,Dorthy,Erik,Theresa,Corona,1541500636
818,"Black Horse",Vito,Dorthy,Erik,Theresa,"Buffalo Wings",1541500636
819,"Mancini's Family Restaurant",Ophelia,Abigail,Nina,Susie,Starobrno,1528230925
820,"Four Shields Tavern",Cecil,Danial,Shawn,Andrea,"Blue Moon Grand Cru",1514830948
821,"Four Shields Tavern",Cecil,Danial,Shawn,Andrea,Largo,1514830948
822,"The Fiesty Goat Pub",Wilfred,Ramona,Noemi,Amelia,"Pearl Lager Beer",1544207440
823,"The Fiesty Goat Pub",Wilfred,Ramona,Noemi,Amelia,Pizza,1544207440
824,"The Fiesty Goat Pub",Wilfred,Ramona,Noemi,Amelia,"Tiger Beer",1544207440
825,"The Aidensfield Arms",Wallace,Pat,Madelyn,Teri,Zagorka,1528055103
826,"The Aidensfield Arms",Wallace,Pat,Madelyn,Teri,"Blue Sword",1528055103
827,"Korova Milk Bar",Camille,Merrill,Numbers,Neil,Ochota,1520363480
828,"Korova Milk Bar",Camille,Merrill,Numbers,Neil,Beck’s,1520363480
829,"The Boar's Nest",Heath,Earline,Harriet,Emilia,Starobrno,1541536124
830,"The Boar's Nest",Heath,Earline,Harriet,Emilia,Quesadillas,1541536124
831,"The Boar's Nest",Heath,Earline,Harriet,Emilia,"Past Blue Ribbon",1541536124
832,"The Regal Beagle",Quincy,Max,Hung,Harry,Singo,1525628015
833,"The Regal Beagle",Quincy,Max,Hung,Harry,"Rainer Beer",1525628015
834,"The Regal Beagle",Quincy,Max,Hung,Harry,"Valencia Amber Ale",1525628015
835,"The Aidensfield Arms",Jay,Tamika,Michel,Van,Bosman,1541632533
836,"The Aidensfield Arms",Jay,Tamika,Michel,Van,Zagorka,1541632533
837,"The Boar's Nest",Ora,Salvador,Keisha,Armand,"Chicken Sandwich",1517569533
838,"The Boar's Nest",Ora,Salvador,Keisha,Armand,"Blue Moon Grand Cru",1517569533
839,"The Boar's Nest",Ora,Salvador,Keisha,Armand,"Harvest Pumpkin Ale",1517569533
840,"The Hand & Racquet, East Cheam",Christa,Blair,Herman,Joseph,"Curly Fries",1520242042
841,"Black Horse",Rufus,Carlos,Erik,Theresa,"Chicken Fingers",1517960020
842,"Korova Milk Bar",Jane,Margret,Nellie,Fern,Skol,1514972164
843,"Korova Milk Bar",Jane,Margret,Nellie,Fern,Budweiser,1514972164
844,"Korova Milk Bar",Jane,Margret,Nellie,Fern,BLT,1514972164
845,"Very Cool Secret Bar",Jeanie,Janice,Truman,Jerry,"Spiced Amber Ale",1538724301
846,"Very Cool Secret Bar",Jeanie,Janice,Truman,Jerry,"Chicken Fingers",1538724301
847,"Very Cool Secret Bar",Jeanie,Janice,Truman,Jerry,"Raspberry Cream Ale",1538724301
848,"Four Shields Tavern",Philip,Alissa,Stacy,Sofia,"Schaefer Beer",1518018684
849,"Four Shields Tavern",Philip,Alissa,Stacy,Sofia,"Buffalo Wings",1518018684
850,"The Fiesty Goat Pub",Britney,Cary,Kimberley,Stephan,"Newcastle Brown Ale",1528082385
851,"Founding Fathers",Benjamin,Joanne,Denice,Joaquin,Cheeseburger,1525548971
852,"Founding Fathers",Benjamin,Joanne,Denice,Joaquin,Jacobsen,1525548971
853,"Black Horse",Vito,Dorthy,Gertrude,Ethel,Lav,1515357371
854,"Black Horse",Vito,Dorthy,Gertrude,Ethel,Feldschlösschen,1515357371
855,"The Domain of the King Bar and Grille",Marquita,Jermaine,Hollis,Bessie,"Gorkha Beer",1536382575
856,"The Domain of the King Bar and Grille",Marquita,Jermaine,Hollis,Bessie,"Bud Light",1536382575
857,"The Domain of the King Bar and Grille",Marquita,Jermaine,Hollis,Bessie,"Gorkha Beer",1536382575
858,"The Boar's Nest",Irene,Misty,Kent,Quincy,"Jalapeno Poppers",1536372097
859,"Rovers Return Inn",Andres,Cruz,Caitlin,Alfredo,"French Fries",1528165833
860,"The Regal Beagle",Lynette,Houston,Paul,Lilly,Hamburger,1528468670
861,"The Malt Shovel",Dona,Tommy,Romeo,Antoine,"Chicken Fingers",1528038000
862,"The Malt Shovel",Dona,Tommy,Romeo,Antoine,"Rainer Beer",1528038000
863,"The Malt Shovel",Dona,Tommy,Romeo,Antoine,"Chicken Sandwich",1528038000
864,"The Vigilante",Danny,Tiffany,Twila,Dona,"Dos Equis XX",1517881555
865,"The Fiesty Goat Pub",Walter,Rosa,Corine,Elise,"Curly Fries",1538878361
866,"The Malt Shovel",Reba,Dominic,Raymundo,Christa,"Gingerbread Spiced Ale",1533504441
867,"The Malt Shovel",Reba,Dominic,Raymundo,Christa,"Onion Rings",1533504441
868,"The Aidensfield Arms",Jay,Tamika,Liza,Hope,Amstel,1527995899
869,"The Boar's Nest",Son,Janell,Keisha,Armand,Brahma,1527943547
870,"The Boar's Nest",Son,Janell,Keisha,Armand,Starobrno,1527943547
871,"The Boar's Nest",Son,Janell,Keisha,Armand,"Schmidt’s Premium Beer",1527943547
872,"Rovers Return Inn",Ricky,Tessa,Quincy,Max,"Jalapeno Poppers",1518021694
873,"Korova Milk Bar",Issac,Trina,Angel,Letha,"Rainer Beer",1525613984
874,"Korova Milk Bar",Issac,Trina,Angel,Letha,Kronenbourg,1525613984
875,"Korova Milk Bar",Issac,Trina,Angel,Letha,"Heineken Lager Beer",1525613984
876,"The Vigilante",Denise,Wilfred,Maryann,Annmarie,Shenyang,1533460075
877,"The Domain of the King Bar and Grille",Kathi,Shawna,Elias,Brent,"Blue Moon",1517826890
878,"The Domain of the King Bar and Grille",Kathi,Shawna,Elias,Brent,Chili,1517826890
879,"Very Cool Secret Bar",Clay,Ernie,Gerald,Misty,"Special Brew",1541480765
880,"Very Cool Secret Bar",Ava,Phyllis,Charmaine,Damian,Beerlao,1519985163
881,"Very Cool Secret Bar",Ava,Phyllis,Charmaine,Damian,Zagorka,1519985163
882,"Very Cool Secret Bar",Ava,Phyllis,Charmaine,Damian,"Kokanee beers",1519985163
883,"Founding Fathers",Wilmer,Allyson,Kara,Jodi,Quesadillas,1533645095
884,"Founding Fathers",Wilmer,Allyson,Kara,Jodi,"Special Brew",1533645095
885,"Founding Fathers",Wilmer,Allyson,Kara,Jodi,"Burger Sliders",1533645095
886,"The Domain of the King Bar and Grille",Cleo,Hubert,Tia,Morgan,"Devils Backbone Brewing Company",1525639934
887,"The Domain of the King Bar and Grille",Cleo,Hubert,Tia,Morgan,Chernihivske,1525639934
888,"The Boar's Nest",Dominick,Erma,Elva,Tina,"Bud Light",1536237452
889,"The Boar's Nest",Dominick,Erma,Elva,Tina,"Mozzarella Sticks",1536237452
890,"The Fiesty Goat Pub",Cecilia,Courtney,Kimberley,Stephan,"Cheese Fries",1535995374
891,"Very Cool Secret Bar",Levi,Jodi,Chandra,Gene,Hoegaarden,1523098993
892,"Very Cool Secret Bar",Keisha,Marian,Walter,Tim,"Alexander Keith&#8217;s beer range",1520343322
893,"Very Cool Secret Bar",Keisha,Marian,Walter,Tim,"Goose Island Brewery",1520343322
894,"Very Cool Secret Bar",Keisha,Marian,Walter,Tim,"Lone Star",1520343322
895,"The Aidensfield Arms",Rod,Yvonne,Freddie,Louella,Lav,1541688032
896,"The Aidensfield Arms",Rod,Yvonne,Freddie,Louella,Hoegaarden,1541688032
897,"The Aidensfield Arms",Rod,Yvonne,Freddie,Louella,"Farmhouse Red Ale",1541688032
898,"Very Cool Secret Bar",Florence,Herman,Chandra,Gene,"Blackberry Tart Ale",1518024847
899,"Founding Fathers",Monika,Alice,Armand,Gavin,Leffe,1543921617
900,"Four Shields Tavern",Lacy,Ana,Lori,Dominick,"Buffalo Wings",1533736075
901,"The Malt Shovel",Erick,Monte,Raymundo,Christa,Pizza,1544044855
902,"Founding Fathers",Lori,Dominick,Denice,Joaquin,Cheeseburger,1525561170
903,"Founding Fathers",Lori,Dominick,Denice,Joaquin,"Farmhouse Red Ale",1525561170
904,"Four Shields Tavern",Forrest,Eva,Alberto,Jewel,"Chicken Sandwich",1536032884
905,"The Hand & Racquet, East Cheam",Eduardo,Garry,Dominic,Ervin,"Lone Star",1525215156
906,"The Hand & Racquet, East Cheam",Eduardo,Garry,Dominic,Ervin,"Valencia Amber Ale",1525215156
907,"The Hand & Racquet, East Cheam",Eduardo,Garry,Dominic,Ervin,Cheeseburger,1525215156
908,"The Hand & Racquet, East Cheam",Debbie,Esther,Madge,Angeline,Stroh’s,1515082233
909,"Very Cool Secret Bar",Dewey,Desmond,Walter,Tim,Stroh’s,1544111796
910,"Very Cool Secret Bar",Dewey,Desmond,Walter,Tim,"Chicken Sandwich",1544111796
911,"Mancini's Family Restaurant",Alexis,Geri,Denis,Katy,Belle,1530850487
912,"Mancini's Family Restaurant",Alexis,Geri,Denis,Katy,"Blue Moon Pale Ale",1530850487
913,"The Boar's Nest",Wendy,Stephen,Juan,Sarah,"Summer Honey Wheat Ale",1533229516
914,"The Boar's Nest",Wendy,Stephen,Juan,Sarah,"Chicken Wings",1533229516
915,"The Boar's Nest",Wendy,Stephen,Juan,Sarah,"Newcastle Brown Ale",1533229516
916,"The Aidensfield Arms",Faith,Bernardo,Angie,Leroy,Shenyang,1536209004
917,"The Aidensfield Arms",Faith,Bernardo,Angie,Leroy,"Cinnamon Horchata Ale",1536209004
918,"The Aidensfield Arms",Faith,Bernardo,Angie,Leroy,"Cheese Fries",1536209004
919,"The Malt Shovel",Terrance,Bill,Raymundo,Christa,"Curly Fries",1536199772
920,"The Malt Shovel",Terrance,Bill,Raymundo,Christa,Beerlao,1536199772
921,"The Fiesty Goat Pub",Beatrice,Alejandra,Avis,Rosa,"Blue Moon Pale Ale",1530487599
922,"The Fiesty Goat Pub",Colette,Nancy,Kimberley,Stephan,"Past Blue Ribbon",1515018299
923,"The Fiesty Goat Pub",Colette,Nancy,Kimberley,Stephan,"Buffalo Wings",1515018299
924,"The Fiesty Goat Pub",Colette,Nancy,Kimberley,Stephan,Stroh’s,1515018299
925,"Korova Milk Bar",Monty,Charmaine,Marty,Mara,"Burger Sliders",1530916967
926,"Black Horse",Rosa,Tracey,Erik,Theresa,Star,1536266827
927,"Black Horse",Rosa,Tracey,Erik,Theresa,Cruzcampo,1536266827
928,"Black Horse",Rosa,Tracey,Erik,Theresa,"Lakeport Brewing beer range",1536266827
929,"Very Cool Secret Bar",Leonor,Tonya,Numbers,Mildred,"Buffalo Wings",1517873811
930,"Very Cool Secret Bar",Leonor,Tonya,Numbers,Mildred,Quesadillas,1517873811
931,"Mancini's Family Restaurant",Irving,Jarrod,Garland,Kurtis,Hamburger,1544136869
932,"The Aidensfield Arms",Willis,Tamara,Liza,Hope,"Newcastle Brown Ale",1527956692
933,"Founding Fathers",Jeffry,Shanna,Dena,Louie,"Rainer Beer",1533460806
934,"The Aidensfield Arms",Jerald,James,Freddie,Louella,"Cinnamon Horchata Ale",1528477947
935,"The Aidensfield Arms",Jerald,James,Freddie,Louella,"Raspberry Cream Ale",1528477947
936,"The Aidensfield Arms",Jerald,James,Freddie,Louella,"Chicken Fingers",1528477947
937,"The Fiesty Goat Pub",Sophie,Lois,Corine,Elise,"Blackberry Tart Ale",1541511083
938,"The Fiesty Goat Pub",Sophie,Lois,Corine,Elise,"Buffalo Wings",1541511083
939,"The Fiesty Goat Pub",Roy,Maxwell,Corine,Elise,"Cappuccino Oatmeal Stout",1536230086
940,"Korova Milk Bar",Elisha,Araceli,Numbers,Neil,"Burger Sliders",1533674051
941,"Korova Milk Bar",Elisha,Araceli,Numbers,Neil,Bosman,1533674051
942,"Korova Milk Bar",Elisha,Araceli,Numbers,Neil,"Onion Rings",1533674051
943,"Very Cool Secret Bar",Leonor,Tonya,Gerald,Misty,"Green Leaves",1517909209
944,"Very Cool Secret Bar",Leonor,Tonya,Gerald,Misty,"Kokanee beers",1517909209
945,"Very Cool Secret Bar",Leonor,Tonya,Gerald,Misty,"Jalapeno Poppers",1517909209
946,"Rovers Return Inn",Polly,Kerry,Leonardo,Marcia,"Rounder Belgian",1515178303
947,"Rovers Return Inn",Polly,Kerry,Leonardo,Marcia,"Chai Spiced Ale",1515178303
948,"The Aidensfield Arms",Malcolm,Kelley,Michel,Van,"Schaefer Beer",1518010458
949,"The Aidensfield Arms",Malcolm,Kelley,Michel,Van,"Buffalo Wings",1518010458
950,"The Malt Shovel",Stephan,Muriel,Walter,Jeffery,"Buffalo Wings",1538721326
951,"The Malt Shovel",Stephan,Muriel,Walter,Jeffery,"Chicken Fingers",1538721326
952,"The Malt Shovel",Stephan,Muriel,Walter,Jeffery,Skol,1538721326
953,"The Malt Shovel",Matthew,Tami,Delia,Nora,"Rainer Beer",1533550349
954,"The Malt Shovel",Matthew,Tami,Delia,Nora,Shenyang,1533550349
955,"The Malt Shovel",Matthew,Tami,Delia,Nora,Jacobsen,1533550349
956,"Four Shields Tavern",Bianca,Santiago,Lina,Brent,"Valencia Amber Ale",1536169011
957,"Four Shields Tavern",Bianca,Santiago,Lina,Brent,"Karbach Brewing Company",1536169011
958,"Four Shields Tavern",Bianca,Santiago,Lina,Brent,"House Salad",1536169011
959,"Founding Fathers",Levi,Jodi,Denice,Blaine,"Karbach Brewing Company",1533173888
960,"Founding Fathers",Levi,Jodi,Denice,Blaine,"Chicken Wings",1533173888
961,"Founding Fathers",Levi,Jodi,Denice,Blaine,"Pearl Lager Beer",1533173888
962,"The Boar's Nest",Tammi,Marie,Kent,Quincy,"Lone Star",1520472635
963,"The Boar's Nest",Tammi,Marie,Kent,Quincy,Pizza,1520472635
964,"The Boar's Nest",Chandra,Gene,Lucas,Belinda,Beck’s,1525515433
965,"The Boar's Nest",Chandra,Gene,Lucas,Belinda,"Karbach Brewing Company",1525515433
966,"The Malt Shovel",Francine,Elise,Ursula,Hal,Beerlao,1515061516
967,"The Fiesty Goat Pub",Devon,Kermit,Tonia,Melissa,"Burger Sliders",1517830682
968,"The Aidensfield Arms",Gabrielle,Brandie,Charles,Elton,"Special Brew",1522926838
969,"The Aidensfield Arms",Gabrielle,Brandie,Charles,Elton,"Birra Moretti",1522926838
970,"Black Horse",Abbie,Ward,Gertrude,Ethel,"Caramel Apple Spiced Ale",1528475336
971,"Korova Milk Bar",Camille,Merrill,Numbers,Neil,Bosman,1523041734
972,"The Fiesty Goat Pub",Devon,Kermit,Avis,Rosa,"Karbach Brewing Company",1530538323
973,"The Fiesty Goat Pub",Devon,Kermit,Avis,Rosa,"Blue Sword",1530538323
974,"The Fiesty Goat Pub",Devon,Kermit,Avis,Rosa,"Dos Equis XX",1530538323
975,"Very Cool Secret Bar",Leila,Joshua,Zachery,Hillary,"Blackberry Tart Ale",1536346160
976,"Very Cool Secret Bar",Leila,Joshua,Zachery,Hillary,"Cappuccino Oatmeal Stout",1536346160
977,"Very Cool Secret Bar",Leila,Joshua,Zachery,Hillary,Feldschlösschen,1536346160
978,"The Aidensfield Arms",Roberta,Humberto,Michel,Van,Hoegaarden,1523105395
979,"The Aidensfield Arms",Roberta,Humberto,Michel,Van,"Blue Moon",1523105395
980,"The Aidensfield Arms",Roberta,Humberto,Michel,Van,"Peanut Butter Ale",1523105395
981,"Founding Fathers",Franklin,Elwood,Alyssa,Dona,"Buffalo Wings",1528429037
982,"Founding Fathers",Franklin,Elwood,Alyssa,Dona,"Spiced Amber Ale",1528429037
983,"Founding Fathers",Franklin,Elwood,Alyssa,Dona,"Cinnamon Horchata Ale",1528429037
984,"The Domain of the King Bar and Grille",Frederick,Clifton,Cecilia,Annette,Zagorka,1543834616
985,"The Fiesty Goat Pub",Britney,Cary,Avis,Rosa,Star,1517585450
986,"The Fiesty Goat Pub",Britney,Cary,Avis,Rosa,"Onion Rings",1517585450
987,"The Fiesty Goat Pub",Britney,Cary,Avis,Rosa,"Onion Rings",1517585450
988,"The Vigilante",Roslyn,Ernie,Ava,Delmar,Hamburger,1514831962
989,"The Vigilante",Roslyn,Ernie,Ava,Delmar,"Dos Equis XX",1514831962
990,"The Hand & Racquet, East Cheam",Jeanette,Felecia,Stewart,Phoebe,"Green Leaves",1533501398
991,"The Hand & Racquet, East Cheam",Jeanette,Felecia,Stewart,Phoebe,"Blue Moon Grand Cru",1533501398
992,"The Hand & Racquet, East Cheam",Jeanette,Felecia,Stewart,Phoebe,"Curly Fries",1533501398
993,"The Fiesty Goat Pub",Audrey,Jimmy,Florence,Aubrey,"Caramel Apple Spiced Ale",1528192808
994,"Korova Milk Bar",Ethan,Bryce,Marty,Mara,Amstel,1525627575
995,"Korova Milk Bar",Ethan,Bryce,Marty,Mara,Nachos,1525627575
996,"Founding Fathers",Cliff,Jared,Alyssa,Dona,"Elephant Beer",1544215288
997,"Founding Fathers",Cliff,Jared,Alyssa,Dona,"Rainer Beer",1544215288
998,"Founding Fathers",Wilmer,Allyson,Dena,Louie,Jacobsen,1530822901
999,"Founding Fathers",Wilmer,Allyson,Dena,Louie,"French Fries",1530822901
