name,city,phone_number,owner_first,owner_last
"Black Horse",Union,815-178-9348,Roger,Tia
"Callahan's Place","Fort Lee",201-468-7437,Gabriel,Lily
"Gateway Inn","East Brunswick",848-526-9544,Vern,Robin
McGinty's,"West New York",201-978-5424,Antoinette,Joan
"Mulberry Street Bar",Hackensack,551-801-9692,Dan,Kristine
"Pedro McKinnon","Fort Lee",201-766-5843,Lou,Beatrice
"Scarlet Raven Tavern","North Bergen",201-726-8257,Kenny,Thurman
"The Bamboo Lounge",Clifton,862-327-2921,Patricia,Maurice
"The Blue Oyster Bar",Plainfield,908-151-8047,Millie,Conrad
"The Cat & Fiddle",Union,815-464-3969,Brianna,Phyllis
"The Eolian",Belleville,613-153-0078,Wade,Blake
"The Grasshopper",Bloomfield,973-316-1025,Celia,Flora
"The Lizard's Head","West New York",201-578-4155,Adela,Lorie
"Thunderbrew Distillery",Newark,973-814-8482,Avery,Larry
"Y Deri Arms","Fort Lee",201-630-2704,Deirdre,Suzanne
