bar_name,first_name,last_name
"Black Horse",Angelica,Kim
"Black Horse",Chase,Tyrone
"Black Horse",Danielle,Otto
"Black Horse",Erika,Cora
"Black Horse",Floyd,Julie
"Black Horse",Geneva,Edwina
"Black Horse",Gilberto,Jacklyn
"Black Horse",Greg,Ron
"Black Horse",Judith,Philip
"Black Horse",Katherine,Frederick
"Black Horse",Mamie,Lashonda
"Black Horse",Melanie,Genaro
"Black Horse",Pamela,Stacy
"Black Horse",Rosalyn,Phil
"Black Horse",Ross,Betty
"Black Horse",Sylvia,Elias
"Black Horse",Tabatha,Gerald
"Black Horse",Tanisha,Rosalinda
"Black Horse",Terrell,Shelia
"Black Horse",Vance,Gus
"Callahan's Place",Amparo,Jamal
"Callahan's Place",Arturo,Donovan
"Callahan's Place",Bianca,Mack
"Callahan's Place",Caleb,Tamara
"Callahan's Place",Cole,Quincy
"Callahan's Place",Corina,Bessie
"Callahan's Place",Dolly,Dudley
"Callahan's Place",Don,Sidney
"Callahan's Place",Eula,Tommy
"Callahan's Place",Fern,Pearl
"Callahan's Place",George,Vilma
"Callahan's Place",Kimberly,Mathew
"Callahan's Place",Leann,Erwin
"Callahan's Place",Lesa,Percy
"Callahan's Place",Lizzie,Etta
"Callahan's Place",Loretta,Tommy
"Callahan's Place",Mariana,Larry
"Callahan's Place",Millicent,Bret
"Callahan's Place",Monika,Alexandra
"Callahan's Place",Rhea,Leila
"Callahan's Place",Scot,Felicia
"Callahan's Place",Shanna,Benita
"Callahan's Place",Teri,Edwin
"Callahan's Place",Tessa,Grover
"Callahan's Place",Vance,Gus
"Gateway Inn",Addie,Trudy
"Gateway Inn",Adela,Francesca
"Gateway Inn",Agustin,Mina
"Gateway Inn",Alison,Jon
"Gateway Inn",Avery,Larry
"Gateway Inn",Bonnie,Nathan
"Gateway Inn",Carson,Allison
"Gateway Inn",Edmund,Billie
"Gateway Inn",Eileen,Jeannette
"Gateway Inn",Elvis,Clayton
"Gateway Inn",Emilia,Eldon
"Gateway Inn",Guy,Leslie
"Gateway Inn",Ilene,Enrique
"Gateway Inn",James,Estella
"Gateway Inn",Jimmy,Concepcion
"Gateway Inn",Kirsten,Chester
"Gateway Inn",Landon,Kathrine
"Gateway Inn",Latisha,Araceli
"Gateway Inn",Leigh,Cornell
"Gateway Inn",Lenora,Nan
"Gateway Inn",Leo,Ward
"Gateway Inn",Leticia,Sheena
"Gateway Inn",Marie,Ryan
"Gateway Inn",Olive,Kathi
"Gateway Inn",Roslyn,Sasha
"Gateway Inn",Sheri,Miguel
"Gateway Inn",Ulysses,Luisa
"Gateway Inn",Wade,Dion
McGinty's,Abbie,Don
McGinty's,Aida,Grady
McGinty's,Alexander,Flossie
McGinty's,Amparo,Shawn
McGinty's,Annie,Ann
McGinty's,Antionette,Edith
McGinty's,Augusta,Dean
McGinty's,Charity,Hiram
McGinty's,Dena,Carolyn
McGinty's,Don,Roxie
McGinty's,Doreen,Jerome
McGinty's,Gerry,Kathie
McGinty's,Jay,Jeri
McGinty's,Joesph,Brianna
McGinty's,Jon,Neil
McGinty's,Katina,Tommie
McGinty's,Kenny,Luisa
McGinty's,Kurt,Mauricio
McGinty's,Louisa,Jenny
McGinty's,Mable,Ebony
McGinty's,Pansy,Brendan
McGinty's,Ricky,Clarissa
McGinty's,Sylvia,Rex
McGinty's,Tamra,Alvaro
McGinty's,Therese,Harvey
McGinty's,Vicky,Susan
McGinty's,Xavier,Elisha
"Mulberry Street Bar",Alexandria,Sharron
"Mulberry Street Bar",Basil,Dorthy
"Mulberry Street Bar",Benny,Cornelia
"Mulberry Street Bar",Brain,Suzanne
"Mulberry Street Bar",Christian,Ernesto
"Mulberry Street Bar",Chrystal,Stuart
"Mulberry Street Bar",Clement,Aurelia
"Mulberry Street Bar",Darnell,Carmela
"Mulberry Street Bar",Deanne,Casey
"Mulberry Street Bar",Deanne,Nannie
"Mulberry Street Bar",Eugenia,Etta
"Mulberry Street Bar",Hallie,Frankie
"Mulberry Street Bar",Jesse,Gena
"Mulberry Street Bar",Josefa,Dorothy
"Mulberry Street Bar",Kermit,Frederic
"Mulberry Street Bar",Leticia,Jeremiah
"Mulberry Street Bar",Mara,Karin
"Mulberry Street Bar",Nell,Bette
"Mulberry Street Bar",Pablo,Kathleen
"Mulberry Street Bar",Pamela,Stacy
"Mulberry Street Bar",Petra,Cara
"Mulberry Street Bar",Rhoda,Donald
"Mulberry Street Bar",Salvatore,Isidro
"Mulberry Street Bar",Stacie,Stella
"Mulberry Street Bar",Stella,Matt
"Mulberry Street Bar",Sybil,Vanessa
"Mulberry Street Bar",Tabatha,Keri
"Mulberry Street Bar",Vince,Lilia
"Mulberry Street Bar",Wallace,Terrell
"Pedro McKinnon",Amparo,Jamal
"Pedro McKinnon",Arturo,Donovan
"Pedro McKinnon",Bianca,Mack
"Pedro McKinnon",Caleb,Tamara
"Pedro McKinnon",Cole,Quincy
"Pedro McKinnon",Corina,Bessie
"Pedro McKinnon",Dolly,Dudley
"Pedro McKinnon",Don,Sidney
"Pedro McKinnon",Eula,Tommy
"Pedro McKinnon",Fern,Pearl
"Pedro McKinnon",Gabriel,Lily
"Pedro McKinnon",George,Vilma
"Pedro McKinnon",Jean,Allison
"Pedro McKinnon",Jerome,Bobby
"Pedro McKinnon",Kent,Jamie
"Pedro McKinnon",Leann,Erwin
"Pedro McKinnon",Lesa,Percy
"Pedro McKinnon",Lizzie,Etta
"Pedro McKinnon",Lorenzo,Monique
"Pedro McKinnon",Loretta,Tommy
"Pedro McKinnon",Mariana,Larry
"Pedro McKinnon",Millicent,Bret
"Pedro McKinnon",Monika,Alexandra
"Pedro McKinnon",Rhea,Leila
"Pedro McKinnon",Scot,Felicia
"Pedro McKinnon",Shanna,Benita
"Pedro McKinnon",Teri,Edwin
"Scarlet Raven Tavern",Alexander,Clare
"Scarlet Raven Tavern",Christie,Carroll
"Scarlet Raven Tavern",Clarissa,Carole
"Scarlet Raven Tavern",Cody,Roy
"Scarlet Raven Tavern",Darryl,Toni
"Scarlet Raven Tavern",Donna,Earlene
"Scarlet Raven Tavern",Eduardo,Shelley
"Scarlet Raven Tavern",Elvira,Kari
"Scarlet Raven Tavern",Francine,Brandi
"Scarlet Raven Tavern",Frederick,Kellie
"Scarlet Raven Tavern",Gail,Katrina
"Scarlet Raven Tavern",Georgia,Rene
"Scarlet Raven Tavern",Gertrude,Joaquin
"Scarlet Raven Tavern",Greta,Alta
"Scarlet Raven Tavern",Jasmine,Guadalupe
"Scarlet Raven Tavern",Kenneth,Savannah
"Scarlet Raven Tavern",Kristine,Royce
"Scarlet Raven Tavern",Kristopher,Myron
"Scarlet Raven Tavern",Kristy,Kelly
"Scarlet Raven Tavern",Lacey,Jasmin
"Scarlet Raven Tavern",Lakesha,Tony
"Scarlet Raven Tavern",Lela,Mabel
"Scarlet Raven Tavern",Lessie,Christian
"Scarlet Raven Tavern",Lucia,Wendell
"Scarlet Raven Tavern",Marjorie,Jorge
"Scarlet Raven Tavern",Melba,Cruz
"Scarlet Raven Tavern",Moses,Camille
"Scarlet Raven Tavern",Nathaniel,Tracey
"Scarlet Raven Tavern",Randi,Terra
"Scarlet Raven Tavern",Raphael,Bill
"Scarlet Raven Tavern",Reed,Dominick
"Scarlet Raven Tavern",Rolando,Aaron
"Scarlet Raven Tavern",Ron,Bruno
"Scarlet Raven Tavern",Sybil,Vanessa
"Scarlet Raven Tavern",Trent,Colby
"Scarlet Raven Tavern",Vaughn,Mariana
"The Bamboo Lounge",Alana,Naomi
"The Bamboo Lounge",Alyssa,Anna
"The Bamboo Lounge",Ashley,Wilbur
"The Bamboo Lounge",Bert,Chandra
"The Bamboo Lounge",Carolina,Lenore
"The Bamboo Lounge",Celia,Flora
"The Bamboo Lounge",Deanna,Chad
"The Bamboo Lounge",Genaro,Zelda
"The Bamboo Lounge",Jefferson,Lawrence
"The Bamboo Lounge",Judy,Natasha
"The Bamboo Lounge",Karl,Marcy
"The Bamboo Lounge",Kathie,Bernard
"The Bamboo Lounge",Kristopher,Eloise
"The Bamboo Lounge",Leo,Goldie
"The Bamboo Lounge",Loraine,Ma
"The Bamboo Lounge",Marylou,Lolita
"The Bamboo Lounge",Mason,Bette
"The Bamboo Lounge",Michaela,Clair
"The Bamboo Lounge",Monique,Hung
"The Bamboo Lounge",Pamela,Annette
"The Bamboo Lounge",Patsy,Miranda
"The Bamboo Lounge",Quentin,Henrietta
"The Bamboo Lounge",Ross,Marie
"The Bamboo Lounge",Tamara,Lucinda
"The Bamboo Lounge",Travis,Brandon
"The Bamboo Lounge",Vance,Frieda
"The Blue Oyster Bar",Adrienne,Rosalie
"The Blue Oyster Bar",Alberta,Jacqueline
"The Blue Oyster Bar",Angelica,Luisa
"The Blue Oyster Bar",Candace,Noelle
"The Blue Oyster Bar",Candice,Lydia
"The Blue Oyster Bar",Carly,Kendall
"The Blue Oyster Bar",Clement,Britney
"The Blue Oyster Bar",Cole,Jesse
"The Blue Oyster Bar",Darius,Darren
"The Blue Oyster Bar",Dirk,Randolph
"The Blue Oyster Bar",Dwight,Rebekah
"The Blue Oyster Bar",Edgar,Jayson
"The Blue Oyster Bar",Ella,Alexander
"The Blue Oyster Bar",Errol,Edythe
"The Blue Oyster Bar",Gale,Anthony
"The Blue Oyster Bar",Gwendolyn,Larry
"The Blue Oyster Bar",Isaiah,Corrine
"The Blue Oyster Bar",Janet,Jeffry
"The Blue Oyster Bar",Juanita,Jame
"The Blue Oyster Bar",Latonya,Socorro
"The Blue Oyster Bar",Leigh,Eddy
"The Blue Oyster Bar",Lenora,Tracey
"The Blue Oyster Bar",Lupe,Roxanne
"The Blue Oyster Bar",Mariana,Diego
"The Blue Oyster Bar",Phillip,Dewayne
"The Blue Oyster Bar",Rosario,Edna
"The Blue Oyster Bar",Samuel,Emilio
"The Blue Oyster Bar",Staci,Barney
"The Blue Oyster Bar",Stephan,Rory
"The Blue Oyster Bar",Susie,Catalina
"The Blue Oyster Bar",Tamra,Katrina
"The Blue Oyster Bar",Thurman,Leeann
"The Blue Oyster Bar",Vivian,Alba
"The Cat & Fiddle",Chase,Tyrone
"The Cat & Fiddle",Danielle,Otto
"The Cat & Fiddle",Erika,Cora
"The Cat & Fiddle",Floyd,Julie
"The Cat & Fiddle",Gilberto,Jacklyn
"The Cat & Fiddle",Greg,Ron
"The Cat & Fiddle",Judith,Philip
"The Cat & Fiddle",Katherine,Frederick
"The Cat & Fiddle",Mamie,Lashonda
"The Cat & Fiddle",Melanie,Genaro
"The Cat & Fiddle",Rena,Lynne
"The Cat & Fiddle",Rosalyn,Phil
"The Cat & Fiddle",Ross,Betty
"The Cat & Fiddle",Sylvia,Elias
"The Cat & Fiddle",Tabatha,Gerald
"The Cat & Fiddle",Tanisha,Rosalinda
"The Cat & Fiddle",Terrell,Shelia
"The Cat & Fiddle",Vance,Gus
"The Cat & Fiddle",Virgie,Laurie
"The Eolian",Amelia,Faye
"The Eolian",Bryant,Cristina
"The Eolian",Carroll,Leland
"The Eolian",Deanne,Cortney
"The Eolian",Donnie,Francisco
"The Eolian",Edna,Rena
"The Eolian",Edythe,Rosalinda
"The Eolian",Elvin,Moises
"The Eolian",Ernesto,Alberta
"The Eolian",Francisco,Amos
"The Eolian",Grace,Cedric
"The Eolian",Imogene,Mary
"The Eolian",Jake,Doretha
"The Eolian",Jean,Cherie
"The Eolian",Kathie,Carter
"The Eolian",Latanya,Fabian
"The Eolian",Lela,Marlin
"The Eolian",Lloyd,Gay
"The Eolian",Lula,Antony
"The Eolian",Margo,Preston
"The Eolian",Marla,Thomas
"The Eolian",Marlon,Vicki
"The Eolian",Maude,Marina
"The Eolian",Norma,Ulysses
"The Eolian",Ronald,Alonzo
"The Eolian",Sondra,Bettie
"The Eolian",Stella,Matt
"The Eolian",Susanna,Summer
"The Eolian",Thurman,Cornelia
"The Eolian",Tracy,Pamala
"The Eolian",Trevor,Clarence
"The Eolian",Verna,Lela
"The Eolian",Wendell,Cornelius
"The Eolian",Wendy,Melanie
"The Eolian",Wiley,Clarissa
"The Eolian",Wm,Susan
"The Grasshopper",Andy,Kendall
"The Grasshopper",Annie,Evangelina
"The Grasshopper",Berta,Rocio
"The Grasshopper",Deloris,Erin
"The Grasshopper",Doyle,Brain
"The Grasshopper",Earline,Raul
"The Grasshopper",Emilia,Teresa
"The Grasshopper",Erik,Selena
"The Grasshopper",Etta,Pablo
"The Grasshopper",Flossie,Josh
"The Grasshopper",Gayla,Dwayne
"The Grasshopper",Ilene,Kris
"The Grasshopper",Imogene,Betsy
"The Grasshopper",Isabelle,Eloise
"The Grasshopper",Janine,Ed
"The Grasshopper",Janis,Matthew
"The Grasshopper",Johnathon,Barbara
"The Grasshopper",Kaitlin,Loyd
"The Grasshopper",Kris,Rudy
"The Grasshopper",Lionel,Cheryl
"The Grasshopper",Maribel,Jennie
"The Grasshopper",Minnie,Sadie
"The Grasshopper",Nelson,Leona
"The Grasshopper",Rogelio,Jewel
"The Grasshopper",Trent,Wm
"The Grasshopper",Truman,Jasmin
"The Grasshopper",Victoria,Theodore
"The Lizard's Head",Abbie,Don
"The Lizard's Head",Alexander,Flossie
"The Lizard's Head",Amparo,Shawn
"The Lizard's Head",Annie,Ann
"The Lizard's Head",Antionette,Edith
"The Lizard's Head",Brandy,Benita
"The Lizard's Head",Charity,Hiram
"The Lizard's Head",Dena,Carolyn
"The Lizard's Head",Don,Roxie
"The Lizard's Head",Doreen,Jerome
"The Lizard's Head",Gerry,Kathie
"The Lizard's Head",Guy,Leslie
"The Lizard's Head",Joesph,Brianna
"The Lizard's Head",Jon,Neil
"The Lizard's Head",Kenny,Luisa
"The Lizard's Head",Kurt,Mauricio
"The Lizard's Head",Louis,Romeo
"The Lizard's Head",Louisa,Jenny
"The Lizard's Head",Mable,Ebony
"The Lizard's Head",Nathaniel,Tracey
"The Lizard's Head",Pansy,Brendan
"The Lizard's Head",Rex,Raymond
"The Lizard's Head",Rhea,Leila
"The Lizard's Head",Ricky,Clarissa
"The Lizard's Head",Tamra,Alvaro
"The Lizard's Head",Therese,Harvey
"The Lizard's Head",Vicky,Susan
"The Lizard's Head",Xavier,Elisha
"Thunderbrew Distillery",Alberto,Dayna
"Thunderbrew Distillery",Alexander,Reggie
"Thunderbrew Distillery",Bonita,Joanna
"Thunderbrew Distillery",Claude,Miles
"Thunderbrew Distillery",Deirdre,Suzanne
"Thunderbrew Distillery",Derick,Leann
"Thunderbrew Distillery",Fredrick,Stacy
"Thunderbrew Distillery",Garland,Carmella
"Thunderbrew Distillery",Geri,Milton
"Thunderbrew Distillery",Gussie,Hugo
"Thunderbrew Distillery",Irma,Lionel
"Thunderbrew Distillery",Jannie,Bobbi
"Thunderbrew Distillery",Kirby,Theodore
"Thunderbrew Distillery",Loyd,Leeann
"Thunderbrew Distillery",Martha,Ed
"Thunderbrew Distillery",Mohammad,Lara
"Thunderbrew Distillery",Monty,Kerri
"Thunderbrew Distillery",Nelly,Juliet
"Thunderbrew Distillery",Rex,Raymond
"Thunderbrew Distillery",Santiago,Millicent
"Thunderbrew Distillery",Valarie,Frieda
"Y Deri Arms",Amparo,Jamal
"Y Deri Arms",Arturo,Donovan
"Y Deri Arms",Bianca,Mack
"Y Deri Arms",Caleb,Tamara
"Y Deri Arms",Charity,Hiram
"Y Deri Arms",Cole,Quincy
"Y Deri Arms",Corina,Bessie
"Y Deri Arms",Dolly,Dudley
"Y Deri Arms",Don,Sidney
"Y Deri Arms",Earline,Raul
"Y Deri Arms",Eula,Tommy
"Y Deri Arms",Fern,Pearl
"Y Deri Arms",Gabriel,Lily
"Y Deri Arms",George,Vilma
"Y Deri Arms",Gladys,Gale
"Y Deri Arms",Kent,Jamie
"Y Deri Arms",Kimberly,Mathew
"Y Deri Arms",Leann,Erwin
"Y Deri Arms",Lesa,Percy
"Y Deri Arms",Lizzie,Etta
"Y Deri Arms",Lorenzo,Monique
"Y Deri Arms",Loretta,Tommy
"Y Deri Arms",Mariana,Larry
"Y Deri Arms",Monika,Alexandra
"Y Deri Arms",Rhea,Leila
"Y Deri Arms",Scot,Felicia
"Y Deri Arms",Shanna,Benita
"Y Deri Arms",Teri,Edwin
"Y Deri Arms",Tessa,Grover
