bar_name,item_name,item_cost,item_count
"Black Horse","Agave Nectar Ale",9.45,4429
"Black Horse",Baltika,6.44,5464
"Black Horse",Beck’s,9.50,1039
"Black Horse",Beerlao,5.31,2178
"Black Horse","Birra Moretti",9.50,4384
"Black Horse","Blackberry Tart Ale",10.85,8258
"Black Horse",BLT,5.62,4863
"Black Horse","Blue Moon",10.14,7324
"Black Horse","Blue Moon Grand Cru",8.85,5869
"Black Horse","Blue Moon Pale Ale",6.19,4834
"Black Horse","Blue Sword",10.42,6283
"Black Horse",Bosman,5.62,3258
"Black Horse","Bud Light",6.56,6361
"Black Horse",Budweiser,11.31,1673
"Black Horse","Buffalo Wings",5.82,3842
"Black Horse","Burger Sliders",7.00,3116
"Black Horse",Busch,10.94,4446
"Black Horse",Carlsberg,8.20,1152
"Black Horse","Chai Spiced Ale",6.37,9689
"Black Horse","Cheese Fries",7.18,9435
"Black Horse","Chicken Fingers",8.98,2364
"Black Horse","Chicken Sandwich",7.67,5322
"Black Horse",Corona,8.74,8987
"Black Horse",Cruzcampo,6.91,6383
"Black Horse","Curly Fries",9.43,3893
"Black Horse","Devils Backbone Brewing Company",11.02,4362
"Black Horse","Farmhouse Red Ale",5.21,1766
"Black Horse","Four Peaks",6.89,1799
"Black Horse","French Fries",7.41,7458
"Black Horse","Goose Island Brewery",11.57,9549
"Black Horse","Grilled Cheese",6.20,2726
"Black Horse",Hamburger,6.77,7200
"Black Horse",Hoegaarden,9.04,3363
"Black Horse",Jacobsen,5.01,7363
"Black Horse","Jalapeno Poppers",5.05,9236
"Black Horse","Labatt Family",9.85,2794
"Black Horse",Largo,7.95,2958
"Black Horse",Lav,6.23,5200
"Black Horse","Mozzarella Sticks",7.41,8152
"Black Horse",Nachos,11.88,5808
"Black Horse","National Bohemian Beer",9.28,7209
"Black Horse","Newcastle Brown Ale",5.09,1991
"Black Horse","Onion Rings",11.75,3088
"Black Horse","Pearl Lager Beer",11.81,7314
"Black Horse",Pizza,9.99,1430
"Black Horse",Quesadillas,10.48,5727
"Black Horse","Special Brew",6.82,1912
"Black Horse","Spring Blonde Wheat Ale",8.83,6857
"Black Horse",Stroh’s,5.77,2958
"Black Horse","Valencia Amber Ale",6.34,8526
"Callahan's Place",1664,11.97,7728
"Callahan's Place","Agave Nectar Ale",6.12,9187
"Callahan's Place","Alexander Keith&#8217;s beer range",8.02,6365
"Callahan's Place",Baltika,10.36,2404
"Callahan's Place",Beck’s,9.04,5992
"Callahan's Place",Belle,11.34,8938
"Callahan's Place","Blackberry Tart Ale",8.43,1081
"Callahan's Place",BLT,9.81,2024
"Callahan's Place","Blue Moon Grand Cru",11.18,8848
"Callahan's Place",Brahma,7.44,3223
"Callahan's Place","Bread Sticks",7.34,3116
"Callahan's Place","Bud Light",7.29,7757
"Callahan's Place","Burger Sliders",5.72,8563
"Callahan's Place",Busch,10.55,6772
"Callahan's Place",Cheeseburger,5.35,8504
"Callahan's Place",Chili,6.41,5371
"Callahan's Place","Devils Backbone Brewing Company",8.55,5075
"Callahan's Place","Elysian Brewing Company",5.31,7422
"Callahan's Place",Feldschlösschen,6.50,2097
"Callahan's Place","Green Leaves",9.05,3516
"Callahan's Place",Grimbergen,6.09,1512
"Callahan's Place",Hamburger,6.12,6009
"Callahan's Place","Heineken Lager Beer",9.65,4475
"Callahan's Place",Hoegaarden,11.95,4941
"Callahan's Place","House Salad",10.88,6598
"Callahan's Place",Huadan,5.58,7707
"Callahan's Place",Jacobsen,8.52,4737
"Callahan's Place","Jalapeno Poppers",5.02,5315
"Callahan's Place","Kokanee beers",7.27,3204
"Callahan's Place",Kronenbourg,5.69,8162
"Callahan's Place","Lakeport Brewing beer range",9.44,8305
"Callahan's Place","Mountain Abbey Ale",5.22,1751
"Callahan's Place","Mozzarella Sticks",6.26,5893
"Callahan's Place","National Bohemian Beer",11.85,3277
"Callahan's Place","Pearl Lager Beer",6.82,7155
"Callahan's Place",Pizza,11.56,2936
"Callahan's Place",Quesadillas,9.71,1631
"Callahan's Place","Rainer Beer",10.02,1071
"Callahan's Place","Raspberry Cream Ale",7.90,6428
"Callahan's Place",Reuben,11.80,3778
"Callahan's Place","Schaefer Beer",11.64,1234
"Callahan's Place",Shenyang,10.90,3087
"Callahan's Place",Singo,10.52,3319
"Callahan's Place","Spring Blonde Wheat Ale",8.32,3929
"Callahan's Place","Stag Beer",11.64,2527
"Callahan's Place","Stella Artois",10.56,2297
"Callahan's Place",Stroh’s,6.40,4157
"Callahan's Place","Sunshine Citrus Blonde",8.28,1229
"Callahan's Place","Valencia Amber Ale",5.42,1523
"Callahan's Place","White IPA",6.69,9465
"Gateway Inn","Agave Nectar Ale",8.00,8432
"Gateway Inn",Amstel,5.79,6424
"Gateway Inn",Baltika,5.57,3730
"Gateway Inn","Belgian Table Pils",7.82,6837
"Gateway Inn","Birra Moretti",7.41,6994
"Gateway Inn",BLT,7.55,3098
"Gateway Inn","Blue Moon",6.70,2209
"Gateway Inn","Blue Moon Grand Cru",8.65,7129
"Gateway Inn","Blue Moon Pale Ale",5.41,9441
"Gateway Inn",Brahma,5.43,4635
"Gateway Inn","Buffalo Wings",8.70,6741
"Gateway Inn","Burger Sliders",6.97,2182
"Gateway Inn",Busch,6.48,3663
"Gateway Inn",Carlsberg,8.15,6666
"Gateway Inn","Cheese Fries",8.45,2105
"Gateway Inn","Chicken Sandwich",5.18,7384
"Gateway Inn","Chicken Wings",10.42,8138
"Gateway Inn",Chili,11.76,3308
"Gateway Inn","Cinnamon Horchata Ale",10.39,9892
"Gateway Inn",Corona,5.40,1361
"Gateway Inn","Dos Equis XX",11.34,9989
"Gateway Inn",Feldschlösschen,6.42,1902
"Gateway Inn","French Fries",8.70,6841
"Gateway Inn",Hamburger,5.29,2834
"Gateway Inn","Harvest Pumpkin Ale",10.46,1766
"Gateway Inn","Heineken Lager Beer",10.75,6212
"Gateway Inn",Hoegaarden,9.06,7203
"Gateway Inn",Huadan,11.14,3745
"Gateway Inn","Jalapeno Poppers",8.56,6017
"Gateway Inn",Largo,10.50,7231
"Gateway Inn","Lone Star",7.17,4854
"Gateway Inn","Mozzarella Sticks",11.25,7160
"Gateway Inn",Nachos,9.60,7535
"Gateway Inn",Ochota,8.80,2814
"Gateway Inn","Onion Rings",10.24,4361
"Gateway Inn","Peanut Butter Ale",11.66,7340
"Gateway Inn",Pizza,5.89,5357
"Gateway Inn","Raspberry Cream Ale",5.14,3225
"Gateway Inn",Reuben,10.52,4099
"Gateway Inn","Rounder Belgian",7.53,9746
"Gateway Inn","Schmidt’s Premium Beer",8.37,9892
"Gateway Inn",Shenyang,7.48,7333
"Gateway Inn","Spiced Amber Ale",6.57,5447
"Gateway Inn","Spring Blonde Wheat Ale",5.45,3370
"Gateway Inn","Stag Beer",7.71,6122
"Gateway Inn",Stroh’s,9.09,9995
"Gateway Inn","Summer Honey Wheat Ale",10.94,5272
"Gateway Inn","Sunshine Citrus Blonde",9.63,9653
"Gateway Inn","White IPA",8.26,1972
"Gateway Inn",Zagorka,7.34,7395
McGinty's,Amstel,5.03,3189
McGinty's,Baltika,9.67,8478
McGinty's,Beerlao,7.13,4949
McGinty's,"Blue Moon Grand Cru",10.76,4385
McGinty's,"Blue Moon Pale Ale",11.57,7877
McGinty's,"Bread Sticks",10.35,6432
McGinty's,"Bud Light",5.85,7864
McGinty's,"Buffalo Wings",9.18,7204
McGinty's,"Burger Sliders",9.25,2682
McGinty's,Busch,7.62,6419
McGinty's,"Cappuccino Oatmeal Stout",11.59,9477
McGinty's,Carlsberg,7.22,7528
McGinty's,"Chai Spiced Ale",5.30,4343
McGinty's,"Cheese Fries",11.14,9049
McGinty's,Cheeseburger,5.03,3694
McGinty's,"Chicken Fingers",7.67,3351
McGinty's,"Chicken Sandwich",6.79,2740
McGinty's,"Cinnamon Horchata Ale",8.51,4682
McGinty's,Corona,9.28,1884
McGinty's,Cruzcampo,8.35,4001
McGinty's,"French Fries",9.10,6763
McGinty's,"Gingerbread Spiced Ale",7.14,8295
McGinty's,"Golden Road",8.87,2832
McGinty's,"Goose Island Brewery",11.69,1555
McGinty's,"Grilled Cheese",10.25,4336
McGinty's,Hamburger,8.61,9547
McGinty's,"Harvest Pumpkin Ale",7.49,5178
McGinty's,Hoegaarden,9.83,2119
McGinty's,Jacobsen,11.45,7906
McGinty's,Kronenbourg,8.69,4751
McGinty's,"Labatt Family",11.03,9605
McGinty's,"Lakeport Brewing beer range",11.56,6419
McGinty's,Lav,6.41,2252
McGinty's,"Mountain Abbey Ale",8.41,6183
McGinty's,"Mozzarella Sticks",9.73,1013
McGinty's,Nachos,10.51,5877
McGinty's,"Newcastle Brown Ale",9.03,2608
McGinty's,"Nut Brown Ale",11.15,6675
McGinty's,Ochota,8.28,1892
McGinty's,"Onion Rings",6.41,7805
McGinty's,Pizza,5.50,1997
McGinty's,Quesadillas,11.55,2195
McGinty's,"Rainer Beer",11.46,3849
McGinty's,Reuben,9.74,6071
McGinty's,Singo,10.19,1615
McGinty's,Skol,8.16,2355
McGinty's,Snow,7.48,4292
McGinty's,"Stella Artois",11.34,2252
McGinty's,Stroh’s,5.23,5001
McGinty's,"White IPA",6.81,5725
"Mulberry Street Bar","Alexander Keith&#8217;s beer range",5.34,6916
"Mulberry Street Bar",Baltika,7.99,1417
"Mulberry Street Bar",Beerlao,6.15,4008
"Mulberry Street Bar","Belgian Table Pils",5.69,8650
"Mulberry Street Bar",Belle,6.89,3800
"Mulberry Street Bar",BLT,11.55,1876
"Mulberry Street Bar","Blue Moon Pale Ale",11.30,7088
"Mulberry Street Bar",Brahma,7.59,3881
"Mulberry Street Bar","Bud Light",7.85,5014
"Mulberry Street Bar",Budweiser,8.35,1641
"Mulberry Street Bar","Burger Sliders",11.89,6597
"Mulberry Street Bar","Cappuccino Oatmeal Stout",8.22,9318
"Mulberry Street Bar",Carlsberg,5.91,4840
"Mulberry Street Bar","Chai Spiced Ale",8.72,3656
"Mulberry Street Bar","Cheese Fries",8.83,9473
"Mulberry Street Bar",Cheeseburger,10.32,2992
"Mulberry Street Bar","Chicken Sandwich",10.95,5284
"Mulberry Street Bar","Chicken Wings",8.83,8914
"Mulberry Street Bar",Cruzcampo,8.16,1898
"Mulberry Street Bar","Curly Fries",11.04,1264
"Mulberry Street Bar","Devils Backbone Brewing Company",8.54,8364
"Mulberry Street Bar",Feldschlösschen,8.94,2575
"Mulberry Street Bar","Four Peaks",8.69,7596
"Mulberry Street Bar","Golden Road",11.24,8294
"Mulberry Street Bar","Goose Island Brewery",9.34,2283
"Mulberry Street Bar","Grilled Cheese",6.24,3946
"Mulberry Street Bar",Hamburger,7.25,3683
"Mulberry Street Bar",Huadan,6.80,9010
"Mulberry Street Bar","Karbach Brewing Company",6.66,4351
"Mulberry Street Bar",Kronenbourg,11.80,5645
"Mulberry Street Bar",Lav,9.54,1661
"Mulberry Street Bar","Lone Star",6.24,5647
"Mulberry Street Bar",Murphy’s,10.81,9438
"Mulberry Street Bar","Newcastle Brown Ale",11.08,8406
"Mulberry Street Bar","Nut Brown Ale",10.24,2102
"Mulberry Street Bar","Onion Rings",9.92,8543
"Mulberry Street Bar","Peanut Butter Ale",5.19,2354
"Mulberry Street Bar",Pizza,6.26,1026
"Mulberry Street Bar","Rainer Beer",6.84,4305
"Mulberry Street Bar","Rounder Belgian",9.27,7202
"Mulberry Street Bar","Schaefer Beer",11.28,4146
"Mulberry Street Bar","Schmidt’s Premium Beer",11.72,3874
"Mulberry Street Bar",Singo,9.70,7132
"Mulberry Street Bar",Skol,10.87,6259
"Mulberry Street Bar","Spiced Amber Ale",9.96,5698
"Mulberry Street Bar","Spring Blonde Wheat Ale",5.93,3447
"Mulberry Street Bar","Stella Artois",9.74,2778
"Mulberry Street Bar","Summer Honey Wheat Ale",7.47,6868
"Mulberry Street Bar","Tiger Beer",11.16,7561
"Mulberry Street Bar","White IPA",8.46,5824
"Pedro McKinnon","Agave Nectar Ale",11.61,1908
"Pedro McKinnon","Alexander Keith&#8217;s beer range",11.03,5226
"Pedro McKinnon","Belgian Table Pils",10.27,1661
"Pedro McKinnon",Belle,9.64,8648
"Pedro McKinnon",BLT,10.53,7361
"Pedro McKinnon","Blue Moon",9.10,4116
"Pedro McKinnon","Blue Moon Grand Cru",9.99,1920
"Pedro McKinnon",Bosman,9.00,4027
"Pedro McKinnon","Bread Sticks",10.68,1755
"Pedro McKinnon","Bud Light",10.32,8313
"Pedro McKinnon","Buffalo Wings",5.48,8595
"Pedro McKinnon",Busch,6.98,1054
"Pedro McKinnon","Chai Spiced Ale",7.22,6337
"Pedro McKinnon",Cheeseburger,8.83,7750
"Pedro McKinnon",Chernihivske,11.01,7829
"Pedro McKinnon","Chicken Sandwich",5.29,8234
"Pedro McKinnon","Chicken Wings",10.84,9383
"Pedro McKinnon","Cocoa Brown Ale",6.42,5515
"Pedro McKinnon",Corona,8.98,9250
"Pedro McKinnon","Devils Backbone Brewing Company",8.18,8009
"Pedro McKinnon","Dos Equis XX",6.46,3009
"Pedro McKinnon","Elysian Brewing Company",6.09,2958
"Pedro McKinnon","Farmhouse Red Ale",11.57,4336
"Pedro McKinnon","French Fries",5.68,8727
"Pedro McKinnon","Grilled Cheese",5.20,2751
"Pedro McKinnon",Grimbergen,6.17,9343
"Pedro McKinnon","Harvest Pumpkin Ale",5.87,9397
"Pedro McKinnon","Heineken Lager Beer",11.23,6354
"Pedro McKinnon","House Salad",6.99,5689
"Pedro McKinnon","Jalapeno Poppers",6.11,9946
"Pedro McKinnon","Lakeport Brewing beer range",7.00,2402
"Pedro McKinnon",Lav,11.46,2648
"Pedro McKinnon","Mountain Abbey Ale",8.13,1335
"Pedro McKinnon","Mozzarella Sticks",5.08,8545
"Pedro McKinnon",Nachos,7.82,3726
"Pedro McKinnon","National Bohemian Beer",7.09,1783
"Pedro McKinnon",Pizza,7.98,2909
"Pedro McKinnon",Reuben,9.14,6665
"Pedro McKinnon","Rounder Belgian",9.82,3529
"Pedro McKinnon","Schmidt’s Premium Beer",7.67,4968
"Pedro McKinnon",Skol,5.26,6457
"Pedro McKinnon","Special Brew",9.76,1964
"Pedro McKinnon","Spiced Amber Ale",9.52,3590
"Pedro McKinnon","Stag Beer",6.77,6979
"Pedro McKinnon",Starobrno,10.85,6207
"Pedro McKinnon","Stella Artois",7.25,6369
"Pedro McKinnon","Summer Honey Wheat Ale",10.44,3821
"Pedro McKinnon","Sunshine Citrus Blonde",10.11,8030
"Pedro McKinnon","Tiger Beer",8.01,3650
"Pedro McKinnon","Valencia Amber Ale",10.03,1174
"Scarlet Raven Tavern",1664,11.85,9217
"Scarlet Raven Tavern",Beck’s,5.78,2410
"Scarlet Raven Tavern",Beerlao,8.37,4559
"Scarlet Raven Tavern",Belle,8.79,8819
"Scarlet Raven Tavern",BLT,6.24,4019
"Scarlet Raven Tavern","Blue Sword",8.86,7496
"Scarlet Raven Tavern",Bosman,6.81,3654
"Scarlet Raven Tavern","Bread Sticks",5.94,6969
"Scarlet Raven Tavern","Bud Light",9.80,1537
"Scarlet Raven Tavern","Burger Sliders",7.60,5394
"Scarlet Raven Tavern","Cappuccino Oatmeal Stout",7.43,3370
"Scarlet Raven Tavern","Caramel Apple Spiced Ale",11.45,1999
"Scarlet Raven Tavern",Cheeseburger,11.75,1907
"Scarlet Raven Tavern","Chicken Fingers",11.57,2532
"Scarlet Raven Tavern","Chicken Wings",8.08,1892
"Scarlet Raven Tavern","Colt 45",10.92,4214
"Scarlet Raven Tavern","Dos Equis XX",8.68,1536
"Scarlet Raven Tavern","Elysian Brewing Company",11.26,9167
"Scarlet Raven Tavern","Farmhouse Red Ale",8.21,2576
"Scarlet Raven Tavern",Feldschlösschen,9.20,2582
"Scarlet Raven Tavern","Four Peaks",10.49,6401
"Scarlet Raven Tavern","French Fries",7.02,8149
"Scarlet Raven Tavern","Golden Road",8.85,1035
"Scarlet Raven Tavern","Grilled Cheese",10.16,8681
"Scarlet Raven Tavern","Heineken Lager Beer",11.26,5800
"Scarlet Raven Tavern","House Salad",8.33,4542
"Scarlet Raven Tavern",Huadan,5.35,1188
"Scarlet Raven Tavern","Jalapeno Poppers",5.06,2542
"Scarlet Raven Tavern","Karbach Brewing Company",9.19,3497
"Scarlet Raven Tavern",Kronenbourg,10.04,9026
"Scarlet Raven Tavern","Labatt Family",10.81,8345
"Scarlet Raven Tavern","Lakeport Brewing beer range",8.43,4280
"Scarlet Raven Tavern",Lav,10.32,4595
"Scarlet Raven Tavern","Mountain Abbey Ale",5.24,2531
"Scarlet Raven Tavern","Mozzarella Sticks",5.99,3919
"Scarlet Raven Tavern",Nachos,7.54,2428
"Scarlet Raven Tavern","Nut Brown Ale",9.43,2195
"Scarlet Raven Tavern",Ochota,10.47,9974
"Scarlet Raven Tavern","Onion Rings",7.18,5544
"Scarlet Raven Tavern","Past Blue Ribbon",5.75,2244
"Scarlet Raven Tavern",Pizza,10.61,1674
"Scarlet Raven Tavern",Quesadillas,9.06,3152
"Scarlet Raven Tavern","Schaefer Beer",10.67,7574
"Scarlet Raven Tavern",Shenyang,11.01,3043
"Scarlet Raven Tavern","Special Brew",9.82,1624
"Scarlet Raven Tavern","Stag Beer",5.87,9522
"Scarlet Raven Tavern","Stella Artois",9.71,3634
"Scarlet Raven Tavern","Summer Honey Wheat Ale",8.49,2991
"Scarlet Raven Tavern","Tiger Beer",10.19,1272
"Scarlet Raven Tavern",Zagorka,10.69,9784
"The Bamboo Lounge","Agave Nectar Ale",7.80,2666
"The Bamboo Lounge",Amstel,8.58,2974
"The Bamboo Lounge",Beck’s,7.73,2102
"The Bamboo Lounge",Belle,5.55,6867
"The Bamboo Lounge","Birra Moretti",11.28,1168
"The Bamboo Lounge",BLT,6.97,9140
"The Bamboo Lounge","Blue Moon",7.07,3689
"The Bamboo Lounge","Blue Sword",9.29,8662
"The Bamboo Lounge",Bosman,8.59,9391
"The Bamboo Lounge",Brahma,11.18,8575
"The Bamboo Lounge","Bread Sticks",5.80,2521
"The Bamboo Lounge",Budweiser,9.86,4080
"The Bamboo Lounge",Busch,11.95,7759
"The Bamboo Lounge",Carlsberg,6.26,1794
"The Bamboo Lounge","Chai Spiced Ale",5.97,1299
"The Bamboo Lounge",Cheeseburger,11.64,2517
"The Bamboo Lounge",Chernihivske,5.49,9469
"The Bamboo Lounge","Chicken Fingers",7.19,3791
"The Bamboo Lounge","Chicken Wings",10.16,1171
"The Bamboo Lounge",Chili,7.15,6200
"The Bamboo Lounge","Curly Fries",10.25,6911
"The Bamboo Lounge","Farmhouse Red Ale",6.79,4881
"The Bamboo Lounge","French Fries",10.42,2318
"The Bamboo Lounge","Gingerbread Spiced Ale",10.15,4208
"The Bamboo Lounge","Goose Island Brewery",6.24,2704
"The Bamboo Lounge",Hamburger,8.01,9040
"The Bamboo Lounge","Harvest Pumpkin Ale",8.54,4190
"The Bamboo Lounge",Huadan,5.47,7403
"The Bamboo Lounge",Jacobsen,9.87,6506
"The Bamboo Lounge","Jalapeno Poppers",11.26,4613
"The Bamboo Lounge","Labatt Family",10.38,6396
"The Bamboo Lounge","Lakeport Brewing beer range",11.32,7408
"The Bamboo Lounge",Leffe,11.62,4390
"The Bamboo Lounge","Mozzarella Sticks",5.92,2113
"The Bamboo Lounge",Nachos,11.83,2478
"The Bamboo Lounge","Nut Brown Ale",7.11,8892
"The Bamboo Lounge","Onion Rings",11.55,9413
"The Bamboo Lounge",Pan,11.37,7293
"The Bamboo Lounge","Past Blue Ribbon",5.87,5969
"The Bamboo Lounge","Peanut Butter Ale",8.59,4658
"The Bamboo Lounge",Quesadillas,5.61,7071
"The Bamboo Lounge","Rainer Beer",7.68,6440
"The Bamboo Lounge",Reuben,8.14,2553
"The Bamboo Lounge","Schmidt’s Premium Beer",10.20,2450
"The Bamboo Lounge",Skol,9.84,1288
"The Bamboo Lounge","Special Brew",11.96,8457
"The Bamboo Lounge","Spring Blonde Wheat Ale",6.74,8550
"The Bamboo Lounge",Stroh’s,9.87,1881
"The Bamboo Lounge","White IPA",8.97,2714
"The Bamboo Lounge",Zagorka,10.31,8082
"The Blue Oyster Bar","Agave Nectar Ale",10.15,8290
"The Blue Oyster Bar","Alexander Keith&#8217;s beer range",10.88,3899
"The Blue Oyster Bar",Baltika,5.22,9749
"The Blue Oyster Bar","Belgian Table Pils",11.61,9326
"The Blue Oyster Bar",Belle,9.60,6854
"The Blue Oyster Bar","Blackberry Tart Ale",6.63,2604
"The Blue Oyster Bar",BLT,8.10,9495
"The Blue Oyster Bar","Blue Moon",11.95,1574
"The Blue Oyster Bar","Blue Moon Grand Cru",6.55,5219
"The Blue Oyster Bar",Bosman,10.11,8197
"The Blue Oyster Bar","Buffalo Wings",5.71,9911
"The Blue Oyster Bar",Busch,5.76,4825
"The Blue Oyster Bar","Cappuccino Oatmeal Stout",8.51,9587
"The Blue Oyster Bar","Chicken Sandwich",9.24,9220
"The Blue Oyster Bar","Chicken Wings",5.58,5008
"The Blue Oyster Bar",Chili,10.29,1620
"The Blue Oyster Bar",Cruzcampo,7.13,9151
"The Blue Oyster Bar","Curly Fries",6.34,2673
"The Blue Oyster Bar","Dos Equis XX",6.01,7528
"The Blue Oyster Bar","Elysian Brewing Company",5.75,3514
"The Blue Oyster Bar","Farmhouse Red Ale",8.72,8674
"The Blue Oyster Bar",Feldschlösschen,7.55,4034
"The Blue Oyster Bar","French Fries",7.46,6934
"The Blue Oyster Bar","Grilled Cheese",11.00,4768
"The Blue Oyster Bar",Grimbergen,5.62,2147
"The Blue Oyster Bar","Harvest Pumpkin Ale",10.83,7718
"The Blue Oyster Bar","House Salad",9.14,6825
"The Blue Oyster Bar",Huadan,8.13,6555
"The Blue Oyster Bar","Jalapeno Poppers",6.59,7923
"The Blue Oyster Bar",Kronenbourg,5.58,4232
"The Blue Oyster Bar","Labatt Family",7.44,7166
"The Blue Oyster Bar","Lakeport Brewing beer range",5.76,4902
"The Blue Oyster Bar",Lav,6.64,8807
"The Blue Oyster Bar",Leffe,7.58,9130
"The Blue Oyster Bar","Mountain Abbey Ale",8.97,4629
"The Blue Oyster Bar",Nachos,8.70,6404
"The Blue Oyster Bar","Nut Brown Ale",6.25,3154
"The Blue Oyster Bar",Ochota,8.09,4863
"The Blue Oyster Bar","Onion Rings",5.20,9314
"The Blue Oyster Bar",Pizza,9.45,9740
"The Blue Oyster Bar","Raspberry Cream Ale",10.83,8125
"The Blue Oyster Bar","Schmidt’s Premium Beer",11.92,4591
"The Blue Oyster Bar",Shenyang,9.37,4187
"The Blue Oyster Bar",Singo,7.40,6566
"The Blue Oyster Bar",Skol,5.81,3547
"The Blue Oyster Bar",Snow,8.01,2361
"The Blue Oyster Bar","Special Brew",8.41,4802
"The Blue Oyster Bar","Spiced Amber Ale",11.65,8615
"The Blue Oyster Bar","Stag Beer",7.98,3578
"The Blue Oyster Bar","Valencia Amber Ale",11.72,9541
"The Cat & Fiddle",1664,10.55,2273
"The Cat & Fiddle",Amstel,8.34,3357
"The Cat & Fiddle",Baltika,10.53,7011
"The Cat & Fiddle",Beck’s,5.88,4547
"The Cat & Fiddle","Belgian Table Pils",9.70,1404
"The Cat & Fiddle",BLT,6.40,6889
"The Cat & Fiddle","Blue Moon Grand Cru",10.41,6098
"The Cat & Fiddle",Brahma,10.52,2009
"The Cat & Fiddle","Bud Light",10.13,3897
"The Cat & Fiddle","Buffalo Wings",7.72,9246
"The Cat & Fiddle","Burger Sliders",7.06,5258
"The Cat & Fiddle","Cheese Fries",7.01,6665
"The Cat & Fiddle",Cheeseburger,11.81,5389
"The Cat & Fiddle","Chicken Sandwich",7.60,8809
"The Cat & Fiddle","Colt 45",5.55,8396
"The Cat & Fiddle",Cruzcampo,10.72,3983
"The Cat & Fiddle","Curly Fries",6.47,3434
"The Cat & Fiddle","Devils Backbone Brewing Company",11.60,6013
"The Cat & Fiddle","Dos Equis XX",6.65,7423
"The Cat & Fiddle","Elephant Beer",7.39,4113
"The Cat & Fiddle","Elysian Brewing Company",5.59,4736
"The Cat & Fiddle",Feldschlösschen,10.46,6579
"The Cat & Fiddle","French Fries",5.79,4413
"The Cat & Fiddle","Goose Island Brewery",9.30,1450
"The Cat & Fiddle","Gorkha Beer",5.32,6408
"The Cat & Fiddle","Green Leaves",11.88,4460
"The Cat & Fiddle","Grilled Cheese",11.33,2389
"The Cat & Fiddle","House Salad",7.28,6064
"The Cat & Fiddle","Jalapeno Poppers",11.59,5798
"The Cat & Fiddle","Labatt Family",9.97,9646
"The Cat & Fiddle",Largo,10.28,5828
"The Cat & Fiddle",Leffe,5.53,7385
"The Cat & Fiddle","Mountain Abbey Ale",8.98,1921
"The Cat & Fiddle","Mozzarella Sticks",7.00,3274
"The Cat & Fiddle",Murphy’s,5.18,6554
"The Cat & Fiddle","National Bohemian Beer",8.60,5430
"The Cat & Fiddle","Newcastle Brown Ale",5.16,6199
"The Cat & Fiddle",Ochota,5.14,6433
"The Cat & Fiddle","Onion Rings",9.95,5756
"The Cat & Fiddle","Past Blue Ribbon",6.65,6613
"The Cat & Fiddle",Pizza,8.74,9268
"The Cat & Fiddle","Raspberry Cream Ale",7.10,5498
"The Cat & Fiddle","Schaefer Beer",11.96,2759
"The Cat & Fiddle","Schmidt’s Premium Beer",9.52,9480
"The Cat & Fiddle",Skol,10.84,9498
"The Cat & Fiddle",Snow,7.26,7217
"The Cat & Fiddle","Stag Beer",10.11,7160
"The Cat & Fiddle","Sunshine Citrus Blonde",6.45,8239
"The Cat & Fiddle","Tiger Beer",9.86,6296
"The Cat & Fiddle","White IPA",10.21,6879
"The Eolian",1664,6.93,9505
"The Eolian","Agave Nectar Ale",5.15,2039
"The Eolian",Baltika,5.98,6636
"The Eolian","Birra Moretti",11.60,5050
"The Eolian",BLT,5.40,4716
"The Eolian","Buffalo Wings",8.34,9211
"The Eolian","Cappuccino Oatmeal Stout",7.18,5697
"The Eolian",Carlsberg,6.20,3316
"The Eolian","Chai Spiced Ale",10.59,9724
"The Eolian",Cheeseburger,9.86,9270
"The Eolian","Chicken Fingers",7.06,2326
"The Eolian","Chicken Sandwich",6.22,2367
"The Eolian","Chicken Wings",6.37,6288
"The Eolian","Cocoa Brown Ale",6.53,5981
"The Eolian",Corona,11.96,6591
"The Eolian","Curly Fries",10.30,1960
"The Eolian","Dos Equis XX",8.29,9264
"The Eolian",Feldschlösschen,9.22,7381
"The Eolian","Four Peaks",11.07,5223
"The Eolian","French Fries",6.62,2414
"The Eolian","Gingerbread Spiced Ale",5.93,5001
"The Eolian","Golden Road",11.10,2608
"The Eolian","Grilled Cheese",7.90,8645
"The Eolian",Hamburger,5.66,7400
"The Eolian","Heineken Lager Beer",9.88,4169
"The Eolian","House Salad",5.26,7146
"The Eolian",Huadan,11.16,8589
"The Eolian",Jacobsen,8.94,4038
"The Eolian","Karbach Brewing Company",6.32,4568
"The Eolian","Kokanee beers",8.80,3117
"The Eolian",Kronenbourg,7.95,6989
"The Eolian","Lakeport Brewing beer range",5.90,7578
"The Eolian",Leffe,8.62,2940
"The Eolian","Lone Star",6.51,8220
"The Eolian","National Bohemian Beer",6.78,6348
"The Eolian","Onion Rings",6.44,8262
"The Eolian","Pearl Lager Beer",5.80,3419
"The Eolian",Quesadillas,9.72,6855
"The Eolian","Rainer Beer",7.09,6355
"The Eolian",Reuben,7.45,5541
"The Eolian","Rounder Belgian",7.80,1596
"The Eolian","Schmidt’s Premium Beer",6.74,5169
"The Eolian",Shenyang,8.08,9169
"The Eolian",Skol,7.63,4061
"The Eolian","Special Brew",11.73,1369
"The Eolian","Spring Blonde Wheat Ale",11.89,9284
"The Eolian","Stag Beer",8.28,7601
"The Eolian",Star,6.55,7747
"The Eolian","Summer Honey Wheat Ale",7.02,6725
"The Eolian","Valencia Amber Ale",11.80,2836
"The Grasshopper","Alexander Keith&#8217;s beer range",7.09,6183
"The Grasshopper",Amstel,8.45,8285
"The Grasshopper",Beck’s,9.18,9303
"The Grasshopper",Beerlao,9.47,7082
"The Grasshopper","Belgian Table Pils",10.54,5632
"The Grasshopper","Blackberry Tart Ale",6.65,4359
"The Grasshopper",Bosman,5.94,5150
"The Grasshopper","Bread Sticks",5.24,5152
"The Grasshopper","Bud Light",11.39,7981
"The Grasshopper",Budweiser,5.25,4208
"The Grasshopper","Buffalo Wings",7.88,5795
"The Grasshopper","Cappuccino Oatmeal Stout",7.42,3084
"The Grasshopper","Cheese Fries",8.41,7258
"The Grasshopper",Cheeseburger,7.97,3133
"The Grasshopper","Chicken Fingers",7.11,7150
"The Grasshopper","Chicken Sandwich",5.59,3341
"The Grasshopper","Chicken Wings",6.54,7898
"The Grasshopper",Chili,10.36,2509
"The Grasshopper","Cinnamon Horchata Ale",6.86,5825
"The Grasshopper","Colt 45",11.83,9805
"The Grasshopper",Corona,10.81,4046
"The Grasshopper",Cruzcampo,6.85,5299
"The Grasshopper","Devils Backbone Brewing Company",5.33,4597
"The Grasshopper","Dos Equis XX",11.50,8594
"The Grasshopper","Elysian Brewing Company",5.86,3657
"The Grasshopper",Feldschlösschen,11.41,3667
"The Grasshopper","French Fries",6.22,6456
"The Grasshopper","Green Leaves",7.20,8362
"The Grasshopper","Grilled Cheese",9.84,7018
"The Grasshopper","Harvest Pumpkin Ale",11.13,3949
"The Grasshopper","Heineken Lager Beer",7.91,7533
"The Grasshopper",Hoegaarden,5.34,4909
"The Grasshopper","House Salad",5.47,6912
"The Grasshopper","Kokanee beers",6.09,8029
"The Grasshopper","Labatt Family",11.78,2997
"The Grasshopper","Mountain Abbey Ale",10.67,9120
"The Grasshopper","Mozzarella Sticks",10.71,4033
"The Grasshopper","Peanut Butter Ale",7.43,2485
"The Grasshopper","Pearl Lager Beer",6.43,4166
"The Grasshopper",Pizza,7.32,6089
"The Grasshopper",Quesadillas,6.19,8843
"The Grasshopper",Reuben,6.67,9207
"The Grasshopper","Rounder Belgian",9.70,8857
"The Grasshopper","Special Brew",5.82,7679
"The Grasshopper","Spiced Amber Ale",11.30,3200
"The Grasshopper",Star,8.05,5203
"The Grasshopper",Starobrno,6.43,8419
"The Grasshopper","Summer Honey Wheat Ale",10.61,1175
"The Grasshopper","Sunshine Citrus Blonde",10.19,4351
"The Grasshopper",Zagorka,10.25,3870
"The Lizard's Head",Beerlao,11.81,2127
"The Lizard's Head","Belgian Table Pils",10.90,1473
"The Lizard's Head",BLT,7.11,5292
"The Lizard's Head","Blue Moon",5.97,8739
"The Lizard's Head","Blue Moon Grand Cru",9.10,8405
"The Lizard's Head","Blue Sword",11.86,7413
"The Lizard's Head",Brahma,5.65,4097
"The Lizard's Head",Budweiser,5.31,8937
"The Lizard's Head","Burger Sliders",8.59,1987
"The Lizard's Head",Carlsberg,11.71,8098
"The Lizard's Head","Cheese Fries",8.86,3686
"The Lizard's Head",Cheeseburger,7.29,6947
"The Lizard's Head","Chicken Fingers",5.10,4913
"The Lizard's Head","Chicken Wings",10.61,8127
"The Lizard's Head","Cocoa Brown Ale",8.56,9249
"The Lizard's Head","Colt 45",6.90,6253
"The Lizard's Head","Farmhouse Red Ale",9.14,8324
"The Lizard's Head",Feldschlösschen,11.08,3527
"The Lizard's Head","French Fries",5.95,8098
"The Lizard's Head","Golden Road",5.77,5858
"The Lizard's Head","Green Leaves",8.78,4694
"The Lizard's Head","Grilled Cheese",7.34,7952
"The Lizard's Head",Grimbergen,11.23,5299
"The Lizard's Head",Hamburger,10.43,4425
"The Lizard's Head","Harvest Pumpkin Ale",5.39,9715
"The Lizard's Head","Heineken Lager Beer",7.03,7648
"The Lizard's Head",Hoegaarden,7.87,4454
"The Lizard's Head",Huadan,11.17,5549
"The Lizard's Head",Largo,11.09,9110
"The Lizard's Head","Lone Star",7.69,9261
"The Lizard's Head","Mountain Abbey Ale",11.74,1591
"The Lizard's Head","Mozzarella Sticks",6.90,6967
"The Lizard's Head","National Bohemian Beer",8.52,9729
"The Lizard's Head","Newcastle Brown Ale",7.11,2235
"The Lizard's Head","Nut Brown Ale",10.05,5429
"The Lizard's Head",Ochota,5.55,9601
"The Lizard's Head","Onion Rings",11.56,5994
"The Lizard's Head","Past Blue Ribbon",8.17,3110
"The Lizard's Head",Pizza,10.18,8338
"The Lizard's Head",Quesadillas,5.31,8143
"The Lizard's Head","Rainer Beer",5.14,6524
"The Lizard's Head","Raspberry Cream Ale",5.94,6624
"The Lizard's Head","Schmidt’s Premium Beer",6.70,6765
"The Lizard's Head",Singo,9.27,8966
"The Lizard's Head",Skol,10.73,8113
"The Lizard's Head",Snow,9.73,2812
"The Lizard's Head","Summer Honey Wheat Ale",5.80,2642
"The Lizard's Head","Sunshine Citrus Blonde",11.99,9136
"The Lizard's Head","Tiger Beer",8.82,5653
"The Lizard's Head",Zagorka,5.47,9899
"Thunderbrew Distillery",1664,6.54,8611
"Thunderbrew Distillery",Beck’s,5.60,8498
"Thunderbrew Distillery",Beerlao,11.28,4181
"Thunderbrew Distillery",Belle,8.95,5650
"Thunderbrew Distillery","Blackberry Tart Ale",11.25,7206
"Thunderbrew Distillery",BLT,9.08,2615
"Thunderbrew Distillery","Blue Moon Pale Ale",6.85,4927
"Thunderbrew Distillery",Bosman,7.50,8598
"Thunderbrew Distillery",Brahma,10.55,5050
"Thunderbrew Distillery","Buffalo Wings",10.93,8036
"Thunderbrew Distillery","Cappuccino Oatmeal Stout",10.52,6330
"Thunderbrew Distillery","Caramel Apple Spiced Ale",9.66,6378
"Thunderbrew Distillery","Chai Spiced Ale",9.85,6130
"Thunderbrew Distillery","Cheese Fries",10.05,1965
"Thunderbrew Distillery","Chicken Sandwich",11.29,4866
"Thunderbrew Distillery",Chili,10.01,4325
"Thunderbrew Distillery","Colt 45",6.19,2614
"Thunderbrew Distillery",Corona,9.97,4085
"Thunderbrew Distillery",Cruzcampo,8.26,6940
"Thunderbrew Distillery","Devils Backbone Brewing Company",6.59,3052
"Thunderbrew Distillery","Elysian Brewing Company",6.25,2683
"Thunderbrew Distillery","Four Peaks",6.80,9130
"Thunderbrew Distillery","Gorkha Beer",7.76,6886
"Thunderbrew Distillery","Grilled Cheese",10.90,6694
"Thunderbrew Distillery",Grimbergen,6.39,5136
"Thunderbrew Distillery",Hamburger,5.66,1828
"Thunderbrew Distillery",Huadan,5.03,9185
"Thunderbrew Distillery","Jalapeno Poppers",7.81,5925
"Thunderbrew Distillery","Kokanee beers",5.16,9028
"Thunderbrew Distillery",Largo,11.95,4228
"Thunderbrew Distillery","Mountain Abbey Ale",9.94,9147
"Thunderbrew Distillery",Murphy’s,7.70,3356
"Thunderbrew Distillery",Nachos,7.54,8846
"Thunderbrew Distillery","Nut Brown Ale",8.48,5452
"Thunderbrew Distillery",Ochota,8.01,4229
"Thunderbrew Distillery","Peanut Butter Ale",7.87,3237
"Thunderbrew Distillery","Pearl Lager Beer",5.81,5893
"Thunderbrew Distillery",Quesadillas,10.24,2031
"Thunderbrew Distillery","Raspberry Cream Ale",6.60,9083
"Thunderbrew Distillery","Rounder Belgian",7.10,7176
"Thunderbrew Distillery","Schmidt’s Premium Beer",7.45,1023
"Thunderbrew Distillery",Shenyang,6.29,4082
"Thunderbrew Distillery","Special Brew",8.92,3704
"Thunderbrew Distillery","Spiced Amber Ale",11.44,7977
"Thunderbrew Distillery","Stag Beer",11.63,2001
"Thunderbrew Distillery",Starobrno,9.61,7745
"Thunderbrew Distillery",Stroh’s,10.07,9046
"Thunderbrew Distillery","Tiger Beer",8.52,7601
"Thunderbrew Distillery","Valencia Amber Ale",8.53,5833
"Thunderbrew Distillery","White IPA",8.70,5687
"Y Deri Arms","Agave Nectar Ale",11.38,3623
"Y Deri Arms",Amstel,6.76,8664
"Y Deri Arms",Beck’s,7.68,6082
"Y Deri Arms","Belgian Table Pils",6.48,9842
"Y Deri Arms","Blackberry Tart Ale",5.63,8808
"Y Deri Arms",BLT,5.79,6649
"Y Deri Arms","Blue Moon",10.00,2825
"Y Deri Arms","Blue Moon Grand Cru",9.26,1747
"Y Deri Arms","Bread Sticks",9.95,7426
"Y Deri Arms","Buffalo Wings",9.32,4415
"Y Deri Arms","Burger Sliders",7.51,2696
"Y Deri Arms","Chai Spiced Ale",6.12,3856
"Y Deri Arms","Cheese Fries",10.59,3956
"Y Deri Arms",Cheeseburger,6.86,3644
"Y Deri Arms",Chernihivske,6.81,2452
"Y Deri Arms","Chicken Fingers",6.48,4121
"Y Deri Arms","Chicken Sandwich",5.31,6308
"Y Deri Arms","Cocoa Brown Ale",10.64,3982
"Y Deri Arms",Cruzcampo,8.91,1830
"Y Deri Arms","Elysian Brewing Company",6.09,1154
"Y Deri Arms","Farmhouse Red Ale",7.26,4419
"Y Deri Arms",Feldschlösschen,10.65,8450
"Y Deri Arms","French Fries",5.83,8684
"Y Deri Arms","Gingerbread Spiced Ale",6.31,2478
"Y Deri Arms","Golden Road",7.12,2212
"Y Deri Arms","Gorkha Beer",7.29,6918
"Y Deri Arms","Green Leaves",8.19,6012
"Y Deri Arms","Harvest Pumpkin Ale",6.57,1437
"Y Deri Arms","Heineken Lager Beer",6.05,9136
"Y Deri Arms","House Salad",6.66,3557
"Y Deri Arms","Karbach Brewing Company",7.39,8369
"Y Deri Arms","Kokanee beers",7.86,2169
"Y Deri Arms",Lav,8.26,4011
"Y Deri Arms","Mountain Abbey Ale",6.84,7423
"Y Deri Arms","Mozzarella Sticks",8.57,8708
"Y Deri Arms","Newcastle Brown Ale",8.29,3362
"Y Deri Arms","Onion Rings",10.06,2246
"Y Deri Arms",Pizza,11.38,4532
"Y Deri Arms",Quesadillas,11.26,2820
"Y Deri Arms","Raspberry Cream Ale",6.75,5640
"Y Deri Arms",Reuben,6.14,8829
"Y Deri Arms","Schmidt’s Premium Beer",7.96,6373
"Y Deri Arms","Special Brew",10.18,2616
"Y Deri Arms","Spring Blonde Wheat Ale",6.46,4853
"Y Deri Arms",Star,10.48,5061
"Y Deri Arms",Starobrno,8.89,4384
"Y Deri Arms",Stroh’s,7.99,1146
"Y Deri Arms","Tiger Beer",6.70,3647
"Y Deri Arms","Valencia Amber Ale",7.01,1687
"Y Deri Arms",Zagorka,8.58,6166
