first_name,last_name,item_name
Abbie,Don,"Blue Moon Pale Ale"
Abbie,Don,Snow
Abbie,Don,"Special Brew"
Abel,Joey,Pizza
Abraham,Candy,"Schaefer Beer"
Abraham,Teri,Leffe
Abraham,Teri,"Mountain Abbey Ale"
Adan,Leonor,Corona
Adela,Francesca,Carlsberg
Adela,Francesca,"Onion Rings"
Adelaide,Kelvin,"Chicken Fingers"
Adelaide,Kelvin,"Cinnamon Horchata Ale"
Aida,Grady,Chili
Aida,Grady,"Karbach Brewing Company"
Aimee,Fay,"Rainer Beer"
Alan,Doreen,Carlsberg
Alana,Naomi,"Jalapeno Poppers"
Albert,Annette,"Onion Rings"
Alberta,Jacqueline,Reuben
Alexander,Clare,Amstel
Alexander,Flossie,"Raspberry Cream Ale"
Alexander,Flossie,Star
Alexander,Javier,"Chicken Wings"
Aline,Nola,Hoegaarden
Alisha,Yvette,Pizza
Alison,Margery,"Cappuccino Oatmeal Stout"
Allie,Bennett,"Bread Sticks"
Alma,Christine,Pizza
Alta,Dianna,Chernihivske
Alta,Dianna,Lav
Althea,Kathie,Carlsberg
Althea,Kathie,"Onion Rings"
Alyce,Concepcion,Star
Alyssa,Anna,Busch
Alyssa,Anna,"Onion Rings"
Alyssa,Daniel,"Devils Backbone Brewing Company"
Amanda,Betty,"Agave Nectar Ale"
Amanda,Betty,"Peanut Butter Ale"
Amie,Evangelina,"Blue Sword"
Amie,Evangelina,Zagorka
Amie,Javier,1664
Amie,Javier,"Schaefer Beer"
Amparo,Jamal,"Cheese Fries"
Amparo,Jamal,"Special Brew"
Amparo,Shawn,"Agave Nectar Ale"
Ana,Deborah,"Peanut Butter Ale"
Andy,Lesa,"Birra Moretti"
Andy,Lesa,Quesadillas
Angela,Tamara,Singo
Angela,Tamara,"Stella Artois"
Angela,Willard,"Past Blue Ribbon"
Annette,Annmarie,"Buffalo Wings"
Annie,Ann,Cheeseburger
Annie,Susanna,Beck’s
Antoine,Noe,"Dos Equis XX"
Antoinette,Joan,"Blue Moon Grand Cru"
Antoinette,Joan,"Blue Sword"
Antoinette,Joan,Lav
Anton,Valerie,"Valencia Amber Ale"
Archie,Rosa,"Stag Beer"
Armando,Janine,"Past Blue Ribbon"
Arron,Maryanne,"Chicken Fingers"
Arron,Maryanne,"Spiced Amber Ale"
Arron,Ora,Cheeseburger
Art,Norma,"Past Blue Ribbon"
Arthur,Loraine,"Jalapeno Poppers"
Arthur,Loraine,"White IPA"
Arturo,Donovan,"Elephant Beer"
Ashley,Wilbur,"Dos Equis XX"
Augusta,Dean,"Bread Sticks"
Aurora,Branden,"French Fries"
Aurora,Branden,Murphy’s
Austin,Catherine,"French Fries"
Avery,Larry,"Stag Beer"
Avery,Tanya,"Blue Sword"
Barry,Gussie,Carlsberg
Barry,Gussie,Chili
Basil,Dorthy,Largo
Beatriz,Edwin,"Burger Sliders"
Beatriz,Edwin,"Cinnamon Horchata Ale"
Beatriz,Edwin,"Devils Backbone Brewing Company"
Beatriz,Edwin,"Grilled Cheese"
Beatriz,Edwin,Hamburger
Beatriz,Hector,"Burger Sliders"
Beatriz,Hector,"Chicken Sandwich"
Beau,Jess,"French Fries"
Becky,Reggie,"Farmhouse Red Ale"
Becky,Reggie,"Sunshine Citrus Blonde"
Bennett,Vanessa,"Rounder Belgian"
Benny,Cornelia,"Blue Sword"
Bernadette,Justine,"Farmhouse Red Ale"
Bernadette,Justine,Snow
Bert,Chandra,"Caramel Apple Spiced Ale"
Bert,Chandra,Cruzcampo
Berta,Rocio,"Curly Fries"
Beulah,Arturo,"Curly Fries"
Bianca,Mack,Huadan
Bianca,Mack,Largo
Blake,Marlene,"Blue Moon Grand Cru"
Blake,Marlene,Lav
Blanca,Roger,"Labatt Family"
Blanche,Doug,"Elysian Brewing Company"
Blanche,Doug,Hamburger
Blanche,Doug,Huadan
Bobbi,Vilma,"French Fries"
Bobbi,Vilma,Pan
Bonnie,Nathan,"House Salad"
Bradford,Dorothea,"Onion Rings"
Brain,Suzanne,"Burger Sliders"
Brandie,Delores,"Lakeport Brewing beer range"
Brandie,Delores,"Rounder Belgian"
Brandy,Benita,"Summer Honey Wheat Ale"
Brandy,Benita,Zagorka
Brian,Booker,"Devils Backbone Brewing Company"
Brittany,Kristi,1664
Brock,Gabriela,"Birra Moretti"
Brock,Gabriela,"Labatt Family"
Brock,Gabriela,"Schaefer Beer"
Bruno,Clayton,Nachos
Bryant,Chelsea,"French Fries"
Bryant,Chelsea,Snow
Bryant,Cristina,"Blue Moon Grand Cru"
Bryant,Cristina,"Grilled Cheese"
Bryant,Cristina,"Stag Beer"
Bryce,Alba,"Valencia Amber Ale"
Buddy,Camille,"Chai Spiced Ale"
Buddy,Camille,Hamburger
Buddy,Camille,"Peanut Butter Ale"
Buddy,Camille,Starobrno
Buddy,Camille,"White IPA"
Caleb,Kasey,"Spiced Amber Ale"
Caleb,Tamara,"Cinnamon Horchata Ale"
Candace,Noelle,Quesadillas
Candice,Lydia,"Caramel Apple Spiced Ale"
Candy,Stella,"Gorkha Beer"
Carla,Horace,Chernihivske
Carla,Horace,"Newcastle Brown Ale"
Carlton,Sheryl,Belle
Carlton,Sheryl,"Caramel Apple Spiced Ale"
Carmelo,Cindy,"Mozzarella Sticks"
Carmelo,Sybil,"Cheese Fries"
Carmen,Angeline,"Cappuccino Oatmeal Stout"
Carmen,Angeline,"Lakeport Brewing beer range"
Carmen,Angeline,"Schaefer Beer"
Carroll,Darrin,"Goose Island Brewery"
Carroll,Darrin,"Mozzarella Sticks"
Carroll,Darrin,Quesadillas
Carroll,Leland,"Stella Artois"
Carter,Aimee,"Burger Sliders"
Catherine,Reyna,Murphy’s
Cathryn,Mariano,"Lone Star"
Cathryn,Mariano,"Stella Artois"
Cecelia,Jannie,Chili
Charity,Hiram,"Labatt Family"
Charity,Hiram,Ochota
Charles,Kristine,"French Fries"
Charlotte,Delores,"Summer Honey Wheat Ale"
Chase,Dewey,Carlsberg
Chase,Tyrone,Pan
Chase,Tyrone,Snow
Chase,Tyrone,"Summer Honey Wheat Ale"
Christa,Quinton,"Lone Star"
Christa,Quinton,"Raspberry Cream Ale"
Christian,Ernesto,"Chicken Wings"
Christian,Zachery,Grimbergen
Christian,Zachery,"Special Brew"
Christina,Margery,"Elephant Beer"
Christine,Cleo,"Mountain Abbey Ale"
Christine,Daren,Huadan
Christine,Daren,"Spiced Amber Ale"
Christine,Daren,"White IPA"
Chrystal,Stuart,Jacobsen
Chuck,Pansy,Pizza
Chuck,Pansy,"Raspberry Cream Ale"
Clair,Kelli,"Bread Sticks"
Clair,Kelli,"Valencia Amber Ale"
Clarice,Jose,"Blue Moon Pale Ale"
Clarice,Jose,"National Bohemian Beer"
Claudia,Alisha,Stroh’s
Clement,Britney,"Birra Moretti"
Clement,Britney,"Burger Sliders"
Clement,Dane,"Caramel Apple Spiced Ale"
Clifford,Maribel,Bosman
Clifford,Maribel,Lav
Clifford,Maribel,"Onion Rings"
Clint,Iris,"Buffalo Wings"
Clint,Iris,"Elysian Brewing Company"
Clint,Lorena,"Chicken Wings"
Cody,Dominick,"Gorkha Beer"
Cody,Roy,Jacobsen
Cole,Jesse,"Mozzarella Sticks"
Cole,Jesse,"Raspberry Cream Ale"
Cole,Quincy,Beerlao
Cole,Quincy,Carlsberg
Cole,Quincy,Chili
Colleen,Benita,"Harvest Pumpkin Ale"
Collin,Diana,"Onion Rings"
Collin,Eddy,"Schaefer Beer"
Cornelius,Marcel,Feldschlösschen
Cristina,Hugh,"Blackberry Tart Ale"
Cristina,Katrina,"Bread Sticks"
Curt,Moises,Bosman
Daisy,Ursula,Quesadillas
Damien,Roscoe,"Burger Sliders"
Damien,Roscoe,"Gingerbread Spiced Ale"
Damien,Roscoe,"Nut Brown Ale"
Dan,Kristine,Reuben
Dana,Shaun,Feldschlösschen
Dana,Shaun,"Gingerbread Spiced Ale"
Dana,Shaun,Pan
Danial,Penny,"Burger Sliders"
Danielle,Duane,Brahma
Danielle,Otto,"Cheese Fries"
Danielle,Otto,"Goose Island Brewery"
Danielle,Otto,"House Salad"
Danny,Rodger,"Elephant Beer"
Danny,Rodger,"Schaefer Beer"
Dante,Danielle,"Bread Sticks"
Dante,Danielle,Busch
Dante,Danielle,"Four Peaks"
Dante,James,"Elysian Brewing Company"
Dante,James,Lav
Daren,Ann,"Gingerbread Spiced Ale"
Daren,Ann,Ochota
Darius,Darren,Leffe
Darla,Rosanne,"Curly Fries"
Darla,Rosanne,"Golden Road"
Darla,Rosanne,"Grilled Cheese"
Darla,Rosanne,Reuben
Darlene,Denver,"Bud Light"
Darlene,Denver,Quesadillas
Darlene,Frank,"Bread Sticks"
Darlene,Frank,Corona
Darrel,Rachel,Nachos
Darryl,Toni,"Bread Sticks"
Darryl,Toni,"Schmidt’s Premium Beer"
Dave,Elisa,"House Salad"
Dave,Lashonda,"Bud Light"
Dave,Lashonda,"Chai Spiced Ale"
Dawn,Deanne,"Gorkha Beer"
Deanna,Chad,Kronenbourg
Deanna,Chad,Pizza
Dee,Ana,"Elysian Brewing Company"
Deirdre,Helga,"Bread Sticks"
Deirdre,Helga,"Sunshine Citrus Blonde"
Deirdre,Suzanne,"Bud Light"
Deirdre,Suzanne,"Onion Rings"
Deirdre,Suzanne,Reuben
Delbert,Damian,"Special Brew"
Delbert,Stephanie,"Onion Rings"
Delmar,Polly,"Blue Sword"
Delmar,Polly,Reuben
Deloris,Erin,Chili
Demetrius,Reynaldo,"Peanut Butter Ale"
Dena,Carolyn,"Chai Spiced Ale"
Dena,Carolyn,Cruzcampo
Dena,Carolyn,Starobrno
Dena,Evangeline,"Blackberry Tart Ale"
Dena,Evangeline,Nachos
Derek,Shannon,Murphy’s
Derick,Leann,"Lakeport Brewing beer range"
Dessie,Jayne,Singo
Dessie,Natalia,"Kokanee beers"
Dewey,Mellisa,"Blue Sword"
Dion,Millicent,"Buffalo Wings"
Dion,Millicent,"Four Peaks"
Dion,Millicent,"Tiger Beer"
Dirk,Randolph,Chili
Dolly,Dudley,Starobrno
Don,Roxie,Chernihivske
Don,Sidney,"Buffalo Wings"
Donna,Bettye,Star
Donna,Earlene,Kronenbourg
Donnie,Francisco,Jacobsen
Donny,Melinda,"Newcastle Brown Ale"
Dora,Margie,"Buffalo Wings"
Dora,Margie,Murphy’s
Doreen,Jerome,"Goose Island Brewery"
Dustin,Issac,"Valencia Amber Ale"
Dwayne,Brian,Huadan
Dwayne,Brian,Largo
Dwayne,Brian,"Onion Rings"
Dwayne,Erwin,"Chicken Wings"
Dwayne,Erwin,"Gorkha Beer"
Dwight,Rebekah,"Karbach Brewing Company"
Dylan,Justine,"Buffalo Wings"
Earl,Charlie,"Karbach Brewing Company"
Earline,Raul,Hamburger
Earnest,Flora,"Agave Nectar Ale"
Earnest,Flora,"Stella Artois"
Edgar,Jayson,"Blue Moon"
Edgar,Jayson,"Bud Light"
Edgar,Jayson,"Rounder Belgian"
Edgar,Jayson,Skol
Edna,Manuela,"Blackberry Tart Ale"
Edna,Manuela,Reuben
Edwardo,Velma,"Cheese Fries"
Edwardo,Velma,Snow
Edwardo,Velma,"Stella Artois"
Edythe,Christa,"Rainer Beer"
Edythe,Christa,"White IPA"
Edythe,Rosalinda,"Peanut Butter Ale"
Effie,Booker,"Gorkha Beer"
Effie,Booker,"House Salad"
Elaine,Wilmer,"Buffalo Wings"
Eli,Jacqueline,"Chicken Wings"
Elijah,Andres,Brahma
Elijah,Andres,Largo
Elijah,Andres,"Mountain Abbey Ale"
Elijah,Angela,"House Salad"
Elijah,Angela,Kronenbourg
Elinor,Abby,"Chicken Fingers"
Elisa,Mellisa,"Elysian Brewing Company"
Elisa,Mellisa,"Onion Rings"
Elise,Josue,"Tiger Beer"
Ella,Alexander,"Farmhouse Red Ale"
Ella,Alexander,"Lone Star"
Elmer,Bobby,"Harvest Pumpkin Ale"
Elmer,Bobby,Pizza
Elvin,Moises,"Raspberry Cream Ale"
Elvira,Kari,Grimbergen
Elvira,Kari,Singo
Elvis,Clayton,Amstel
Elvis,Clayton,"Green Leaves"
Emanuel,Don,"Colt 45"
Emilia,Eldon,"Bread Sticks"
Emilio,Lily,Huadan
Emilio,Lily,Lav
Emmett,Lorraine,Carlsberg
Emmett,Lorraine,"Green Leaves"
Emory,Doretha,"Raspberry Cream Ale"
Emory,Heath,"Burger Sliders"
Enid,Brian,Beck’s
Erica,Brad,"Burger Sliders"
Erica,Brad,Chili
Erica,Brad,Snow
Ericka,Jess,"Bud Light"
Ericka,Jess,Cruzcampo
Ericka,Jess,"Schaefer Beer"
Ericka,Timmy,"Blue Moon Pale Ale"
Ericka,Timmy,Chili
Erik,Selena,Beck’s
Erika,Cora,"Blue Moon Pale Ale"
Erika,Cora,"Chicken Wings"
Erika,Cora,"White IPA"
Erma,Salvador,Beck’s
Erma,Salvador,Pizza
Erna,Jonathon,Brahma
Erna,Jonathon,"House Salad"
Ernest,Seth,Hamburger
Ernesto,Alberta,Nachos
Ernesto,Alberta,"Raspberry Cream Ale"
Ernesto,Deloris,Beerlao
Errol,Edythe,Hoegaarden
Ervin,Crystal,"Colt 45"
Esmeralda,Bianca,"Stella Artois"
Etta,Pablo,"Grilled Cheese"
Eula,Randy,Beerlao
Eula,Tommy,Cheeseburger
Eva,Tamra,Busch
Eva,Tamra,Largo
Evangelina,Felipe,"Bud Light"
Evangelina,Felipe,"Heineken Lager Beer"
Evangelina,Felipe,Largo
Evangelina,Phillip,Pizza
Fannie,Tammie,"Mozzarella Sticks"
Fay,Elbert,Ochota
Felicia,Alba,Largo
Fern,Pearl,Chili
Fern,Pearl,"Grilled Cheese"
Florine,Jo,Ochota
Flossie,Josh,Cheeseburger
Floyd,Mae,"Blue Moon Pale Ale"
Francis,Dean,"Spring Blonde Wheat Ale"
Francisco,Amos,"Lone Star"
Francisco,Amos,Singo
Frank,Beryl,"Curly Fries"
Frank,Beryl,"Jalapeno Poppers"
Fred,Doreen,"Alexander Keith&#8217;s beer range"
Freddie,Elba,"Onion Rings"
Fredrick,Stacy,"Cheese Fries"
Fredrick,Stacy,"Devils Backbone Brewing Company"
Gabriel,Lily,"Belgian Table Pils"
Gabrielle,Marva,"Chicken Sandwich"
Gabrielle,Marva,"Tiger Beer"
Gabrielle,Sheryl,"Chicken Fingers"
Gabrielle,Sheryl,Quesadillas
Gale,Anthony,"French Fries"
Garland,Carmella,"Raspberry Cream Ale"
Garrett,Jayne,"Blue Sword"
Garrett,Jayne,"Curly Fries"
Garry,Michel,Leffe
Garry,Michel,"Pearl Lager Beer"
Gavin,Janna,"Onion Rings"
Gay,Dionne,"Blue Moon Grand Cru"
Gayla,Agustin,"Special Brew"
Gayla,Dwayne,"Chicken Wings"
Gayla,Dwayne,Largo
Gayla,Genaro,"Bud Light"
Gayla,Genaro,"Chicken Fingers"
Gena,Leonardo,Amstel
Gena,Leonardo,"Colt 45"
Genaro,Zelda,Beck’s
George,Elise,Lav
Georgia,Rene,Belle
Georgia,Rene,"Farmhouse Red Ale"
Georgia,Rene,Largo
Georgia,Rene,Pizza
Gerardo,Javier,Chili
Gerardo,Renae,"Bread Sticks"
Gerardo,Renae,"Jalapeno Poppers"
Geri,Casey,"Curly Fries"
Geri,Casey,Feldschlösschen
Geri,Casey,"Grilled Cheese"
Geri,Casey,"Jalapeno Poppers"
Gerry,Kathie,Cheeseburger
Gertrude,Joaquin,"Newcastle Brown Ale"
Gilberto,Jacklyn,Beerlao
Gilberto,Jacklyn,"Curly Fries"
Ginger,Greg,"Grilled Cheese"
Gladys,Gale,"Gorkha Beer"
Gordon,Troy,"Gorkha Beer"
Grace,Cedric,Baltika
Grace,Cedric,"Newcastle Brown Ale"
Grady,Erin,"French Fries"
Grady,Jaime,"Mountain Abbey Ale"
Grady,Kevin,Cheeseburger
Graham,Vince,Pizza
Greg,Angeline,Cruzcampo
Greg,Lorene,"Bread Sticks"
Gretchen,Tonia,"Agave Nectar Ale"
Guillermo,Felicia,Beck’s
Guillermo,Felicia,Carlsberg
Guillermo,Felicia,Chernihivske
Gussie,Hugo,"Curly Fries"
Gussie,Hugo,"Goose Island Brewery"
Guy,Courtney,"Buffalo Wings"
Guy,Courtney,"Kokanee beers"
Hallie,Frankie,Carlsberg
Hallie,Frankie,Huadan
Hallie,Frankie,Kronenbourg
Hannah,Cathleen,"French Fries"
Hannah,Cathleen,"Harvest Pumpkin Ale"
Hannah,Michele,Beerlao
Hannah,Michele,Hamburger
Hannah,Michele,"House Salad"
Harriett,Terrell,Beck’s
Harriett,Terrell,"Mozzarella Sticks"
Harriett,Terrell,"Onion Rings"
Harriett,Terrell,Pizza
Harrison,Cecelia,"Gingerbread Spiced Ale"
Harrison,Cecelia,Snow
Harrison,Gerard,"Bread Sticks"
Harrison,Gerard,"Pearl Lager Beer"
Harvey,Armand,"Agave Nectar Ale"
Heather,Juan,"Farmhouse Red Ale"
Heriberto,Etta,BLT
Heriberto,Etta,"Stella Artois"
Hope,Ethan,"Chicken Fingers"
Houston,Zelda,Hamburger
Humberto,Roseann,Bosman
Ilene,Kris,Hoegaarden
Imelda,Darius,"Blue Moon"
Imogene,Betsy,"Blue Moon Grand Cru"
Imogene,Betsy,"Grilled Cheese"
Imogene,Betsy,"Past Blue Ribbon"
Imogene,Betsy,"Sunshine Citrus Blonde"
Imogene,Mary,"Lone Star"
Imogene,Wilson,Pizza
Irene,Marc,"Cheese Fries"
Irene,Marc,Shenyang
Irma,Lionel,"Colt 45"
Irma,Lionel,"Green Leaves"
Irvin,Bernadette,"Mozzarella Sticks"
Irving,Kitty,"Blue Moon"
Isabella,Ty,"Devils Backbone Brewing Company"
Isabella,Ty,"Peanut Butter Ale"
Isabelle,Dora,Skol
Isabelle,Eloise,Hoegaarden
Isabelle,Eloise,"Mozzarella Sticks"
Isaiah,Corrine,"Agave Nectar Ale"
Jack,Leona,"Rainer Beer"
Jake,Doretha,Pizza
Jake,Trisha,"Goose Island Brewery"
Jake,Trisha,Quesadillas
James,Estella,"Bread Sticks"
James,Michel,"Onion Rings"
Jami,Jade,"Chicken Wings"
Janell,Timothy,Carlsberg
Janet,Jeffry,"White IPA"
Janine,Aline,"Chicken Sandwich"
Janine,Ed,"Cappuccino Oatmeal Stout"
Janis,Matthew,"Pearl Lager Beer"
Jannie,Bobbi,Busch
Jannie,Bobbi,"Curly Fries"
Jannie,Bobbi,Pizza
Jared,Robert,"Blue Sword"
Jasmin,Wilda,"Devils Backbone Brewing Company"
Jasmin,Wilda,"Dos Equis XX"
Jay,Jeri,Jacobsen
Jay,Jeri,Pizza
Jay,Jeri,Reuben
Jean,Allison,Chernihivske
Jean,Allison,"Cocoa Brown Ale"
Jean,Allison,"Lone Star"
Jean,Allison,"Stella Artois"
Jefferson,Lawrence,Kronenbourg
Jefferson,Lawrence,"Stella Artois"
Jefferson,Lawrence,"White IPA"
Jeffrey,Blanche,"Newcastle Brown Ale"
Jeffrey,Blanche,"Nut Brown Ale"
Jenifer,Javier,Busch
Jenifer,Javier,"Raspberry Cream Ale"
Jerald,Sheila,"Chicken Fingers"
Jesus,Silas,"Stella Artois"
Joanne,Chelsea,"Rounder Belgian"
Joey,Joe,"Harvest Pumpkin Ale"
Joey,Joe,"Past Blue Ribbon"
Joey,Joe,Singo
Joey,Joe,Star
Johanna,Shelby,"Kokanee beers"
Johanna,Shelby,"Schmidt’s Premium Beer"
Johnathon,Barbara,Amstel
Johnathon,Stacie,"Harvest Pumpkin Ale"
Johnny,Devin,"Green Leaves"
Jon,Neil,"Curly Fries"
Jon,Suzette,Cheeseburger
Jonathon,Bart,Beck’s
Jonathon,Bart,Reuben
Jose,Florence,Amstel
Jose,Florence,Baltika
Josefa,Dorothy,Lav
Joshua,Adolfo,Brahma
Joshua,Adolfo,"Curly Fries"
Joshua,Adolfo,"Kokanee beers"
Joshua,Adolfo,Starobrno
Juana,Cory,"Bud Light"
Juana,Cory,"Newcastle Brown Ale"
Juana,Cory,Shenyang
Juanita,Jame,"Blue Sword"
Juanita,Jame,Carlsberg
Juanita,Jame,"Stag Beer"
Judith,Philip,Lav
Julia,Jon,"Jalapeno Poppers"
Julio,Noreen,Murphy’s
Justina,Heather,Brahma
Justina,Heather,"Mozzarella Sticks"
Justine,Donnell,"Heineken Lager Beer"
Kaitlin,Loyd,Pizza
Karl,Marcy,Singo
Karyn,Clinton,Carlsberg
Karyn,Clinton,Chili
Karyn,Clinton,"Devils Backbone Brewing Company"
Karyn,Cole,Feldschlösschen
Karyn,Kimberly,"Cocoa Brown Ale"
Karyn,Kimberly,"Curly Fries"
Karyn,Kimberly,"Onion Rings"
Kasey,Burton,"Chicken Fingers"
Katharine,Irene,"Chicken Sandwich"
Katharine,Irene,Grimbergen
Katharine,Irene,Huadan
Katharine,Irene,"Spiced Amber Ale"
Katherine,Frederick,"Green Leaves"
Kathleen,Marci,"French Fries"
Kathleen,Marci,Reuben
Katina,Tommie,"Newcastle Brown Ale"
Kaye,Gus,"Stag Beer"
Kelley,Paul,Snow
Kelsey,Elijah,"Green Leaves"
Kelsey,Fred,"Heineken Lager Beer"
Kenneth,Jeanine,"Buffalo Wings"
Kenneth,Jeanine,Ochota
Kenneth,Jeanine,Quesadillas
Kenneth,Savannah,"Raspberry Cream Ale"
Kenny,Laurel,Lav
Kenny,Luisa,"Blue Moon Pale Ale"
Kenny,Luisa,"Elysian Brewing Company"
Kenny,Luisa,"Onion Rings"
Kenny,Luisa,"Stella Artois"
Kenny,Thurman,Star
Kent,Jamie,"Devils Backbone Brewing Company"
Kirk,Erick,Largo
Kitty,Chase,Lav
Kris,Rudy,"Cheese Fries"
Kris,Rudy,Pizza
Kristie,Esperanza,"Heineken Lager Beer"
Kristine,Royce,"Gorkha Beer"
Kristine,Royce,"Pearl Lager Beer"
Kristine,Royce,Pizza
Kristopher,Eloise,Beck’s
Kristopher,Eloise,"Farmhouse Red Ale"
Kristopher,Myron,"Chai Spiced Ale"
Kristopher,Myron,"Golden Road"
Lacey,Jasmin,"Chicken Wings"
Lacey,Jasmin,"Rounder Belgian"
Lacey,Jasmin,Shenyang
Lacey,Jasmin,"Tiger Beer"
Lacy,Alberto,"Blue Moon"
Lakeisha,Cecilia,"Grilled Cheese"
Lakeisha,Cecilia,Pizza
Landon,Janell,"Bread Sticks"
Landon,Janell,"Tiger Beer"
Lashonda,Virgil,Feldschlösschen
Latanya,Fabian,"Blue Sword"
Latanya,Fabian,"Elephant Beer"
Latisha,Araceli,"Chicken Wings"
Latisha,Jasper,"Golden Road"
Latisha,Jasper,Pan
Lauren,Andrew,Bosman
Lauren,Eric,"Blackberry Tart Ale"
Lea,Lola,"Blue Moon Grand Cru"
Leigh,Cornell,Cheeseburger
Leigh,Cornell,"Chicken Wings"
Leigh,Eddy,Murphy’s
Leigh,Jill,Pizza
Lela,Mabel,"Bud Light"
Lela,Mabel,"Farmhouse Red Ale"
Lela,Mabel,Quesadillas
Lela,Mabel,Star
Lenora,Nan,Cheeseburger
Lenora,Nan,"Mountain Abbey Ale"
Lenora,Rick,"Nut Brown Ale"
Lenora,Tracey,"Spiced Amber Ale"
Leo,Alfonso,"Mozzarella Sticks"
Leo,Ward,"Blue Moon"
Leona,Elena,"Devils Backbone Brewing Company"
Leona,Roxie,"French Fries"
Leona,Roxie,"Gorkha Beer"
Lesa,Percy,Budweiser
Lester,Cornell,Snow
Leticia,Sheena,"Onion Rings"
Lidia,Kayla,Hamburger
Lidia,Kayla,Reuben
Lillian,Carlton,Beerlao
Lillian,Carlton,"Burger Sliders"
Lillian,Millard,"Curly Fries"
Lillian,Millard,"Mountain Abbey Ale"
Linda,Florine,"Mountain Abbey Ale"
Lindsay,Roslyn,Brahma
Lionel,Audra,"Past Blue Ribbon"
Liza,Oliver,"Caramel Apple Spiced Ale"
Liza,Oliver,"Newcastle Brown Ale"
Liza,Oliver,Singo
Lizzie,Etta,Reuben
Loraine,Ma,"Curly Fries"
Loraine,Ma,Zagorka
Loretta,Jonathon,"Colt 45"
Lori,Meghan,"French Fries"
Lorna,Adeline,"White IPA"
Lorraine,Sheila,"Stella Artois"
Lou,Beatrice,"Buffalo Wings"
Louis,Romeo,Budweiser
Louisa,Jenny,"Curly Fries"
Louisa,Jenny,Feldschlösschen
Loyd,Leeann,1664
Lucia,Wendell,"Grilled Cheese"
Lucile,Ivan,"Golden Road"
Lucile,Reyna,"French Fries"
Lula,Antony,"Blackberry Tart Ale"
Lula,Antony,BLT
Lula,Antony,"Four Peaks"
Lula,Dianne,Murphy’s
Lupe,Maura,Nachos
Lupe,Roxanne,Grimbergen
Lupe,Roxanne,"Mozzarella Sticks"
Madeline,Beatriz,"Birra Moretti"
Madeline,Beatriz,"Mozzarella Sticks"
Madelyn,Alison,Pan
Madelyn,Anita,"Blue Moon"
Madelyn,Anita,Chernihivske
Madelyn,Anita,"Chicken Sandwich"
Mandy,Malinda,"Cheese Fries"
Mandy,Malinda,"French Fries"
Manuela,Roslyn,"Chicken Fingers"
Mara,Jewell,BLT
Mara,Jewell,"Newcastle Brown Ale"
Marci,Gale,"Raspberry Cream Ale"
Marco,Annette,Hoegaarden
Marco,Annette,"Mozzarella Sticks"
Marco,Armand,"Four Peaks"
Margaret,Berta,"Onion Rings"
Margery,Elba,"Peanut Butter Ale"
Margery,Elba,Reuben
Margot,Jami,"White IPA"
Mari,Janell,"House Salad"
Marianne,Felipe,"Curly Fries"
Marianne,Felipe,"Goose Island Brewery"
Maribel,Jennie,Snow
Maricela,Alisha,"Blue Moon Grand Cru"
Maricela,Alisha,Skol
Marie,Wilford,"Nut Brown Ale"
Marjorie,Jorge,"Chicken Fingers"
Marjorie,Jorge,"Elysian Brewing Company"
Mark,Deidra,"Pearl Lager Beer"
Marla,Ned,Hamburger
Marla,Ned,"House Salad"
Marla,Thomas,Busch
Marla,Thomas,Star
Marlin,Tabitha,"Rainer Beer"
Marlin,Winfred,"Devils Backbone Brewing Company"
Marlon,Vicki,Singo
Marsha,Leah,"Buffalo Wings"
Marsha,Polly,Pizza
Marva,Colette,"Rainer Beer"
Mary,Lynne,"Mozzarella Sticks"
Maryanne,Erin,"Gorkha Beer"
Mason,Bette,"Four Peaks"
Matilda,Lisa,"House Salad"
Mattie,Jo,"Curly Fries"
Mavis,Eve,Chili
Mavis,Eve,"Kokanee beers"
Maxwell,Olga,"Belgian Table Pils"
Maxwell,Olga,"Onion Rings"
Mayra,Brianna,"Chai Spiced Ale"
Mayra,Brianna,Quesadillas
Meghan,Trudy,Chili
Meghan,Trudy,Hamburger
Melba,Leanna,Pizza
Melody,Jon,"Caramel Apple Spiced Ale"
Melody,Jon,Murphy’s
Mickey,Alice,BLT
Mickey,Alice,"Goose Island Brewery"
Mickey,Alice,Pizza
Mickey,Nelda,"Lone Star"
Mildred,Armando,Pan
Millard,Fred,"Blue Moon Grand Cru"
Millard,Fred,"Curly Fries"
Millard,Joy,Feldschlösschen
Millard,Joy,Pizza
Millicent,Bret,"Karbach Brewing Company"
Millie,Conrad,Quesadillas
Minnie,Sadie,"Blue Moon Pale Ale"
Minnie,Sadie,Chili
Miriam,Jared,"Karbach Brewing Company"
Miriam,Jared,"Rounder Belgian"
Miriam,Jared,Shenyang
Monika,Jeremy,Beck’s
Monika,Jeremy,"House Salad"
Monique,Hung,Hamburger
Monique,Hung,Largo
Moses,Camille,"Blue Moon"
Moses,Camille,Cheeseburger
Moses,Camille,Lav
Myron,Marvin,Huadan
Nanette,Kendall,"Chicken Wings"
Naomi,Stan,Pan
Nathaniel,Tracey,Hamburger
Nathaniel,Tracey,"Harvest Pumpkin Ale"
Nathaniel,Tracey,"Onion Rings"
Ned,Christina,"Mozzarella Sticks"
Nell,Bette,"Schaefer Beer"
Nellie,Tricia,"Schmidt’s Premium Beer"
Nellie,Tricia,"Stag Beer"
Nelson,Kristina,"Cheese Fries"
Nelson,Kristina,Cheeseburger
Nelson,Leona,"Peanut Butter Ale"
Nettie,Shane,Cheeseburger
Nichole,Jess,"Cappuccino Oatmeal Stout"
Nichole,Jess,"Jalapeno Poppers"
Noelle,Marsha,"French Fries"
Noreen,Carlos,Beerlao
Octavia,Katrina,"Alexander Keith&#8217;s beer range"
Odessa,Janell,"Peanut Butter Ale"
Ola,Jane,Star
Olive,Kathi,"Bud Light"
Olive,Kathi,"Jalapeno Poppers"
Olive,Kathi,"Mozzarella Sticks"
Olive,Kathi,Nachos
Ophelia,Natalia,Huadan
Oscar,Lester,Huadan
Owen,Sherri,"French Fries"
Pablo,Kathleen,Brahma
Pamela,Annette,"Curly Fries"
Pamela,Annette,"French Fries"
Pamela,Annette,Nachos
Pamela,Megan,BLT
Pamela,Megan,Carlsberg
Pamela,Megan,Grimbergen
Pamela,Megan,Starobrno
Patricia,Maurice,Singo
Patsy,Miranda,Zagorka
Patty,Violet,"Harvest Pumpkin Ale"
Peggy,Dorothea,"Bread Sticks"
Petra,Cara,"Birra Moretti"
Phil,Martha,"Cappuccino Oatmeal Stout"
Phoebe,Amelia,1664
Phoebe,Amelia,"Bud Light"
Quentin,Henrietta,"Blue Moon"
Quincy,Ashlee,"Burger Sliders"
Quincy,Ashlee,"Pearl Lager Beer"
Randi,Terra,"Blue Moon Grand Cru"
Raphael,Bill,"Schaefer Beer"
Rebecca,Curtis,Cheeseburger
Rebecca,Curtis,"Past Blue Ribbon"
Reed,Angel,"Golden Road"
Reed,Dominick,"Green Leaves"
Rena,Lynne,Snow
Rena,Queen,Pizza
Rex,Raymond,"Valencia Amber Ale"
Reyna,Sallie,"Spring Blonde Wheat Ale"
Reynaldo,Weldon,Hoegaarden
Rhea,Efrain,BLT
Rhea,Leila,"Buffalo Wings"
Rhoda,Donald,"Lakeport Brewing beer range"
Rickie,Pansy,Shenyang
Rigoberto,Kaye,Shenyang
Rigoberto,Kaye,"White IPA"
Rita,Anastasia,"Elysian Brewing Company"
Rita,Anastasia,Nachos
Robyn,Eugenia,"Elephant Beer"
Robyn,Gordon,Largo
Robyn,Gordon,Nachos
Robyn,Gordon,"Stella Artois"
Rochelle,Sheryl,Kronenbourg
Rochelle,Sheryl,Singo
Rodolfo,Emmett,"Kokanee beers"
Rodolfo,Emmett,"Nut Brown Ale"
Rogelio,Jewel,"Colt 45"
Rogelio,Jewel,"Karbach Brewing Company"
Roger,Tia,"Colt 45"
Ron,Bruno,Pizza
Ron,Camilla,Cruzcampo
Ronald,Alonzo,"Blackberry Tart Ale"
Ronald,Alonzo,"Chai Spiced Ale"
Rosalia,Joe,"Green Leaves"
Rosalia,Joe,"Schaefer Beer"
Rosario,Edna,"Dos Equis XX"
Roscoe,Gregg,"Cappuccino Oatmeal Stout"
Rosemary,Liliana,Hamburger
Ross,Betty,"Blue Sword"
Ross,Emanuel,"Chicken Sandwich"
Ross,Emanuel,"Schmidt’s Premium Beer"
Ross,Enrique,"Grilled Cheese"
Ross,Enrique,Huadan
Ross,Marie,"Cheese Fries"
Rowena,Philip,"Bread Sticks"
Rufus,Latasha,Jacobsen
Rufus,Latasha,Pan
Russell,Adelaide,"Spiced Amber Ale"
Ruth,Trisha,"Cinnamon Horchata Ale"
Ryan,Darin,Nachos
Salvatore,Isidro,"Lone Star"
Sanford,Kent,1664
Sanford,Kent,"Labatt Family"
Santiago,Millicent,"Raspberry Cream Ale"
Saul,Yvonne,Cheeseburger
Scot,Felicia,"Summer Honey Wheat Ale"
Scott,Jake,"Burger Sliders"
Scott,Jake,"Gingerbread Spiced Ale"
Selena,Jacquelyn,"House Salad"
Selena,William,"Agave Nectar Ale"
Selena,William,Cheeseburger
Shana,Karen,Chernihivske
Shana,Karen,"Rainer Beer"
Shanna,Benita,"Cheese Fries"
Shanna,Benita,"Tiger Beer"
Shannon,Tami,"Caramel Apple Spiced Ale"
Shari,Joey,"Bud Light"
Shari,Joey,"Chicken Wings"
Shelley,Bruno,"Stella Artois"
Shelly,Gavin,Chernihivske
Shelly,Gavin,"Sunshine Citrus Blonde"
Sheri,Miguel,"Harvest Pumpkin Ale"
Sheri,Miguel,"Jalapeno Poppers"
Sheri,Miguel,Nachos
Sheri,Miguel,"National Bohemian Beer"
Sherri,Charlotte,"Cappuccino Oatmeal Stout"
Sherry,Jarvis,"Blue Moon Pale Ale"
Sherry,Jarvis,"French Fries"
Sherry,Jarvis,"House Salad"
Silvia,Reed,"Summer Honey Wheat Ale"
Socorro,Allene,Brahma
Socorro,Allene,Lav
Socorro,Allene,"Rainer Beer"
Sondra,Bettie,"Cinnamon Horchata Ale"
Sondra,Bettie,Hamburger
Sondra,Bettie,Huadan
Sondra,Bettie,"Pearl Lager Beer"
Sophie,Kaye,"Golden Road"
Sophie,Kaye,Star
Sophie,Kaye,"Tiger Beer"
Staci,Barney,"Cheese Fries"
Staci,Barney,"Pearl Lager Beer"
Stacie,Stella,"Birra Moretti"
Stacie,Stella,"Jalapeno Poppers"
Stacie,Stella,"Spiced Amber Ale"
Stan,Elena,Busch
Stefan,Rhoda,"Chicken Sandwich"
Stefan,Rhoda,"Harvest Pumpkin Ale"
Stella,Lucia,"Jalapeno Poppers"
Stella,Matt,"Spiced Amber Ale"
Stephan,Donnie,"Bud Light"
Stephan,Rory,Pizza
Stephan,Rory,Star
Stephan,Rory,Starobrno
Stephanie,Mohammad,Budweiser
Stephanie,Mohammad,Cheeseburger
Suzette,Eddie,Belle
Sybil,Amos,Nachos
Sybil,Vanessa,"White IPA"
Sylvester,Hilary,"Heineken Lager Beer"
Sylvester,Hilary,"Jalapeno Poppers"
Sylvester,Hilary,"Valencia Amber Ale"
Sylvia,Elias,"Mozzarella Sticks"
Sylvia,Elias,"Onion Rings"
Sylvia,Fidel,"Special Brew"
Sylvia,Rex,"Blue Sword"
Tabatha,Gerald,"Special Brew"
Tabatha,Keri,"Schaefer Beer"
Tabatha,Polly,"Agave Nectar Ale"
Tabatha,Polly,"Cocoa Brown Ale"
Tamara,Luann,Snow
Tamra,Alvaro,"Chicken Fingers"
Tania,Bruno,Hoegaarden
Tanisha,Rosalinda,"Nut Brown Ale"
Tara,Fidel,"Bud Light"
Ted,Patti,"Past Blue Ribbon"
Ted,Patti,Reuben
Teddy,Renae,"Devils Backbone Brewing Company"
Teri,Edwin,"Chicken Fingers"
Teri,Edwin,"White IPA"
Terrance,Virgie,"Chicken Fingers"
Terrance,Virgie,"Harvest Pumpkin Ale"
Terrance,Virgie,Pizza
Terrance,Virgie,Shenyang
Terrell,Rosalia,"Buffalo Wings"
Terrell,Rosalia,"Stella Artois"
Terrell,Shelia,"Sunshine Citrus Blonde"
Terrie,Garland,"Blue Sword"
Tessa,Grover,Pizza
Thomas,Reva,Cheeseburger
Thomas,Reva,"Spring Blonde Wheat Ale"
Thurman,Leeann,Kronenbourg
Thurman,Leeann,"Lakeport Brewing beer range"
Tom,Antoinette,BLT
Tomas,Bradford,"Cocoa Brown Ale"
Travis,Brandon,"Blackberry Tart Ale"
Trent,Colby,Leffe
Trent,Colby,Zagorka
Trent,Wm,"Farmhouse Red Ale"
Trent,Wm,Starobrno
Trenton,Houston,BLT
Trenton,Houston,"Elysian Brewing Company"
Trevor,Clarence,"Chai Spiced Ale"
Trevor,Clarence,Snow
Tricia,Dora,Beck’s
Tricia,Dora,Nachos
Truman,Jasmin,"Agave Nectar Ale"
Truman,Jasmin,Chili
Truman,Jasmin,"Gingerbread Spiced Ale"
Tyson,Frank,"Cheese Fries"
Tyson,Frank,"Elysian Brewing Company"
Ulysses,Luisa,"Farmhouse Red Ale"
Valarie,Frieda,"Blue Moon Grand Cru"
Valerie,Phoebe,Grimbergen
Vance,Frieda,Murphy’s
Vance,Gus,"Stag Beer"
Velma,Elba,Cruzcampo
Vern,Robin,BLT
Vern,Robin,Grimbergen
Verna,Lela,BLT
Vernon,Marco,"Cheese Fries"
Vickie,Cedric,Beck’s
Vickie,Cedric,"Buffalo Wings"
Vickie,Cedric,"Raspberry Cream Ale"
Vickie,Elvis,Chili
Vickie,Elvis,Snow
Vicky,Susan,"Cheese Fries"
Vicky,Susan,Pizza
Victoria,Theodore,"Burger Sliders"
Vilma,Marsha,Busch
Vilma,Marsha,"Onion Rings"
Vilma,Marsha,"Summer Honey Wheat Ale"
Vince,Cecil,"Gorkha Beer"
Vince,Cecil,"Spiced Amber Ale"
Vince,Lilia,"Blue Moon Pale Ale"
Vince,Lilia,"Chicken Sandwich"
Vince,Lilia,"Spring Blonde Wheat Ale"
Virgie,Laurie,"House Salad"
Wade,Blake,Largo
Wade,Dion,"Nut Brown Ale"
Wallace,Terrell,"Chicken Fingers"
Wallace,Terrell,"Elephant Beer"
Wallace,Terrell,Zagorka
Walter,Lucy,Brahma
Walter,Lucy,"Chicken Sandwich"
Walter,Lucy,"Colt 45"
Walter,Lucy,"Lone Star"
Wendell,Cornelius,"Belgian Table Pils"
Wendi,Johnathan,"Onion Rings"
Wendi,Johnathan,"Raspberry Cream Ale"
Wendi,Johnathan,Singo
Wiley,Clarissa,"Belgian Table Pils"
Wilfred,Kermit,"Onion Rings"
Wm,Susan,"Blackberry Tart Ale"
Wm,Susan,"Devils Backbone Brewing Company"
Xavier,Elisha,Singo
Yvonne,Donna,Chernihivske
Yvonne,Donna,"Schaefer Beer"
Zachary,Linda,"Mozzarella Sticks"