first_name,last_name,city,phone
Frederick,Ella,Teaneck,201-002-3965
Nathaniel,Lottie,Hoboken,201-012-3108
Ruthie,Clinton,Hoboken,201-012-7968
Sabrina,Frank,Teaneck,201-015-7913
Clifford,Maribel,Hoboken,201-021-1700
Mollie,Sheldon,Hoboken,201-036-0289
Abbie,Don,"West New York",201-036-4961
Lizzie,Etta,"Fort Lee",201-039-8103
Teri,Edwin,"Fort Lee",201-056-9108
Angela,Willard,Teaneck,201-080-6994
Gerry,Kathie,"West New York",201-083-3882
Gertrude,Joaquin,"North Bergen",201-111-7263
Mavis,Eve,Teaneck,201-116-8141
Jasmine,Guadalupe,"North Bergen",201-123-7415
Yvonne,Andrew,Teaneck,201-126-5796
Vaughn,Mariana,"North Bergen",201-127-4412
Amber,Nickolas,Teaneck,201-143-1584
Lela,Mabel,"North Bergen",201-145-9369
Lesa,Percy,"Fort Lee",201-154-1423
Kent,Jamie,"Fort Lee",201-158-2399
Tessa,Grover,"Fort Lee",201-159-4653
Shane,Martina,Hoboken,201-162-9141
Harley,June,Teaneck,201-166-8055
Greta,Alta,"North Bergen",201-174-4663
Irene,Marc,Hoboken,201-174-8586
Eduardo,Shelley,"North Bergen",201-175-7069
Dallas,Frederic,Hoboken,201-176-1168
Lucile,Ivan,Teaneck,201-182-4800
Alyssa,Daniel,Teaneck,201-182-7016
Lacey,Jasmin,"North Bergen",201-215-7483
George,Vilma,"Fort Lee",201-220-4976
Amparo,Shawn,"West New York",201-234-7812
Kenneth,Savannah,"North Bergen",201-236-1204
Georgia,Rene,"North Bergen",201-241-0093
Millicent,Bret,"Fort Lee",201-242-6143
Vern,Robin,Hoboken,201-252-7887
Joesph,Brianna,"West New York",201-263-2820
Lessie,Christian,"North Bergen",201-263-3273
Shanna,Benita,"Fort Lee",201-263-9369
Terrance,Virgie,Hoboken,201-266-9907
Mable,Ebony,"West New York",201-275-5862
Corina,Bessie,"Fort Lee",201-292-0514
Xavier,Elisha,"West New York",201-294-6290
Trent,Colby,"North Bergen",201-297-5503
Claudia,Alisha,Teaneck,201-298-2997
Wilfred,Kermit,Teaneck,201-303-7601
Loretta,Tommy,"Fort Lee",201-304-5997
Stella,Lucia,Hoboken,201-331-0998
Edward,Derek,Hoboken,201-332-7989
Don,Roxie,"West New York",201-339-7855
Emory,Doretha,Hoboken,201-367-9537
Pansy,Miguel,Teaneck,201-369-4624
Ron,Bruno,"North Bergen",201-386-5369
Jordan,Wanda,Hoboken,201-392-0930
Kenny,Luisa,"West New York",201-396-2282
Donna,Earlene,"North Bergen",201-405-9368
Gail,Katrina,"North Bergen",201-408-1898
Lucia,Wendell,"North Bergen",201-440-3566
Vickie,Cedric,Hoboken,201-445-8473
Della,Mathew,Hoboken,201-449-3571
Moses,Camille,"North Bergen",201-449-7497
Solomon,Clifton,Hoboken,201-462-7903
Scot,Felicia,"Fort Lee",201-467-9600
Orville,Minnie,Hoboken,201-470-3268
Rebecca,Curtis,Hoboken,201-482-3036
Charity,Hiram,"West New York",201-484-0149
Velma,Elba,Teaneck,201-494-7296
Jon,Neil,"West New York",201-499-0775
Joshua,Adolfo,Teaneck,201-507-7417
Marlin,Tabitha,Teaneck,201-512-7353
Tamra,Alvaro,"West New York",201-514-8174
Fern,Pearl,"Fort Lee",201-520-9652
Emmett,Lorraine,Hoboken,201-537-1724
Sheena,Sammie,Hoboken,201-550-6175
Kimberly,Mathew,"Fort Lee",201-554-6489
Darlene,Ruben,Teaneck,201-555-7535
Terrell,Rosalia,Teaneck,201-597-6972
Brittney,Rosemary,Teaneck,201-616-4421
Cole,Quincy,"Fort Lee",201-619-3162
Amparo,Jamal,"Fort Lee",201-631-5410
Florine,Jo,Teaneck,201-632-7315
Christa,Quinton,Hoboken,201-634-0629
Gabriel,Lily,"Fort Lee",201-642-3554
Kitty,Chase,Hoboken,201-647-8784
Wade,Blake,Teaneck,201-649-2692
Julio,Noreen,Teaneck,201-653-0426
Kristine,Royce,"North Bergen",201-654-3135
Alexander,Clare,"North Bergen",201-655-1994
Dustin,Issac,Hoboken,201-661-7017
Pansy,Brendan,"West New York",201-671-7615
Christie,Carroll,"North Bergen",201-672-8337
Monika,Alexandra,"Fort Lee",201-675-0279
Ila,Ruthie,Hoboken,201-676-2881
Jerome,Bobby,Hoboken,201-682-5907
Allen,Eve,Teaneck,201-686-1882
Arturo,Donovan,"Fort Lee",201-692-4335
Eula,Tommy,"Fort Lee",201-705-9713
Rolando,Aaron,"North Bergen",201-707-3530
Wilbert,Abraham,Hoboken,201-710-0624
Vicky,Susan,"West New York",201-716-8753
Frederick,Kellie,"North Bergen",201-727-9081
Melba,Cruz,"North Bergen",201-731-1596
Alexander,Flossie,"West New York",201-731-7463
Brianna,Linwood,Teaneck,201-732-0623
Louisa,Jenny,"West New York",201-745-4746
Cody,Roy,"North Bergen",201-757-1323
Doreen,Jerome,"West New York",201-758-6216
Lorenzo,Monique,"Fort Lee",201-761-3491
Luann,Tasha,Hoboken,201-762-5944
Eli,Jacqueline,Teaneck,201-767-6054
Randi,Terra,"North Bergen",201-778-2200
Caleb,Tamara,"Fort Lee",201-782-3556
Therese,Harvey,"West New York",201-794-4358
Marjorie,Jorge,"North Bergen",201-797-6981
Francine,Brandi,"North Bergen",201-806-1268
April,Stacey,Teaneck,201-810-7670
Kurtis,Rosario,Teaneck,201-818-0551
Gene,Dena,Teaneck,201-819-1872
Don,Sidney,"Fort Lee",201-820-4486
Shelia,Joel,Teaneck,201-822-4789
Mariana,Larry,"Fort Lee",201-823-0384
Ricky,Clarissa,"West New York",201-824-2590
Dena,Carolyn,"West New York",201-833-0319
Elvira,Kari,"North Bergen",201-842-0289
Reed,Dominick,"North Bergen",201-847-2433
Raphael,Bill,"North Bergen",201-849-1921
Kristopher,Myron,"North Bergen",201-866-5127
Kurt,Mauricio,"West New York",201-867-0327
Antionette,Edith,"West New York",201-875-7582
Annie,Ann,"West New York",201-886-1651
Leann,Erwin,"Fort Lee",201-896-5543
Austin,Catherine,Hoboken,201-901-7682
Tamra,Christian,Teaneck,201-914-1225
Alma,Christine,Teaneck,201-916-4959
Lauren,Andrew,Hoboken,201-934-8752
Dolly,Dudley,"Fort Lee",201-937-8870
Darryl,Toni,"North Bergen",201-942-7359
Bianca,Mack,"Fort Lee",201-971-0155
Rhea,Leila,"Fort Lee",201-987-1591
Lakesha,Tony,"North Bergen",201-999-6899
Cornelius,Marcel,Lakewood,303-038-4785
Riley,Lelia,Lakewood,303-057-9930
Lenora,Anastasia,Lakewood,303-110-7330
Dave,Lashonda,Lakewood,303-162-5155
Marla,Ned,Lakewood,303-180-2570
Fredrick,Cary,Lakewood,303-235-3298
Jacqueline,Cory,Lakewood,303-246-2216
Enid,Mickey,Lakewood,303-275-2917
Marco,Annette,Lakewood,303-281-1448
Vickie,Elvis,Lakewood,303-316-0082
Issac,Bernard,Lakewood,303-328-7762
Loretta,Jonathon,Lakewood,303-380-2795
Jared,Robert,Lakewood,303-447-9838
Lindsay,Fern,Lakewood,303-448-7397
Ernest,Seth,Lakewood,303-464-8307
Aida,Kathrine,Lakewood,303-491-9379
Cristina,Dollie,Lakewood,303-557-2614
Errol,Freddie,Lakewood,303-590-5978
Virgie,Laurie,Lakewood,303-659-5678
Landon,Janell,Lakewood,303-685-7408
Lakeisha,Cecilia,Lakewood,303-700-7611
Marci,Gale,Lakewood,303-718-4198
Erin,Ron,Lakewood,303-799-1772
Justine,Donnell,Lakewood,303-845-0149
Claude,Maryanne,Lakewood,303-886-8381
Gena,Leonardo,Lakewood,303-993-8264
Reed,Angel,Bayonne,551-030-2386
Amie,Evangelina,Kearny,551-033-2909
Houston,Zelda,Bayonne,551-037-8977
Nina,Kristy,"Jersey City",551-047-7683
Pablo,Kathleen,Hackensack,551-049-5181
Petra,Cara,Hackensack,551-053-8577
Tabatha,Keri,Hackensack,551-056-3636
Bradford,Dorothea,"Jersey City",551-056-9350
Brad,Cliff,"Union City",551-064-1501
Shari,Joey,Bayonne,551-081-5274
Leticia,Jeremiah,Hackensack,551-083-8638
Kermit,Frederic,Hackensack,551-086-6964
Latonya,Beverly,Bayonne,551-086-7146
Clement,Aurelia,Hackensack,551-089-2725
Josefa,Dorothy,Hackensack,551-094-8119
Amanda,Betty,Bayonne,551-124-9446
Emilio,Lily,Kearny,551-140-6077
Rufus,Latasha,"Fair Lawn",551-143-0270
Naomi,Stan,Bayonne,551-144-2290
Katherine,Gladys,"Union City",551-150-9726
Louis,Romeo,"Jersey City",551-155-6221
Pearl,Bernardo,Kearny,551-155-6920
Gayla,Agustin,"Union City",551-157-0686
Wendi,Johnathan,Bayonne,551-161-9500
Ginger,Greg,Bayonne,551-164-2992
Edwardo,Velma,"Union City",551-175-9351
Wilma,Sebastian,"Jersey City",551-190-3529
Johnathon,Stacie,"Jersey City",551-191-7171
Lindsay,Roslyn,Kearny,551-195-9714
Sierra,Addie,"Fair Lawn",551-209-3281
Ralph,Mack,"Fair Lawn",551-210-2493
Cara,Dianne,"Union City",551-213-9257
Basil,Dorthy,Hackensack,551-218-6540
Sylvester,Hilary,Kearny,551-226-6837
Dessie,Aurora,"Fair Lawn",551-235-7105
Wilmer,Ma,Bayonne,551-240-6225
Gladys,Felicia,"Fair Lawn",551-246-2428
Jesse,Gena,Hackensack,551-255-8212
Nell,Bette,Hackensack,551-256-1225
Beverly,Dewayne,"Fair Lawn",551-260-5093
Danial,Penny,Kearny,551-265-1354
Benny,Cornelia,Hackensack,551-271-0827
Rickie,Pansy,"Jersey City",551-280-5310
Darlene,Frank,"Fair Lawn",551-288-1169
Kelley,Paul,"Fair Lawn",551-322-0275
Becky,Reggie,"Union City",551-326-8383
Sybil,Vanessa,Hackensack,551-328-1335
Daren,Ann,"Union City",551-329-4938
Marissa,Eddy,Kearny,551-339-6687
Salvatore,Isidro,Hackensack,551-344-5860
Dante,James,"Jersey City",551-348-5432
Hallie,Frankie,Hackensack,551-351-9442
Alexandria,Sharron,Hackensack,551-352-8352
Margot,Jami,Bayonne,551-359-7832
Bryce,Maryanne,"Union City",551-368-8258
Scott,Jake,"Fair Lawn",551-374-5792
Tamara,Luann,Kearny,551-382-9229
Alisha,Yvette,Bayonne,551-384-5758
Peggy,Dorothea,"Union City",551-389-9512
Delbert,Stephanie,Bayonne,551-392-1050
Shannon,Rogelio,Kearny,551-407-9263
Melva,Ella,Kearny,551-410-6190
Collin,Diana,Bayonne,551-418-3578
Marc,Andres,Bayonne,551-423-3377
Dane,Bernadette,Bayonne,551-431-1436
Mamie,Summer,"Fair Lawn",551-442-6224
Eugenia,Etta,Hackensack,551-443-7810
Carmelo,Cindy,Kearny,551-453-1485
Rita,Anastasia,"Union City",551-453-9029
Brigitte,Davis,"Union City",551-460-4641
Deanne,Nannie,Hackensack,551-464-3570
Freddie,Bert,"Jersey City",551-465-6642
Bernadette,Justine,Bayonne,551-465-7068
Darnell,Carmela,Hackensack,551-471-7441
Myrtle,Lillie,"Union City",551-472-8455
Rhoda,Donald,Hackensack,551-474-6353
Liz,Georgia,"Union City",551-479-2711
Avery,Tanya,"Jersey City",551-495-0165
Deborah,Helga,Bayonne,551-496-8185
Chrystal,Stuart,Hackensack,551-497-7275
Mara,Karin,Hackensack,551-509-6251
Seth,Sheryl,"Fair Lawn",551-514-9378
Wallace,Terrell,Hackensack,551-517-9102
Jake,Trisha,"Union City",551-526-2255
Mitchell,Loren,"Jersey City",551-532-4778
Dan,Kristine,Bayonne,551-533-2228
Ericka,Jess,"Union City",551-534-2706
Maricela,Alisha,"Fair Lawn",551-541-8958
Ted,Patti,"Union City",551-542-8433
Harriett,Terrell,Bayonne,551-603-5950
Monroe,Diane,"Fair Lawn",551-609-8756
Joey,Joe,Kearny,551-620-4573
Wilbur,Marlon,Kearny,551-625-2042
Isabelle,Dora,Kearny,551-650-6095
Shana,Karen,"Union City",551-653-9402
Dane,Sonja,"Fair Lawn",551-656-3522
Lucas,Joaquin,Kearny,551-662-8911
Noreen,Carlos,"Union City",551-663-9820
Dylan,Justine,"Union City",551-670-6199
Alan,Doreen,Bayonne,551-673-9996
James,Michel,Kearny,551-676-4218
Rodolfo,Emmett,"Jersey City",551-690-0747
Keri,Anastasia,"Jersey City",551-690-3611
Chuck,Homer,"Fair Lawn",551-690-7651
Lillian,Millard,Bayonne,551-694-9289
Francisco,Leticia,"Jersey City",551-697-4718
Francis,Dean,Bayonne,551-700-6814
Nelson,Kristina,Kearny,551-704-0900
Dion,Millicent,"Union City",551-714-9150
Elaine,Wilmer,Bayonne,551-716-0137
Pamela,Stacy,Hackensack,551-720-7816
Christian,Ernesto,Hackensack,551-722-6237
Peggy,Jorge,"Union City",551-723-8938
Kristy,Kelly,"Fair Lawn",551-727-0719
Lucia,Oscar,Kearny,551-730-6959
Wade,Dion,"Union City",551-731-1913
Stella,Matt,Hackensack,551-736-0821
Leslie,Madeleine,"Fair Lawn",551-738-9472
Emilia,Eldon,Bayonne,551-740-4650
Amie,Javier,"Union City",551-744-8873
Marsha,Leah,"Jersey City",551-756-7193
Elisa,Mellisa,Kearny,551-763-6849
Vince,Lilia,Hackensack,551-765-2024
Effie,Young,Kearny,551-765-5073
Sherry,Jarvis,"Jersey City",551-771-2916
Allie,Bennett,Kearny,551-772-7161
Kathleen,Marci,Kearny,551-776-4082
Clint,Iris,Bayonne,551-777-0481
Grady,Kevin,Bayonne,551-798-3483
Deanne,Casey,Hackensack,551-814-2937
Eddy,Dana,"Union City",551-817-5268
Imelda,Darius,"Fair Lawn",551-839-3880
Geri,Casey,"Union City",551-842-1709
Victoria,Darrel,Bayonne,551-862-9440
Adelaide,Kelvin,"Fair Lawn",551-865-1468
Maryanne,Erin,"Jersey City",551-871-2767
Linda,Florine,"Jersey City",551-871-9248
Dora,Margie,"Fair Lawn",551-879-9509
Lucile,Reyna,"Jersey City",551-882-4070
Lori,Meghan,"Union City",551-884-8178
Stan,Elena,Kearny,551-895-4937
Nathan,Demetrius,"Union City",551-907-8214
Beulah,Arturo,Bayonne,551-918-1835
Evangelina,Felipe,"Fair Lawn",551-919-4937
Karyn,Cole,Kearny,551-927-2328
Van,Misty,"Fair Lawn",551-928-4778
Maria,Pansy,"Union City",551-931-9586
Arthur,Loraine,Bayonne,551-935-0998
Stephanie,Mohammad,Bayonne,551-939-4406
Freddie,Elba,"Jersey City",551-943-9966
Curt,Moises,"Jersey City",551-949-8282
Adela,Lorie,"Jersey City",551-952-4139
Carole,Ronald,"Jersey City",551-957-1556
Brain,Suzanne,Hackensack,551-958-8633
Mary,Lynne,"Jersey City",551-960-7085
Myrtle,Mohammad,Bayonne,551-973-1407
Heriberto,Etta,"Jersey City",551-977-3624
Ross,Marie,"Fair Lawn",551-989-9230
Sybil,Amos,Kearny,551-998-0934
Garrett,Jayne,Trenton,609-007-1290
Millard,Joy,Camden,609-008-4581
Tabatha,Gina,Vineland,609-016-9691
Bob,Elmer,Trenton,609-039-3075
Owen,Sherri,"Atlantic City",609-041-2866
Saul,Moses,Vineland,609-043-8914
Antoine,Noe,Camden,609-048-1669
Kenny,Thurman,Camden,609-074-5494
Toni,Roseann,Trenton,609-079-9003
Allene,Stephanie,"Atlantic City",609-088-3017
Damien,Roscoe,Trenton,609-092-3416
Brock,Teresa,Trenton,609-100-3529
Joesph,Henrietta,Trenton,609-116-3625
Tania,Bruno,Trenton,609-124-0870
Janine,Aline,Trenton,609-143-1387
Lula,Dianne,"Atlantic City",609-146-0591
Candy,Stella,"Atlantic City",609-147-8538
Vickie,Daryl,Camden,609-155-7953
Vernon,Marco,Camden,609-158-0843
Dave,Liz,Trenton,609-167-0071
Lester,Cornell,Trenton,609-170-0481
Lelia,Justin,Vineland,609-187-1967
Alberto,Isaac,Trenton,609-189-4943
Donna,Bettye,"Atlantic City",609-194-8994
Rowena,Philip,Trenton,609-194-9965
Diann,Houston,Camden,609-196-7629
Leona,Elena,"Atlantic City",609-214-8461
Marva,Colette,Vineland,609-220-5750
Zachary,Linda,Camden,609-236-8013
Caleb,Julianne,Trenton,609-249-0657
Oliver,Patricia,Vineland,609-258-3999
Tara,Fidel,Camden,609-275-6062
Alberto,Dayna,Camden,609-281-5917
Beau,Jess,Trenton,609-288-5376
Irvin,Bernadette,Vineland,609-294-9623
Todd,Rebekah,Trenton,609-295-3310
Cristina,Hugh,Vineland,609-297-5228
Harrison,Gerard,Vineland,609-315-6169
Mattie,Jo,Trenton,609-321-8097
Esmeralda,Bianca,"Atlantic City",609-322-6027
Evangelina,Phillip,"Atlantic City",609-338-7657
Lacy,Alberto,"Atlantic City",609-384-5544
Patty,Violet,"Atlantic City",609-436-2233
Shane,Reynaldo,Trenton,609-440-0053
Abby,Marc,Vineland,609-451-1718
Blanca,Roger,Camden,609-465-7000
Leigh,Jill,Trenton,609-467-4332
Archie,Rosa,Trenton,609-470-4089
Mickey,Nelda,"Atlantic City",609-492-2754
Stephan,Donnie,"Atlantic City",609-499-4564
Jake,Doretha,Vineland,609-519-5518
Emanuel,Don,Trenton,609-521-3240
Bruno,Neva,"Atlantic City",609-529-1060
Graham,Vince,Vineland,609-530-1455
Cameron,Rosa,Trenton,609-534-4390
Earl,Charlie,Vineland,609-539-4465
Gretchen,Tessa,Camden,609-543-3206
Madeline,Beatriz,Vineland,609-543-6864
Janis,Lenora,Vineland,609-547-0218
Ralph,Delores,"Atlantic City",609-556-4082
Jean,Allison,Vineland,609-561-1251
Caleb,Kasey,Camden,609-570-1096
Vince,Cecil,Trenton,609-573-6831
Jerald,Sheila,"Atlantic City",609-595-2045
Nettie,Shane,Camden,609-609-2171
Darius,Felecia,Camden,609-615-3046
Teddy,Renae,Camden,609-627-4427
Dina,Ralph,Trenton,609-631-1195
Aurora,Branden,Vineland,609-633-0847
Carissa,Lorie,Trenton,609-644-0349
Sylvia,Rex,Trenton,609-644-3353
Shelly,Gavin,Trenton,609-644-9147
Abel,Joey,"Atlantic City",609-662-6941
Florine,Norman,Trenton,609-669-0397
Arron,Ora,Vineland,609-685-3545
Brian,Booker,Vineland,609-695-0256
Brock,Gabriela,Camden,609-700-2105
Ross,Emanuel,Vineland,609-708-2897
Cassie,Gladys,Camden,609-723-8278
Latonya,Trudy,Camden,609-730-6983
Greg,Angeline,"Atlantic City",609-740-6270
Ryan,Darin,"Atlantic City",609-753-1508
Camilla,Sandy,Camden,609-753-1913
Brianna,Phyllis,Camden,609-760-4297
Vilma,Marsha,"Atlantic City",609-766-1321
Lilian,Latonya,"Atlantic City",609-783-1222
Julia,Jon,Camden,609-784-1091
Autumn,Hunter,"Atlantic City",609-786-4763
Walter,Lucy,"Atlantic City",609-787-1719
Katina,Grover,Camden,609-803-5477
Bruno,Clayton,Camden,609-803-6233
Diana,Brenda,Camden,609-804-4200
Tomas,Bradford,Vineland,609-819-8994
Emory,Heath,"Atlantic City",609-845-0948
Ernesto,Deloris,"Atlantic City",609-847-9856
Clarissa,Carole,Vineland,609-854-4920
Derek,Shannon,Camden,609-856-9212
Melba,Leanna,"Atlantic City",609-862-7448
Consuelo,Joanna,Camden,609-864-2746
Althea,Kathie,Vineland,609-870-1773
Candace,Constance,Trenton,609-872-6315
Adeline,Hillary,Trenton,609-876-8580
Dave,Elisa,Camden,609-899-3237
Dwayne,Brian,Trenton,609-905-6827
Jimmy,Winnie,Camden,609-911-9740
Carroll,Darrin,"Atlantic City",609-922-4893
Clyde,Noelle,Camden,609-927-2758
Ron,Camilla,Camden,609-945-0070
Deana,Latisha,"Atlantic City",609-959-1078
Kelsey,Fred,"Atlantic City",609-960-2028
Erma,Salvador,Vineland,609-962-0926
Catherine,Nona,Camden,609-969-5722
Irving,Kitty,"Atlantic City",609-971-2705
Alex,Maryellen,Vineland,609-986-5775
Thurman,Cornelia,Belleville,613-022-2210
Marla,Thomas,Belleville,613-030-6476
Edna,Rena,Belleville,613-045-5390
Maude,Marina,Belleville,613-051-1906
Latanya,Fabian,Belleville,613-052-9744
Wiley,Clarissa,Belleville,613-108-1096
Imogene,Mary,Belleville,613-126-1573
Margo,Preston,Belleville,613-127-4488
Grace,Cedric,Belleville,613-141-4001
Carroll,Leland,Belleville,613-154-7275
Lloyd,Gay,Belleville,613-166-1206
Trevor,Clarence,Belleville,613-187-8706
Norma,Ulysses,Belleville,613-225-7056
Marlon,Vicki,Belleville,613-314-6201
Elvin,Moises,Belleville,613-317-8558
Ronald,Alonzo,Belleville,613-335-7250
Edythe,Rosalinda,Belleville,613-336-7126
Sondra,Bettie,Belleville,613-370-3145
Deanne,Cortney,Belleville,613-404-9587
Kathie,Carter,Belleville,613-408-9576
Amelia,Faye,Belleville,613-416-8697
Verna,Lela,Belleville,613-456-2164
Ernesto,Alberta,Belleville,613-468-9497
Tracy,Pamala,Belleville,613-522-7605
Jean,Cherie,Belleville,613-641-0070
Francisco,Amos,Belleville,613-771-2725
Susanna,Summer,Belleville,613-777-3211
Wm,Susan,Belleville,613-808-3575
Lula,Antony,Belleville,613-820-1720
Lela,Marlin,Belleville,613-821-4570
Bryant,Cristina,Belleville,613-935-2556
Wendell,Cornelius,Belleville,613-986-7948
Elise,Josue,Orange,714-097-7356
Gabrielle,Sheryl,Orange,714-194-4998
Gladys,Gale,Orange,714-197-6894
Miranda,Damian,Orange,714-242-7584
Sanford,Kent,Orange,714-252-8060
Vincent,Donnell,Orange,714-338-6754
Hallie,Letitia,Orange,714-353-7515
Charles,Kristine,Orange,714-385-8518
Laurie,Renee,Orange,714-399-9253
Alisha,Harlan,Orange,714-408-8049
Greg,Lorene,Orange,714-449-2698
Eva,Tamra,Orange,714-491-4169
Mohammad,Monique,Orange,714-609-0523
Frank,Beryl,Orange,714-623-7167
Millard,Fred,Orange,714-703-5360
Marsha,Polly,Orange,714-719-1280
Brandy,Benita,Orange,714-786-4261
Floyd,Mae,Orange,714-832-5919
Lawanda,Marcia,Orange,714-838-8270
Marie,Wilford,Orange,714-850-1801
Edna,Manuela,Orange,714-921-7758
Tabatha,Gerald,Union,815-032-0048
Ross,Betty,Union,815-109-0030
Judith,Philip,Union,815-231-9857
Sylvia,Elias,Union,815-277-5982
Mamie,Lashonda,Union,815-350-7251
Terrell,Shelia,Union,815-399-3422
Vance,Gus,Union,815-498-4020
Tanisha,Rosalinda,Union,815-567-7864
Melanie,Genaro,Union,815-585-2639
Chase,Tyrone,Union,815-606-1126
Gilberto,Jacklyn,Union,815-616-2481
Danielle,Otto,Union,815-621-8230
Greg,Ron,Union,815-653-2138
Rosalyn,Phil,Union,815-687-6478
Katherine,Frederick,Union,815-839-8422
Erika,Cora,Union,815-862-6841
Floyd,Julie,Union,815-890-7963
Kirsten,Chester,"East Brunswick",848-045-5349
Lucy,Maynard,Edison,848-057-1927
Olive,Kathi,"East Brunswick",848-064-5420
Joanne,Chelsea,Edison,848-083-3585
Edmund,Billie,"East Brunswick",848-141-3254
Eileen,Jeannette,"East Brunswick",848-151-6237
Ilene,Enrique,"East Brunswick",848-155-0016
Avery,Larry,"East Brunswick",848-157-2016
Leigh,Cornell,"East Brunswick",848-162-5887
Lenora,Nan,"East Brunswick",848-169-2800
Latisha,Araceli,"East Brunswick",848-183-2600
Addie,Trudy,"East Brunswick",848-251-9099
Bonnie,Nathan,"East Brunswick",848-273-4756
Karyn,Clinton,Edison,848-284-5835
Carson,Allison,"East Brunswick",848-305-4916
Quincy,Ashlee,Edison,848-306-3212
Ana,Deborah,Edison,848-306-5485
Effie,Booker,Edison,848-313-0259
Tricia,Carey,Edison,848-322-0277
Ulysses,Luisa,"East Brunswick",848-345-2680
Diana,Manuel,Edison,848-384-8685
Abraham,Teri,Edison,848-387-1089
Russell,Adelaide,Edison,848-403-5595
James,Estella,"East Brunswick",848-411-8959
Matilda,Lisa,Edison,848-438-4789
Mildred,Armando,Edison,848-446-0499
Alison,Jon,"East Brunswick",848-448-9866
Ruth,Trisha,Edison,848-465-1080
Mark,Deidra,Edison,848-491-6166
Isabella,Ty,Edison,848-510-5874
Fred,Doreen,Edison,848-521-9603
Elvis,Clayton,"East Brunswick",848-527-5382
Eve,Lamar,Edison,848-558-3879
Dewey,Mellisa,Edison,848-593-5844
Morgan,Hubert,Edison,848-629-9171
Jimmy,Concepcion,"East Brunswick",848-663-4283
Vernon,Stacy,Edison,848-664-1898
Art,Norma,Edison,848-680-0469
Sheri,Miguel,"East Brunswick",848-766-5379
Blake,Marlene,Edison,848-807-3211
Roslyn,Sasha,"East Brunswick",848-808-6059
Lillie,Bart,Edison,848-837-6869
Landon,Kathrine,"East Brunswick",848-862-7340
Guy,Leslie,"East Brunswick",848-878-2152
Leticia,Sheena,"East Brunswick",848-927-9595
Adela,Francesca,"East Brunswick",848-960-4071
Suzette,Eddie,Edison,848-997-4183
Scott,Claudia,"East Orange",862-029-9724
Catherine,Reyna,Wayne,862-038-9060
Stefan,Rhoda,"East Orange",862-052-5517
Rigoberto,Kaye,Irvington,862-054-9132
Christine,Daren,Irvington,862-057-3470
Johnny,Devin,Wayne,862-064-4391
Myrna,Carlene,"East Orange",862-074-9551
Daisy,Ursula,Wayne,862-084-0580
Frances,Fredrick,Irvington,862-092-7965
Caryn,Travis,"East Orange",862-098-7322
Lauren,Eric,"East Orange",862-107-4433
Genaro,Zelda,Clifton,862-110-4657
Roland,Kim,Wayne,862-149-5459
Thomas,Reva,Irvington,862-157-8749
Mary,Jasmin,Wayne,862-158-1655
Dwayne,Erwin,Irvington,862-158-8755
Rosalia,Joe,"East Orange",862-171-5366
Tamara,Lucinda,Clifton,862-183-4068
Kristopher,Eloise,Clifton,862-183-5954
Deanna,Chad,Clifton,862-184-3769
Margery,Elba,Irvington,862-195-0982
Antionette,Pablo,Irvington,862-195-1723
Monique,Hung,Clifton,862-195-2244
Delmar,Polly,Irvington,862-221-6341
Selena,William,Irvington,862-222-9562
Mandy,Malinda,Wayne,862-233-2814
Willard,Irving,Irvington,862-240-4340
Reynaldo,Weldon,Irvington,862-246-7676
Travis,Brandon,Clifton,862-250-5846
Bryant,Chelsea,Irvington,862-256-3671
Buddy,Camille,Wayne,862-265-1364
Judy,Natasha,Clifton,862-268-6979
Ervin,Crystal,"East Orange",862-274-1286
Manuel,Orlando,Wayne,862-279-3488
Sylvia,Fidel,Wayne,862-294-4935
Kathie,Bernard,Clifton,862-307-2156
Gabriel,Anna,Irvington,862-312-0735
Doyle,Teri,"East Orange",862-315-9155
Armando,Janine,"East Orange",862-322-1999
Beatriz,Edwin,"East Orange",862-327-0538
Katharine,Irene,"East Orange",862-332-4324
Gayla,Genaro,Wayne,862-335-4371
Eula,Randy,Wayne,862-343-8855
Roger,Tia,Irvington,862-348-7768
Loraine,Ma,Clifton,862-349-8797
Patsy,Miranda,Clifton,862-360-6423
Mayra,Brianna,Wayne,862-360-8452
Hope,Ethan,Wayne,862-370-2965
Tia,Maria,Wayne,862-374-4954
Alison,Edith,Wayne,862-394-7488
Kristie,Esperanza,"East Orange",862-395-3040
Harrison,Cecelia,Irvington,862-403-4593
Quentin,Henrietta,Clifton,862-417-9822
Alisha,Selina,"East Orange",862-420-9113
Carla,Horace,Irvington,862-422-4882
Karl,Marcy,Clifton,862-439-9247
Alyssa,Anna,Clifton,862-440-9715
Erna,Jonathon,Wayne,862-455-2486
Madelyn,Alison,"East Orange",862-457-1417
Daisy,Amos,"East Orange",862-471-5884
Darlene,Denver,"East Orange",862-493-7934
Edwin,Emory,Irvington,862-497-7848
Frances,Lilia,"East Orange",862-506-6624
Lorna,Adeline,Wayne,862-509-5329
Dionne,Rochelle,Wayne,862-522-8661
Ericka,Timmy,Irvington,862-528-2782
Clarice,Jose,Irvington,862-536-9329
Vera,Esteban,Irvington,862-546-8694
Octavia,Katrina,Irvington,862-552-6921
Dominic,Kristin,Wayne,862-557-3214
Marlin,Winfred,Irvington,862-567-1316
Pamela,Annette,Clifton,862-575-6980
Elijah,Andres,Wayne,862-576-1494
Clair,Kelli,Wayne,862-579-9930
Christy,Doyle,Irvington,862-585-8417
Bernadine,Alejandro,Irvington,862-591-3569
Daphne,Jeremiah,"East Orange",862-604-0282
Liza,Oliver,Wayne,862-610-7666
Abraham,Candy,Wayne,862-613-8917
Elma,Isabel,Irvington,862-621-2476
Marylou,Lolita,Clifton,862-624-4404
Myrtle,Matthew,Wayne,862-635-5138
Michaela,Clair,Clifton,862-639-8130
Jefferson,Lawrence,Irvington,862-651-2312
Simone,Chad,"East Orange",862-653-5423
Bert,Chandra,Clifton,862-674-1674
Dana,Shaun,Irvington,862-703-4436
Vance,Frieda,Clifton,862-708-4031
Clinton,Luann,Irvington,862-708-5960
Ashley,Wilbur,Clifton,862-721-3037
Noelle,Marsha,Irvington,862-721-6030
Lindsay,Lynn,Wayne,862-746-8000
Hannah,Cathleen,Irvington,862-752-9694
Lenora,Rick,"East Orange",862-806-4832
Carolina,Lenore,Clifton,862-807-6387
Lidia,Kayla,"East Orange",862-829-9598
Blanche,Doug,Wayne,862-831-7700
Adelaide,Evan,Irvington,862-862-8399
George,Elise,Wayne,862-864-1570
Silvia,Reed,"East Orange",862-868-5814
Celia,Flora,Clifton,862-886-3526
Alana,Naomi,Clifton,862-888-8541
Jay,Lizzie,"East Orange",862-897-7387
Albert,Annette,Wayne,862-905-8860
Leo,Goldie,Clifton,862-907-6716
Joesph,Mack,"East Orange",862-924-4242
Jan,Becky,"East Orange",862-966-3374
Danny,Rodger,Irvington,862-975-2569
Gertrude,Minnie,Irvington,862-989-3184
Tabatha,Polly,"East Orange",862-993-2949
Millie,Conrad,Linden,908-007-1081
Stephan,Rory,Plainfield,908-007-9844
Angelica,Kim,Elizabeth,908-017-0190
Cathryn,Mariano,"Toms River",908-018-0665
Latonya,Socorro,Plainfield,908-018-5954
Monika,Jeremy,"Long Branch",908-019-4858
Kelsey,Elijah,"Long Branch",908-022-4269
Mickey,Alice,"Long Branch",908-025-2100
Jon,Suzette,"New Brunswick",908-030-6631
Nathaniel,Tracey,"Long Branch",908-034-5631
Tyson,Frank,"Perth Amboy",908-044-2855
Isaiah,Corrine,Plainfield,908-045-0710
Dessie,Jayne,Linden,908-046-1924
Alta,Dianna,"Toms River",908-050-7823
Gary,Timothy,"New Brunswick",908-051-5501
Delbert,Damian,Linden,908-060-6366
Collin,Eddy,Linden,908-070-3004
Aida,Grady,"Long Branch",908-081-1402
Tom,Antoinette,Elizabeth,908-085-9018
Stan,Luella,Elizabeth,908-090-8543
Chase,Fabian,"Toms River",908-097-3655
Christine,Cleo,Elizabeth,908-097-8464
Devin,Lorenzo,"New Brunswick",908-099-0652
Adan,Dirk,Elizabeth,908-099-7813
Brandie,Delores,Elizabeth,908-100-0981
Tameka,Victoria,"Long Branch",908-102-8195
Rhea,Efrain,"Long Branch",908-103-7193
Darren,Carey,"Toms River",908-105-9288
Rosario,Edna,Plainfield,908-114-6055
Jay,Jeri,Elizabeth,908-114-7475
Humberto,Roseann,Elizabeth,908-116-1660
Clement,Britney,Plainfield,908-123-5471
Socorro,Allene,"Toms River",908-123-5521
Dessie,Natalia,Linden,908-130-1172
Tricia,Dora,Elizabeth,908-140-3264
Enid,Brian,"Toms River",908-141-8960
Roxanne,Cecilia,"Perth Amboy",908-148-2627
Beulah,Davis,"Toms River",908-150-2259
Imogene,Wilson,"Long Branch",908-150-6996
Clement,Dane,Elizabeth,908-152-0780
Jack,Leona,"Long Branch",908-156-5220
Darrel,Rachel,"Toms River",908-158-0282
Jesus,Silas,Elizabeth,908-167-8911
Helene,Julie,Linden,908-175-0669
Dena,Evangeline,"Toms River",908-188-4063
Carlton,Sheryl,Linden,908-190-6388
Grady,Jaime,Linden,908-191-7946
Edgar,Jayson,Plainfield,908-193-5796
Stacie,Stella,"New Brunswick",908-195-5109
Robyn,Eugenia,"Perth Amboy",908-208-8169
Margie,Margie,"New Brunswick",908-215-0598
Anton,Valerie,"Long Branch",908-222-2317
Guy,Courtney,"Perth Amboy",908-223-9956
Mari,Janell,"Long Branch",908-225-2361
Leigh,Eddy,Plainfield,908-231-3770
Ola,Jane,"Long Branch",908-233-1470
Myrtle,Jesus,Elizabeth,908-234-1913
Willa,Antoine,Linden,908-235-6680
Yvonne,Donna,Linden,908-241-5820
Bennett,Vanessa,"New Brunswick",908-246-3881
Iris,Lakesha,"Perth Amboy",908-247-3944
Sebastian,Fanny,Linden,908-249-5610
Elmer,Bobby,"Perth Amboy",908-252-2244
Madelyn,Anita,"Toms River",908-252-5836
Terrie,Garland,"Perth Amboy",908-256-5627
Elinor,Abby,"New Brunswick",908-257-3502
Cole,Jesse,Plainfield,908-258-2867
Lenora,Tracey,Plainfield,908-258-9170
Donnie,Francisco,"Perth Amboy",908-263-2197
Stewart,Jeremy,"Perth Amboy",908-264-0450
Nanette,Kendall,"New Brunswick",908-267-7933
Mara,Jewell,Linden,908-268-3790
Angelica,Luisa,Plainfield,908-269-1995
Trenton,Houston,Linden,908-272-2600
Marianne,Felipe,Elizabeth,908-273-0275
Cristina,Katrina,"New Brunswick",908-274-2286
Shannon,Tami,"Long Branch",908-279-1514
Antoinette,Joan,"Long Branch",908-280-9486
Leo,Alfonso,"New Brunswick",908-285-2389
Kaye,Gus,Elizabeth,908-296-4441
Earnest,Flora,"Toms River",908-297-6771
Errol,Edythe,Plainfield,908-320-6385
Gale,Anthony,Plainfield,908-324-9847
Gabrielle,Marva,Linden,908-325-0909
Marie,Ryan,Elizabeth,908-326-5083
Gary,Jannie,Linden,908-338-2933
Alberta,Jacqueline,Plainfield,908-344-7966
Elijah,Angela,"Perth Amboy",908-347-7687
Arron,Maryanne,"Toms River",908-347-9106
Kirsten,Kristine,Linden,908-348-0505
Christian,Zachery,Linden,908-348-3130
Candace,Noelle,Plainfield,908-353-5655
Trudy,Stella,"Long Branch",908-353-7111
Dante,Danielle,"Long Branch",908-354-4399
Adrienne,Rosalie,Plainfield,908-364-1891
Brittany,Kristi,Linden,908-368-6579
Jannie,Bobbi,"New Brunswick",908-372-5751
Christina,Margery,Elizabeth,908-373-2694
Ophelia,Rebekah,"Perth Amboy",908-374-8154
Jodie,Patrice,"Toms River",908-380-5057
Naomi,Sonja,Elizabeth,908-381-4678
Cody,Dominick,Elizabeth,908-383-3688
Lorraine,Sheila,Elizabeth,908-390-9233
Valerie,Phoebe,"Toms River",908-393-7638
Juana,Cory,Linden,908-395-3132
Gay,Dionne,Elizabeth,908-413-6796
Dwight,Rebekah,Plainfield,908-422-3309
Roxie,Rolando,Linden,908-422-8933
Mariana,Diego,Plainfield,908-423-7652
Karyn,Kimberly,Elizabeth,908-429-4043
Agustin,Mina,"Perth Amboy",908-432-4366
Felicia,Alba,"Long Branch",908-434-9494
Gwendolyn,Larry,Plainfield,908-435-4798
Lashonda,Virgil,Linden,908-437-9631
Leon,Vance,Linden,908-438-3897
Susie,Catalina,Plainfield,908-441-8040
Leonor,Justina,Linden,908-443-5635
Alexander,Javier,"Toms River",908-444-0648
Mason,Bette,"Toms River",908-446-5793
Casandra,Danial,"New Brunswick",908-454-7406
Carmelo,Sybil,"Long Branch",908-456-0763
Katina,Tommie,"Perth Amboy",908-456-1742
Dawn,Deanne,"New Brunswick",908-457-2822
Phil,Martha,Elizabeth,908-466-4093
Meghan,Trudy,"New Brunswick",908-467-4376
Deirdre,Helga,"Perth Amboy",908-470-7245
Bette,Inez,"New Brunswick",908-475-5130
Johanna,Shelby,Elizabeth,908-485-7437
Ophelia,Natalia,Linden,908-486-1411
Jim,Lincoln,"Long Branch",908-488-9961
Queen,Craig,"Long Branch",908-502-3379
Bobbi,Vilma,Elizabeth,908-502-4192
Lupe,Roxanne,Plainfield,908-504-3429
Nellie,Tricia,"New Brunswick",908-506-4870
Annie,Susanna,"New Brunswick",908-512-6451
Sherri,Charlotte,"Long Branch",908-525-0927
Kirk,Federico,Elizabeth,908-525-3371
Rena,Lynne,"Long Branch",908-534-4331
Alyce,Estelle,Linden,908-534-8378
Reyna,Sallie,Elizabeth,908-554-2197
Jonathon,Bart,"Perth Amboy",908-555-3710
Pamela,Megan,"New Brunswick",908-560-7293
Thurman,Leeann,Plainfield,908-561-8312
Brain,Catherine,Linden,908-563-5336
Frederick,Caryn,Elizabeth,908-563-9213
Selena,Jacquelyn,"Long Branch",908-575-5917
Barry,Gussie,"Toms River",908-576-0193
Michel,Lena,"New Brunswick",908-579-9667
Monroe,Flossie,"New Brunswick",908-584-2350
Janet,Jeffry,Plainfield,908-584-8868
Bernadette,Lloyd,"Perth Amboy",908-587-5423
Felicia,Effie,"Long Branch",908-598-2358
Harriett,Willard,"Long Branch",908-602-3582
Leona,Roxie,"Toms River",908-610-7498
Melody,Jon,"Long Branch",908-624-4169
Gerardo,Javier,"New Brunswick",908-627-0628
Nichole,Jess,"New Brunswick",908-629-9864
Roderick,Staci,Linden,908-634-8064
Roscoe,Gregg,Elizabeth,908-637-3550
Phillip,Dewayne,Plainfield,908-638-7744
Demetrius,Reynaldo,"Toms River",908-639-7669
Darius,Darren,Plainfield,908-647-9743
Danielle,Duane,"Perth Amboy",908-649-2601
Aimee,Fay,"Perth Amboy",908-652-3709
Shelley,Bruno,"Toms River",908-655-5700
Janell,Timothy,"New Brunswick",908-661-7940
Kenny,Laurel,"Long Branch",908-662-8469
Lupe,Maura,"Long Branch",908-665-6665
Lionel,Audra,"New Brunswick",908-666-9070
Dirk,Randolph,Plainfield,908-672-6472
Lucas,Lauren,Elizabeth,908-675-0931
Adan,Leonor,Elizabeth,908-685-6440
Phoebe,Amelia,"Toms River",908-698-6095
Jeff,Angelia,"New Brunswick",908-705-0614
Candice,Lydia,Plainfield,908-708-7600
Rosa,Lilia,"Long Branch",908-708-9583
Mark,Caitlin,"Perth Amboy",908-714-3602
Andy,Lesa,Elizabeth,908-718-5640
Beatriz,Hector,"New Brunswick",908-724-9001
Maxwell,Olga,Elizabeth,908-725-3362
Nicholas,Lelia,"Long Branch",908-728-3685
Latisha,Jasper,"Toms River",908-733-6858
Rosemary,Liliana,"Perth Amboy",908-734-1898
Paul,Roslyn,"Long Branch",908-747-1850
Leo,Ward,"New Brunswick",908-747-5368
Jaclyn,Harold,"Perth Amboy",908-749-1715
Gilbert,Mara,Linden,908-751-1246
Hannah,Michele,"New Brunswick",908-760-0732
Miriam,Jared,Elizabeth,908-762-8225
Kendra,Brenda,Linden,908-768-5387
Carter,Aimee,"Perth Amboy",908-768-6032
Juanita,Jame,Plainfield,908-782-2489
Alisha,Ruth,Elizabeth,908-784-6003
Dorothy,Gabrielle,Elizabeth,908-792-0168
Jami,Jade,Linden,908-796-0520
Lea,Lola,"New Brunswick",908-799-3644
Manuela,Roslyn,"Perth Amboy",908-801-7046
Saul,Yvonne,Elizabeth,908-804-4735
Darla,Rosanne,"New Brunswick",908-805-0215
Gordon,Troy,"Long Branch",908-807-3528
Janelle,Dona,Linden,908-813-4969
Carly,Kendall,Plainfield,908-836-3248
Heather,Juan,"New Brunswick",908-837-3084
Dianna,Hollis,"Long Branch",908-837-5197
Gavin,Janna,"New Brunswick",908-840-3704
Alyce,Concepcion,Elizabeth,908-843-2939
Andre,Berta,"Toms River",908-856-1795
Donny,Melinda,"New Brunswick",908-860-5855
Kenneth,Jeanine,Elizabeth,908-884-3812
Staci,Barney,Plainfield,908-897-0093
Gretchen,Tonia,"Perth Amboy",908-897-4602
Margaret,Berta,Linden,908-902-6226
Samuel,Emilio,Plainfield,908-906-2715
Harvey,Armand,Elizabeth,908-915-9600
Gerardo,Renae,Elizabeth,908-916-1798
Myron,Marvin,"Long Branch",908-916-8913
Ed,Shari,"Perth Amboy",908-918-2687
Clair,Eliza,"New Brunswick",908-919-0007
Clint,Lorena,"Toms River",908-922-8658
Tamra,Katrina,Plainfield,908-926-0903
Erica,Brad,"Toms River",908-935-3151
Jenifer,Javier,"Toms River",908-939-4384
Ned,Christina,"Perth Amboy",908-939-6203
Justina,Heather,Linden,908-940-6272
Fannie,Tammie,"Toms River",908-942-5572
Marco,Armand,"Perth Amboy",908-951-8028
Grady,Erin,"New Brunswick",908-956-1260
Ella,Alexander,Plainfield,908-956-3891
Lori,Aurelio,Linden,908-979-5978
Margret,Irene,"Long Branch",908-980-7931
Marcy,Maude,"Perth Amboy",908-981-7416
Lillian,Carlton,Linden,908-983-5501
Houston,Claudia,Elizabeth,908-989-2481
Bryce,Alba,Elizabeth,908-991-0091
Vivian,Alba,Plainfield,908-992-2156
Jamal,Carmella,"Toms River",908-996-9235
Nelson,Leona,Bloomfield,973-010-1141
Elba,Janet,Paterson,973-013-4984
Deirdre,Suzanne,Newark,973-022-2043
Lou,Beatrice,Passaic,973-034-9812
Cecelia,Jannie,Passaic,973-037-0216
Santiago,Millicent,Newark,973-044-0773
Colleen,Benita,Passaic,973-056-5832
Odessa,Janell,Paterson,973-058-4608
Rena,Queen,Paterson,973-068-2612
Dee,Ana,Passaic,973-084-6412
Garland,Carmella,Newark,973-085-2642
Nelly,Juliet,Newark,973-087-1727
Joe,Dexter,Paterson,973-111-8883
Mia,Rodrigo,Passaic,973-115-5978
Eric,Ramona,Passaic,973-116-7712
Rogelio,Jewel,Bloomfield,973-121-5828
Alison,Margery,Passaic,973-126-7306
Jeffrey,Blanche,Paterson,973-157-1420
Doyle,Brain,Bloomfield,973-180-3121
Kasey,Burton,Paterson,973-192-6239
Annette,Annmarie,Paterson,973-195-6346
Stan,Gregorio,Passaic,973-204-1300
Andy,Kendall,Bloomfield,973-212-1838
Roberto,Mindy,Passaic,973-220-5435
Minnie,Warren,Paterson,973-264-5807
Augusta,Dean,Paterson,973-272-3663
Ollie,Hollis,Passaic,973-281-6121
Angela,Tamara,Passaic,973-282-1463
Freda,Howard,Passaic,973-283-0587
Gussie,Hugo,Newark,973-318-2143
Christopher,Wilbert,Passaic,973-324-9727
Geneva,Edwina,Passaic,973-337-6538
Garry,Michel,Passaic,973-343-1839
Geri,Milton,Newark,973-352-5662
Flossie,Josh,Bloomfield,973-369-3202
Jose,Florence,Paterson,973-375-4792
Etta,Pablo,Bloomfield,973-388-1619
Truman,Jasmin,Bloomfield,973-408-8578
Annie,Evangelina,Bloomfield,973-429-5910
Erik,Selena,Bloomfield,973-430-2133
Wendy,Melanie,Paterson,973-462-4270
Martha,Ed,Newark,973-468-5031
Isabelle,Eloise,Bloomfield,973-482-2808
Berta,Rocio,Bloomfield,973-509-0640
Luis,Roxanne,Passaic,973-521-3331
Carmen,Angeline,Paterson,973-523-6927
Gayla,Dwayne,Bloomfield,973-549-2397
Oscar,Lester,Passaic,973-560-6008
Kirk,Erick,Passaic,973-567-4790
Kris,Rudy,Bloomfield,973-581-1914
Deloris,Erin,Bloomfield,973-581-8310
Charlotte,Delores,Passaic,973-589-8068
Minnie,Sadie,Bloomfield,973-645-5551
Lou,Francisco,Passaic,973-666-3876
Rex,Raymond,Newark,973-670-2389
Ilene,Kris,Bloomfield,973-678-8757
Imogene,Betsy,Bloomfield,973-681-4066
Janine,Ed,Bloomfield,973-683-7287
Bonita,Joanna,Newark,973-683-8080
Edythe,Christa,Paterson,973-711-5682
Allan,Kirsten,Passaic,973-732-2144
Emilia,Teresa,Bloomfield,973-740-3790
Trent,Wm,Bloomfield,973-743-7036
Lynne,Melinda,Paterson,973-748-2933
Sophie,Kaye,Passaic,973-760-5299
Earline,Raul,Bloomfield,973-765-2919
Monty,Kerri,Newark,973-766-0902
Johnathon,Barbara,Bloomfield,973-771-3683
Rosalind,Anna,Passaic,973-780-4552
Damon,Janis,Passaic,973-788-9249
Janis,Matthew,Bloomfield,973-793-8933
Maribel,Jennie,Bloomfield,973-797-9493
Arthur,Ismael,Paterson,973-799-1474
Victoria,Theodore,Bloomfield,973-802-1424
Fay,Elbert,Passaic,973-824-9355
Lavonne,Gertrude,Passaic,973-826-9055
Kaitlin,Loyd,Bloomfield,973-837-1686
Valarie,Frieda,Newark,973-844-2563
Ross,Enrique,Passaic,973-847-1762
Irma,Lionel,Newark,973-860-3620
Hilary,Oscar,Paterson,973-875-7325
Patricia,Maurice,Paterson,973-879-2012
Robyn,Gordon,Paterson,973-883-6350
Claude,Miles,Newark,973-899-1453
Kirby,Theodore,Newark,973-901-7305
Chase,Dewey,Passaic,973-913-4710
Fredrick,Stacy,Newark,973-945-3480
Guillermo,Felicia,Passaic,973-946-5167
Rochelle,Sheryl,Passaic,973-949-7877
Chuck,Pansy,Passaic,973-960-5642
Derick,Leann,Newark,973-971-5600
Loyd,Leeann,Newark,973-979-2698
Jasmin,Wilda,Passaic,973-982-5217
Aline,Nola,Paterson,973-982-6241
Mohammad,Lara,Newark,973-987-0062
Lionel,Cheryl,Bloomfield,973-988-8380
Paula,Keith,Passaic,973-991-5853
Alexander,Reggie,Newark,973-993-6767
