id_transaction,bar_name,first_name,last_name,employee_first_name,employee_last_name,item_name,timestamp
0,"The Blue Oyster Bar",Jean,Allison,Brigitte,Davis,"Labatt Family",1525602780
1,"The Bamboo Lounge",Celia,Flora,Ed,Shari,Amstel,1525420276
2,"The Bamboo Lounge",Celia,Flora,Ed,Shari,"Birra Moretti",1525420276
3,"Y Deri Arms",Monika,Alexandra,Georgia,Rene,"Blackberry Tart Ale",1525619265
4,"Y Deri Arms",Monika,Alexandra,Georgia,Rene,Chernihivske,1525619265
5,"Thunderbrew Distillery",Santiago,Millicent,Charles,Kristine,Beck’s,1514967436
6,"The Blue Oyster Bar",Mariana,Diego,Mandy,Malinda,"Stag Beer",1528411683
7,"The Grasshopper",Lori,Aurelio,Gerardo,Renae,"Elysian Brewing Company",1543759233
8,"The Lizard's Head",Gerry,Kathie,Kaitlin,Loyd,BLT,1544294677
9,"The Lizard's Head",Gerry,Kathie,Kaitlin,Loyd,Feldschlösschen,1544294677
10,"The Lizard's Head",Gerry,Kathie,Kaitlin,Loyd,Largo,1544294677
11,McGinty's,Adela,Lorie,Loyd,Leeann,"Blue Moon Grand Cru",1523101381
12,"Black Horse",Floyd,Julie,Jay,Lizzie,"Spring Blonde Wheat Ale",1517855955
13,"Callahan's Place",Teri,Edwin,Amparo,Shawn,Huadan,1536248194
14,"Callahan's Place",Teri,Edwin,Amparo,Shawn,"Agave Nectar Ale",1536248194
15,"The Grasshopper",Earline,Raul,Gerardo,Renae,Starobrno,1538442395
16,"The Grasshopper",Earline,Raul,Gerardo,Renae,"Cinnamon Horchata Ale",1538442395
17,"The Grasshopper",Earline,Raul,Gerardo,Renae,Hoegaarden,1538442395
18,"The Eolian",Verna,Lela,Collin,Eddy,"Chai Spiced Ale",1538908273
19,"Gateway Inn",Cathryn,Mariano,Selena,Jacquelyn,"Lone Star",1544223118
20,"Gateway Inn",Cathryn,Mariano,Selena,Jacquelyn,"Cinnamon Horchata Ale",1544223118
21,"Gateway Inn",Cathryn,Mariano,Selena,Jacquelyn,"Burger Sliders",1544223118
22,"The Bamboo Lounge",Bradford,Dorothea,Ella,Alexander,Brahma,1523128820
23,"The Bamboo Lounge",Bradford,Dorothea,Ella,Alexander,"Chicken Wings",1523128820
24,"The Bamboo Lounge",Bradford,Dorothea,Ella,Alexander,Brahma,1523128820
25,"Y Deri Arms",Loretta,Tommy,Adeline,Hillary,"French Fries",1525742454
26,"Y Deri Arms",Loretta,Tommy,Adeline,Hillary,"Agave Nectar Ale",1525742454
27,"Mulberry Street Bar",Brain,Suzanne,Jay,Jeri,"Four Peaks",1520328542
28,"Scarlet Raven Tavern",Frederick,Kellie,Marlin,Tabitha,Beerlao,1530737008
29,"The Blue Oyster Bar",Clement,Britney,Dwayne,Brian,"Nut Brown Ale",1533673922
30,"The Blue Oyster Bar",Clement,Britney,Dwayne,Brian,"Chicken Wings",1533673922
31,"The Blue Oyster Bar",Clement,Britney,Dwayne,Brian,Kronenbourg,1533673922
32,"Mulberry Street Bar",Benny,Cornelia,Wendell,Cornelius,"Devils Backbone Brewing Company",1533631407
33,"Gateway Inn",Bonnie,Nathan,Guillermo,Felicia,Carlsberg,1544120263
34,"Gateway Inn",Bonnie,Nathan,Guillermo,Felicia,"Sunshine Citrus Blonde",1544120263
35,"The Eolian",Susanna,Summer,Gena,Leonardo,Skol,1514954413
36,"Scarlet Raven Tavern",Melba,Cruz,Errol,Freddie,"Past Blue Ribbon",1515201556
37,"The Blue Oyster Bar",Ella,Alexander,Monika,Alexandra,"Labatt Family",1517983970
38,"The Blue Oyster Bar",Ella,Alexander,Monika,Alexandra,"Cappuccino Oatmeal Stout",1517983970
39,"Mulberry Street Bar",Clement,Britney,Rickie,Pansy,"Spring Blonde Wheat Ale",1519941950
40,"Mulberry Street Bar",Clement,Britney,Rickie,Pansy,Pizza,1519941950
41,"Mulberry Street Bar",Clement,Britney,Rickie,Pansy,"Onion Rings",1519941950
42,"Callahan's Place",Irene,Marc,Terrell,Shelia,Singo,1541515178
43,"Callahan's Place",Irene,Marc,Terrell,Shelia,1664,1541515178
44,"Callahan's Place",Irene,Marc,Terrell,Shelia,"Stag Beer",1541515178
45,"The Lizard's Head",Ricky,Clarissa,Stan,Gregorio,"Schmidt’s Premium Beer",1543765946
46,"The Lizard's Head",Ricky,Clarissa,Stan,Gregorio,"Tiger Beer",1543765946
47,"The Lizard's Head",Ricky,Clarissa,Stan,Gregorio,"Cocoa Brown Ale",1543765946
48,"The Blue Oyster Bar",Gale,Anthony,Monika,Alexandra,Belle,1541572918
49,"The Blue Oyster Bar",Gale,Anthony,Monika,Alexandra,"Stag Beer",1541572918
50,"The Bamboo Lounge",Michaela,Clair,Janine,Aline,Chernihivske,1515376106
51,"The Bamboo Lounge",Michaela,Clair,Janine,Aline,"Nut Brown Ale",1515376106
52,"The Bamboo Lounge",Michaela,Clair,Janine,Aline,Chernihivske,1515376106
53,"Black Horse",Gena,Leonardo,Fredrick,Cary,"Cheese Fries",1541423923
54,"Black Horse",Gena,Leonardo,Fredrick,Cary,"Pearl Lager Beer",1541423923
55,"Black Horse",Gena,Leonardo,Fredrick,Cary,"Pearl Lager Beer",1541423923
56,"Mulberry Street Bar",Josefa,Dorothy,Wilma,Sebastian,"Spiced Amber Ale",1543929684
57,McGinty's,Jon,Neil,Loyd,Leeann,"Chai Spiced Ale",1518042289
58,McGinty's,Jon,Neil,Loyd,Leeann,Baltika,1518042289
59,"Scarlet Raven Tavern",Lucia,Wendell,Stewart,Jeremy,"Labatt Family",1525704443
60,"Scarlet Raven Tavern",Lucia,Wendell,Stewart,Jeremy,"Tiger Beer",1525704443
61,McGinty's,Mary,Jasmin,Samuel,Emilio,"Burger Sliders",1538706467
62,McGinty's,Mary,Jasmin,Samuel,Emilio,"Grilled Cheese",1538706467
63,McGinty's,Mary,Jasmin,Samuel,Emilio,Lav,1538706467
64,"The Bamboo Lounge",Karl,Marcy,Janine,Aline,"French Fries",1530998574
65,"The Bamboo Lounge",Karl,Marcy,Janine,Aline,"Peanut Butter Ale",1530998574
66,"Thunderbrew Distillery",Loyd,Leeann,Alison,Edith,Beck’s,1519940399
67,"Thunderbrew Distillery",Loyd,Leeann,Alison,Edith,"Chai Spiced Ale",1519940399
68,"The Blue Oyster Bar",Candice,Lydia,Elaine,Wilmer,"Onion Rings",1530854229
69,"The Blue Oyster Bar",Candice,Lydia,Elaine,Wilmer,"Grilled Cheese",1530854229
70,"The Blue Oyster Bar",Candice,Lydia,Elaine,Wilmer,Pizza,1530854229
71,"The Grasshopper",Rogelio,Jewel,Thurman,Leeann,"Summer Honey Wheat Ale",1544178451
72,"The Grasshopper",Rogelio,Jewel,Thurman,Leeann,"Sunshine Citrus Blonde",1544178451
73,"Scarlet Raven Tavern",Lacey,Jasmin,Clint,Iris,"Stag Beer",1544123320
74,"Scarlet Raven Tavern",Lacey,Jasmin,Clint,Iris,Nachos,1544123320
75,"Scarlet Raven Tavern",Lacey,Jasmin,Clint,Iris,"Mountain Abbey Ale",1544123320
76,"The Lizard's Head",Kenny,Luisa,Landon,Janell,Grimbergen,1536146565
77,"The Cat & Fiddle",Silvia,Reed,Alberta,Jacqueline,"Past Blue Ribbon",1538819233
78,"The Cat & Fiddle",Silvia,Reed,Alberta,Jacqueline,"Cheese Fries",1538819233
79,"The Cat & Fiddle",Silvia,Reed,Alberta,Jacqueline,"Belgian Table Pils",1538819233
80,"The Bamboo Lounge",Travis,Brandon,Margaret,Berta,Hamburger,1544035250
81,"Callahan's Place",Lakeisha,Cecilia,Ruthie,Clinton,Stroh’s,1538859545
82,"Callahan's Place",Lakeisha,Cecilia,Ruthie,Clinton,Feldschlösschen,1538859545
83,"Callahan's Place",Lakeisha,Cecilia,Ruthie,Clinton,"House Salad",1538859545
84,"Gateway Inn",James,Estella,Rosalind,Anna,"Schmidt’s Premium Beer",1541148997
85,"Gateway Inn",James,Estella,Rosalind,Anna,Corona,1541148997
86,"Thunderbrew Distillery",Rex,Raymond,Collin,Diana,"Blue Moon Pale Ale",1517969821
87,"Thunderbrew Distillery",Rex,Raymond,Collin,Diana,Ochota,1517969821
88,"The Eolian",Marlon,Vicki,Trent,Colby,"Agave Nectar Ale",1538948610
89,"The Eolian",Marlon,Vicki,Trent,Colby,"Chicken Fingers",1538948610
90,"The Eolian",Francisco,Amos,Melba,Leanna,"Schmidt’s Premium Beer",1538429283
91,"The Eolian",Francisco,Amos,Melba,Leanna,"Golden Road",1538429283
92,"The Eolian",Francisco,Amos,Melba,Leanna,Shenyang,1538429283
93,"The Blue Oyster Bar",Mariana,Diego,Monika,Alexandra,"Onion Rings",1515318499
94,"The Blue Oyster Bar",Mariana,Diego,Monika,Alexandra,"Belgian Table Pils",1515318499
95,"The Blue Oyster Bar",Mariana,Diego,Monika,Alexandra,Busch,1515318499
96,"Gateway Inn",Eileen,Jeannette,Claudia,Alisha,"Belgian Table Pils",1536423712
97,"Gateway Inn",Eileen,Jeannette,Claudia,Alisha,Nachos,1536423712
98,"The Blue Oyster Bar",Stephan,Rory,Fredrick,Stacy,"Curly Fries",1528131322
99,"The Blue Oyster Bar",Stephan,Rory,Fredrick,Stacy,"Blackberry Tart Ale",1528131322
100,"The Bamboo Lounge",Leo,Goldie,Janine,Aline,"Chai Spiced Ale",1525747712
101,"Scarlet Raven Tavern",Stephanie,Mohammad,Ron,Camilla,"Bud Light",1533624959
102,"Scarlet Raven Tavern",Stephanie,Mohammad,Ron,Camilla,"Nut Brown Ale",1533624959
103,"Scarlet Raven Tavern",Stephanie,Mohammad,Ron,Camilla,"Karbach Brewing Company",1533624959
104,"Mulberry Street Bar",Russell,Adelaide,Wilma,Sebastian,"Spiced Amber Ale",1538661463
105,"Mulberry Street Bar",Russell,Adelaide,Wilma,Sebastian,"Lone Star",1538661463
106,"Mulberry Street Bar",Russell,Adelaide,Wilma,Sebastian,Skol,1538661463
107,"The Blue Oyster Bar",Angelica,Luisa,Barry,Gussie,Huadan,1543700420
108,"The Blue Oyster Bar",Angelica,Luisa,Barry,Gussie,"Labatt Family",1543700420
109,"The Lizard's Head",Quentin,Henrietta,Millie,Conrad,"Onion Rings",1536254500
110,"The Lizard's Head",Quentin,Henrietta,Millie,Conrad,"Nut Brown Ale",1536254500
111,"Mulberry Street Bar",Leticia,Jeremiah,Christy,Doyle,Lav,1544009462
112,"Mulberry Street Bar",Leticia,Jeremiah,Christy,Doyle,Budweiser,1544009462
113,"Mulberry Street Bar",Leticia,Jeremiah,Christy,Doyle,Baltika,1544009462
114,"Gateway Inn",Ilene,Enrique,Dianna,Hollis,"Peanut Butter Ale",1541455447
115,"Pedro McKinnon",Kathie,Carter,Blake,Marlene,"Dos Equis XX",1522757032
116,"Pedro McKinnon",Kathie,Carter,Blake,Marlene,Skol,1522757032
117,"The Grasshopper",Deloris,Erin,Arron,Ora,Bosman,1528013520
118,"Thunderbrew Distillery",Kirby,Theodore,Alison,Edith,"Grilled Cheese",1525243808
119,"The Blue Oyster Bar",Carly,Kendall,Brian,Booker,"Spiced Amber Ale",1530679067
120,"The Blue Oyster Bar",Carly,Kendall,Brian,Booker,"Raspberry Cream Ale",1530679067
121,"Pedro McKinnon",Maryanne,Erin,Latisha,Araceli,"Belgian Table Pils",1520132765
122,"Black Horse",Avery,Tanya,Sierra,Addie,"Blue Sword",1541338638
123,"Black Horse",Avery,Tanya,Sierra,Addie,"Chicken Sandwich",1541338638
124,"Black Horse",Avery,Tanya,Sierra,Addie,Pizza,1541338638
125,"Scarlet Raven Tavern",Maria,Pansy,Freddie,Elba,"Mozzarella Sticks",1535943878
126,"The Grasshopper",Johnathon,Barbara,Tanisha,Rosalinda,"Cinnamon Horchata Ale",1522798587
127,"The Blue Oyster Bar",Gwendolyn,Larry,Dwayne,Brian,"Spiced Amber Ale",1530995111
128,"The Blue Oyster Bar",Gwendolyn,Larry,Dwayne,Brian,"Curly Fries",1530995111
129,"The Blue Oyster Bar",Gwendolyn,Larry,Dwayne,Brian,"Farmhouse Red Ale",1530995111
130,"The Eolian",Imogene,Mary,Bobbi,Vilma,"Rounder Belgian",1530765191
131,"The Eolian",Imogene,Mary,Bobbi,Vilma,"Chicken Wings",1530765191
132,"Black Horse",Greg,Ron,Alexander,Javier,Corona,1535835904
133,"Black Horse",Greg,Ron,Alexander,Javier,Carlsberg,1535835904
134,"Scarlet Raven Tavern",Eduardo,Shelley,Blanche,Doug,Pizza,1533590720
135,"The Blue Oyster Bar",Candice,Lydia,Luis,Roxanne,Nachos,1517590028
136,"Mulberry Street Bar",Christian,Ernesto,Willard,Irving,"Devils Backbone Brewing Company",1517916440
137,"Mulberry Street Bar",Christian,Ernesto,Willard,Irving,Huadan,1517916440
138,"The Cat & Fiddle",Avery,Larry,Edward,Derek,"Green Leaves",1528394557
139,"The Cat & Fiddle",Avery,Larry,Edward,Derek,"Past Blue Ribbon",1528394557
140,"The Cat & Fiddle",Avery,Larry,Edward,Derek,Feldschlösschen,1528394557
141,"The Cat & Fiddle",Christie,Carroll,Tamara,Luann,"Chicken Sandwich",1533651080
142,"Black Horse",Latonya,Beverly,Jay,Lizzie,"French Fries",1536242781
143,"Black Horse",Latonya,Beverly,Jay,Lizzie,Pizza,1536242781
144,"Black Horse",Latonya,Beverly,Jay,Lizzie,"Curly Fries",1536242781
145,"Pedro McKinnon",Sherri,Charlotte,Christian,Ernesto,BLT,1520435088
146,"Pedro McKinnon",Sherri,Charlotte,Christian,Ernesto,"Cocoa Brown Ale",1520435088
147,"Pedro McKinnon",Sherri,Charlotte,Christian,Ernesto,"Spiced Amber Ale",1520435088
148,"The Blue Oyster Bar",Ella,Alexander,Mandy,Malinda,"Special Brew",1538973068
149,"Y Deri Arms",Cole,Quincy,Nicholas,Lelia,"Newcastle Brown Ale",1536053173
150,"Y Deri Arms",Dolly,Dudley,Jeff,Angelia,"House Salad",1518001575
151,"Y Deri Arms",Dolly,Dudley,Jeff,Angelia,Amstel,1518001575
152,"Y Deri Arms",Dolly,Dudley,Jeff,Angelia,"Blackberry Tart Ale",1518001575
153,"Mulberry Street Bar",Basil,Dorthy,Annie,Evangelina,Cheeseburger,1515323678
154,"Gateway Inn",Dwayne,Erwin,Carroll,Darrin,"Cheese Fries",1517853884
155,"Gateway Inn",Dwayne,Erwin,Carroll,Darrin,"Blue Moon Pale Ale",1517853884
156,"The Grasshopper",Nelson,Leona,Thurman,Leeann,Zagorka,1538941245
157,"The Grasshopper",Nelson,Leona,Thurman,Leeann,Cheeseburger,1538941245
158,"The Blue Oyster Bar",Candice,Lydia,Dwayne,Brian,"Belgian Table Pils",1531001746
159,"Mulberry Street Bar",Salvatore,Isidro,Rickie,Pansy,Baltika,1525249122
160,"The Blue Oyster Bar",Angelica,Luisa,Barry,Gussie,Skol,1530483239
161,"The Eolian",Clyde,Noelle,Jami,Jade,"Summer Honey Wheat Ale",1515187859
162,"The Eolian",Clyde,Noelle,Jami,Jade,Corona,1515187859
163,"The Eolian",Clyde,Noelle,Jami,Jade,"Dos Equis XX",1515187859
164,"The Cat & Fiddle",Floyd,Julie,Ruth,Trisha,"Blue Moon Grand Cru",1530771596
165,"The Cat & Fiddle",Floyd,Julie,Ruth,Trisha,"Stag Beer",1530771596
166,"The Cat & Fiddle",Floyd,Julie,Ruth,Trisha,"Tiger Beer",1530771596
167,"The Eolian",Wilfred,Kermit,Collin,Eddy,"Rainer Beer",1520374569
168,"The Bamboo Lounge",Judy,Natasha,Margaret,Berta,Amstel,1536263999
169,"The Bamboo Lounge",Judy,Natasha,Margaret,Berta,Beck’s,1536263999
170,"The Bamboo Lounge",Judy,Natasha,Margaret,Berta,Zagorka,1536263999
171,"Scarlet Raven Tavern",Jesse,Gena,Ross,Emanuel,Beerlao,1541678490
172,"Gateway Inn",Landon,Kathrine,Heriberto,Etta,"Blue Moon",1525632638
173,"Callahan's Place",Joe,Dexter,Ned,Christina,"Heineken Lager Beer",1536165546
174,McGinty's,Vicky,Susan,Flossie,Josh,Ochota,1536234360
175,McGinty's,Vicky,Susan,Flossie,Josh,Amstel,1536234360
176,"Gateway Inn",Carson,Allison,Guillermo,Felicia,Ochota,1517923151
177,"The Cat & Fiddle",Edna,Rena,Ross,Betty,"Schaefer Beer",1525398052
178,"The Cat & Fiddle",Edna,Rena,Ross,Betty,"National Bohemian Beer",1525398052
179,"Gateway Inn",Leigh,Cornell,Millicent,Bret,Feldschlösschen,1533364078
180,"Callahan's Place",Lorenzo,Monique,Terrell,Shelia,"Valencia Amber Ale",1544108161
181,"The Cat & Fiddle",Tabatha,Gerald,Alberta,Jacqueline,"Mountain Abbey Ale",1544144702
182,"The Cat & Fiddle",Tabatha,Gerald,Alberta,Jacqueline,"French Fries",1544144702
183,"The Blue Oyster Bar",Vivian,Alba,Brigitte,Davis,Bosman,1544112187
184,"The Blue Oyster Bar",Vivian,Alba,Brigitte,Davis,"Chicken Sandwich",1544112187
185,"Y Deri Arms",Eula,Tommy,Nicholas,Lelia,"Newcastle Brown Ale",1517760464
186,"Scarlet Raven Tavern",Melba,Cruz,Errol,Freddie,Feldschlösschen,1533463557
187,"Pedro McKinnon",Fred,Doreen,Christian,Ernesto,Chernihivske,1518042204
188,"The Lizard's Head",Louisa,Jenny,Deirdre,Helga,"Farmhouse Red Ale",1517841588
189,"The Grasshopper",Nelson,Leona,Gerardo,Renae,"French Fries",1517574635
190,"The Grasshopper",Nelson,Leona,Gerardo,Renae,"French Fries",1517574635
191,"Gateway Inn",Roslyn,Sasha,Guillermo,Felicia,Shenyang,1520347287
192,"The Blue Oyster Bar",Rosario,Edna,Luis,Roxanne,"French Fries",1535950107
193,"The Blue Oyster Bar",Rosario,Edna,Luis,Roxanne,"Jalapeno Poppers",1535950107
194,"The Blue Oyster Bar",Rosario,Edna,Luis,Roxanne,Belle,1535950107
195,"The Blue Oyster Bar",Rhoda,Donald,Fredrick,Stacy,BLT,1525461385
196,"The Blue Oyster Bar",Rhoda,Donald,Fredrick,Stacy,Shenyang,1525461385
197,"The Cat & Fiddle",Barry,Gussie,Tamara,Luann,Beck’s,1518016380
198,"Mulberry Street Bar",Kermit,Frederic,Wendell,Cornelius,Beerlao,1536269373
199,"The Grasshopper",Maribel,Jennie,Juana,Cory,Zagorka,1538825049
200,"The Grasshopper",Maribel,Jennie,Juana,Cory,"Bud Light",1538825049
201,"The Grasshopper",Maribel,Jennie,Juana,Cory,Bosman,1538825049
202,McGinty's,Dave,Liz,Donna,Bettye,"Cappuccino Oatmeal Stout",1515041945
203,"The Blue Oyster Bar",Dirk,Randolph,Ulysses,Luisa,"Raspberry Cream Ale",1520251519
204,"The Blue Oyster Bar",Dirk,Randolph,Ulysses,Luisa,"Elysian Brewing Company",1520251519
205,"Gateway Inn",Stella,Matt,Carroll,Darrin,"Raspberry Cream Ale",1533495012
206,"Gateway Inn",Stella,Matt,Carroll,Darrin,Reuben,1533495012
207,McGinty's,Tamra,Alvaro,Gabrielle,Marva,Singo,1520068213
208,"Thunderbrew Distillery",Geri,Milton,Clair,Kelli,"Blue Moon Pale Ale",1525711859
209,"The Blue Oyster Bar",Alberta,Jacqueline,Monika,Alexandra,"Elysian Brewing Company",1520373266
210,"The Blue Oyster Bar",Alberta,Jacqueline,Monika,Alexandra,"Blackberry Tart Ale",1520373266
211,"The Blue Oyster Bar",Alberta,Jacqueline,Monika,Alexandra,"Lakeport Brewing beer range",1520373266
212,"The Eolian",Elijah,Andres,Josefa,Dorothy,"Curly Fries",1520346427
213,"Gateway Inn",Guy,Leslie,Dianna,Hollis,"Mozzarella Sticks",1522956149
214,"The Bamboo Lounge",Patsy,Miranda,Janine,Aline,Amstel,1525686955
215,"The Bamboo Lounge",Patsy,Miranda,Janine,Aline,Reuben,1525686955
216,"The Bamboo Lounge",Ernesto,Deloris,Bernadette,Lloyd,Leffe,1525326741
217,"The Bamboo Lounge",Ernesto,Deloris,Bernadette,Lloyd,"Chai Spiced Ale",1525326741
218,"The Bamboo Lounge",Ernesto,Deloris,Bernadette,Lloyd,"Farmhouse Red Ale",1525326741
219,"The Lizard's Head",Antionette,Edith,Archie,Rosa,"Belgian Table Pils",1523142642
220,"Mulberry Street Bar",Jesse,Gena,Willard,Irving,"Spring Blonde Wheat Ale",1525599071
221,"Gateway Inn",Eileen,Jeannette,Claudia,Alisha,"Blue Moon Grand Cru",1520466685
222,"The Blue Oyster Bar",Cole,Jesse,Monika,Alexandra,Huadan,1525677458
223,"The Blue Oyster Bar",Cole,Jesse,Monika,Alexandra,Belle,1525677458
224,"The Blue Oyster Bar",Stephan,Rory,Monika,Alexandra,Pizza,1530935719
225,"Thunderbrew Distillery",Terrance,Virgie,Collin,Diana,"White IPA",1541536752
226,"Thunderbrew Distillery",Terrance,Virgie,Collin,Diana,"Devils Backbone Brewing Company",1541536752
227,"The Bamboo Lounge",Bert,Chandra,Judy,Natasha,Hamburger,1533469179
228,"The Bamboo Lounge",Bert,Chandra,Judy,Natasha,"Harvest Pumpkin Ale",1533469179
229,"The Blue Oyster Bar",Mariana,Diego,Brigitte,Davis,"Harvest Pumpkin Ale",1530878683
230,"Gateway Inn",Emilia,Eldon,Rosalind,Anna,"Blue Moon Grand Cru",1535846111
231,"Gateway Inn",Emilia,Eldon,Rosalind,Anna,"Rounder Belgian",1535846111
232,"The Lizard's Head",Joesph,Brianna,Archie,Rosa,Largo,1523134898
233,"The Lizard's Head",Joesph,Brianna,Archie,Rosa,"Nut Brown Ale",1523134898
234,"The Lizard's Head",Joesph,Brianna,Archie,Rosa,"Green Leaves",1523134898
235,"Scarlet Raven Tavern",Eduardo,Shelley,Freddie,Elba,"Chicken Fingers",1535915813
236,"Scarlet Raven Tavern",Eduardo,Shelley,Freddie,Elba,"Grilled Cheese",1535915813
237,"Scarlet Raven Tavern",Eduardo,Shelley,Freddie,Elba,Ochota,1535915813
238,"The Cat & Fiddle",Rosalyn,Phil,Ruth,Trisha,"Green Leaves",1536116586
239,"The Cat & Fiddle",Rosalyn,Phil,Ruth,Trisha,Baltika,1536116586
240,"Callahan's Place",Leona,Elena,Darnell,Carmela,"Sunshine Citrus Blonde",1523134852
241,"The Cat & Fiddle",Gilberto,Jacklyn,Tamara,Luann,"National Bohemian Beer",1525641540
242,"Scarlet Raven Tavern",Raphael,Bill,Gilbert,Mara,Zagorka,1536015277
243,"The Cat & Fiddle",Oliver,Patricia,Jimmy,Concepcion,"Grilled Cheese",1533271860
244,"The Cat & Fiddle",Oliver,Patricia,Jimmy,Concepcion,Murphy’s,1533271860
245,McGinty's,Eddy,Dana,Flossie,Josh,"Cheese Fries",1528270341
246,"Black Horse",Chrystal,Stuart,Fredrick,Cary,Carlsberg,1530813414
247,"Black Horse",Chrystal,Stuart,Fredrick,Cary,"Special Brew",1530813414
248,"The Grasshopper",Minnie,Sadie,Thurman,Leeann,Pizza,1520386038
249,"Pedro McKinnon",Noelle,Marsha,Rhea,Efrain,"Bud Light",1515191549
250,"The Grasshopper",Berta,Rocio,Gerardo,Renae,Beerlao,1519965674
251,"Mulberry Street Bar",Leticia,Jeremiah,Willard,Irving,Budweiser,1515188052
252,"Scarlet Raven Tavern",Toni,Roseann,Ron,Camilla,Feldschlösschen,1538933024
253,"Scarlet Raven Tavern",Toni,Roseann,Ron,Camilla,Feldschlösschen,1538933024
254,"The Eolian",Wiley,Clarissa,Kenny,Thurman,"Spring Blonde Wheat Ale",1536316667
255,"Scarlet Raven Tavern",Darryl,Toni,Marlin,Tabitha,Cheeseburger,1520205314
256,"Scarlet Raven Tavern",Darryl,Toni,Marlin,Tabitha,Beck’s,1520205314
257,"Scarlet Raven Tavern",Darryl,Toni,Marlin,Tabitha,"Jalapeno Poppers",1520205314
258,"Thunderbrew Distillery",Claude,Miles,Felicia,Alba,"Buffalo Wings",1522937358
259,"Thunderbrew Distillery",Claude,Miles,Felicia,Alba,Ochota,1522937358
260,"Mulberry Street Bar",Wallace,Terrell,Wendell,Cornelius,"Spring Blonde Wheat Ale",1528386100
261,"Mulberry Street Bar",Wallace,Terrell,Wendell,Cornelius,"Golden Road",1528386100
262,"Black Horse",Greg,Ron,Manuela,Roslyn,"Goose Island Brewery",1520366705
263,"Black Horse",Greg,Ron,Manuela,Roslyn,"Chai Spiced Ale",1520366705
264,"Black Horse",Greg,Ron,Manuela,Roslyn,"Farmhouse Red Ale",1520366705
265,"The Blue Oyster Bar",Jake,Trisha,Barry,Gussie,Ochota,1535888479
266,"The Blue Oyster Bar",Jake,Trisha,Barry,Gussie,Kronenbourg,1535888479
267,"The Blue Oyster Bar",Jake,Trisha,Barry,Gussie,"Chicken Sandwich",1535888479
268,"The Eolian",Thurman,Cornelia,Bobbi,Vilma,"Karbach Brewing Company",1538734223
269,"The Eolian",Thurman,Cornelia,Bobbi,Vilma,Leffe,1538734223
270,"The Eolian",Thurman,Cornelia,Bobbi,Vilma,"Cocoa Brown Ale",1538734223
271,"The Grasshopper",Isabelle,Eloise,Deirdre,Suzanne,Budweiser,1538719451
272,"The Lizard's Head",Ricky,Clarissa,Landon,Janell,Brahma,1522945403
273,"The Lizard's Head",Ricky,Clarissa,Landon,Janell,Singo,1522945403
274,"The Eolian",Verna,Lela,Josefa,Dorothy,"Dos Equis XX",1530868483
275,"The Blue Oyster Bar",Darius,Darren,Monika,Alexandra,"Elysian Brewing Company",1518028896
276,"The Eolian",Amelia,Faye,Melva,Ella,Reuben,1530668964
277,"The Eolian",Amelia,Faye,Melva,Ella,"Golden Road",1530668964
278,"The Eolian",Amelia,Faye,Melva,Ella,"Valencia Amber Ale",1530668964
279,McGinty's,Gretchen,Tonia,Pansy,Brendan,Kronenbourg,1541543215
280,McGinty's,Gretchen,Tonia,Pansy,Brendan,"Goose Island Brewery",1541543215
281,McGinty's,Gretchen,Tonia,Pansy,Brendan,"Labatt Family",1541543215
282,"Callahan's Place",Ruthie,Clinton,Willa,Antoine,"Kokanee beers",1530745004
283,"Callahan's Place",Ruthie,Clinton,Willa,Antoine,"Heineken Lager Beer",1530745004
284,"Callahan's Place",Ruthie,Clinton,Willa,Antoine,"Lakeport Brewing beer range",1530745004
285,"Thunderbrew Distillery",Bonita,Joanna,Rhea,Leila,Nachos,1517693111
286,"Thunderbrew Distillery",Bonita,Joanna,Rhea,Leila,"Rounder Belgian",1517693111
287,"Mulberry Street Bar",Mara,Karin,Heather,Juan,"Karbach Brewing Company",1538524591
288,"Mulberry Street Bar",Mara,Karin,Heather,Juan,"Spiced Amber Ale",1538524591
289,"The Blue Oyster Bar",Alberta,Jacqueline,Brian,Booker,Baltika,1536033730
290,"The Blue Oyster Bar",Alberta,Jacqueline,Brian,Booker,Belle,1536033730
291,"Black Horse",Vance,Gus,Manuela,Roslyn,BLT,1528298912
292,"Black Horse",Vance,Gus,Manuela,Roslyn,"Chai Spiced Ale",1528298912
293,"The Eolian",Edna,Rena,Trent,Colby,"Karbach Brewing Company",1523206539
294,"The Eolian",Edna,Rena,Trent,Colby,"Karbach Brewing Company",1523206539
295,"The Eolian",Edna,Rena,Trent,Colby,"Buffalo Wings",1523206539
296,"Gateway Inn",Ulysses,Luisa,Rosalind,Anna,Ochota,1527882593
297,"Gateway Inn",Ulysses,Luisa,Rosalind,Anna,"Dos Equis XX",1527882593
298,"Scarlet Raven Tavern",Christie,Carroll,Blanche,Doug,"Past Blue Ribbon",1533558163
299,"Scarlet Raven Tavern",Christie,Carroll,Blanche,Doug,Zagorka,1533558163
300,"Scarlet Raven Tavern",Christie,Carroll,Blanche,Doug,"Colt 45",1533558163
301,"Gateway Inn",Roslyn,Sasha,Dianna,Hollis,Corona,1517923690
302,"The Grasshopper",Andy,Kendall,Brittany,Kristi,Quesadillas,1533488045
303,"The Grasshopper",Andy,Kendall,Brittany,Kristi,"Cinnamon Horchata Ale",1533488045
304,McGinty's,Katina,Tommie,Jake,Doretha,"Cheese Fries",1517844001
305,McGinty's,Katina,Tommie,Jake,Doretha,"Lakeport Brewing beer range",1517844001
306,"Mulberry Street Bar",Vince,Lilia,Margot,Jami,"Burger Sliders",1544296610
307,"The Cat & Fiddle",Sylvia,Elias,Carla,Horace,"Labatt Family",1515175699
308,"The Cat & Fiddle",Sylvia,Elias,Carla,Horace,Cheeseburger,1515175699
309,"The Cat & Fiddle",Sylvia,Elias,Carla,Horace,"French Fries",1515175699
310,McGinty's,Tricia,Carey,Donna,Bettye,"Lakeport Brewing beer range",1541325690
311,"Scarlet Raven Tavern",Melba,Cruz,Clint,Iris,"Farmhouse Red Ale",1517860355
312,"Thunderbrew Distillery",Alexander,Reggie,Daisy,Ursula,Belle,1541370327
313,"Thunderbrew Distillery",Alexander,Reggie,Daisy,Ursula,"Pearl Lager Beer",1541370327
314,"Mulberry Street Bar",Nell,Bette,Janis,Matthew,"Four Peaks",1541364237
315,"Mulberry Street Bar",Nell,Bette,Janis,Matthew,"Spiced Amber Ale",1541364237
316,"Mulberry Street Bar",Nell,Bette,Janis,Matthew,"Grilled Cheese",1541364237
317,"The Lizard's Head",Kenny,Luisa,Amie,Javier,"Heineken Lager Beer",1538520904
318,"The Lizard's Head",Kenny,Luisa,Amie,Javier,"Mozzarella Sticks",1538520904
319,"The Lizard's Head",Kenny,Luisa,Amie,Javier,"Belgian Table Pils",1538520904
320,"The Blue Oyster Bar",Candace,Noelle,Fredrick,Stacy,"Blue Moon Grand Cru",1536156169
321,"The Blue Oyster Bar",Candace,Noelle,Fredrick,Stacy,"Onion Rings",1536156169
322,"Scarlet Raven Tavern",Eduardo,Shelley,Marlin,Tabitha,"Past Blue Ribbon",1538723081
323,"Scarlet Raven Tavern",Eduardo,Shelley,Marlin,Tabitha,Zagorka,1538723081
324,"Scarlet Raven Tavern",Eduardo,Shelley,Marlin,Tabitha,"Bread Sticks",1538723081
325,"The Lizard's Head",Annie,Ann,Kaitlin,Loyd,"Newcastle Brown Ale",1536375557
326,"Pedro McKinnon",George,Vilma,Gayla,Genaro,"Stag Beer",1538696792
327,"Pedro McKinnon",George,Vilma,Gayla,Genaro,"Belgian Table Pils",1538696792
328,"Pedro McKinnon",George,Vilma,Gayla,Genaro,"Jalapeno Poppers",1538696792
329,"Scarlet Raven Tavern",Stella,Matt,Errol,Freddie,Bosman,1515170180
330,"Thunderbrew Distillery",Deirdre,Suzanne,Rhea,Leila,Bosman,1520172066
331,"Thunderbrew Distillery",Deirdre,Suzanne,Rhea,Leila,"Peanut Butter Ale",1520172066
332,"The Lizard's Head",Vicky,Susan,Greg,Angeline,"Farmhouse Red Ale",1541519048
333,"The Lizard's Head",Vicky,Susan,Greg,Angeline,"Belgian Table Pils",1541519048
334,"The Blue Oyster Bar",Isaiah,Corrine,Luis,Roxanne,"Valencia Amber Ale",1533304746
335,"The Blue Oyster Bar",Isaiah,Corrine,Luis,Roxanne,"Curly Fries",1533304746
336,"Scarlet Raven Tavern",Greta,Alta,Freddie,Elba,Beerlao,1520021990
337,"Scarlet Raven Tavern",Greta,Alta,Freddie,Elba,"Golden Road",1520021990
338,"The Cat & Fiddle",Antoine,Noe,Carla,Horace,Snow,1536184573
339,"The Cat & Fiddle",Antoine,Noe,Carla,Horace,Cruzcampo,1536184573
340,"The Cat & Fiddle",Antoine,Noe,Carla,Horace,"Jalapeno Poppers",1536184573
341,"The Cat & Fiddle",Ross,Betty,Ruth,Trisha,Leffe,1528141846
342,"The Cat & Fiddle",Ross,Betty,Ruth,Trisha,"French Fries",1528141846
343,"The Cat & Fiddle",Ross,Betty,Ruth,Trisha,"Sunshine Citrus Blonde",1528141846
344,"Thunderbrew Distillery",Stephanie,Mohammad,Clair,Kelli,Stroh’s,1528398569
345,"Thunderbrew Distillery",Stephanie,Mohammad,Clair,Kelli,"Schmidt’s Premium Beer",1528398569
346,"Thunderbrew Distillery",Stephanie,Mohammad,Clair,Kelli,"Peanut Butter Ale",1528398569
347,"Mulberry Street Bar",Deanne,Casey,Wilma,Sebastian,"Burger Sliders",1543901885
348,"Mulberry Street Bar",Deanne,Casey,Wilma,Sebastian,"Four Peaks",1543901885
349,"Scarlet Raven Tavern",Kenneth,Savannah,Stewart,Jeremy,"House Salad",1538938292
350,"Scarlet Raven Tavern",Kenneth,Savannah,Stewart,Jeremy,"Summer Honey Wheat Ale",1538938292
351,"Gateway Inn",Rogelio,Jewel,Carroll,Darrin,Reuben,1544029888
352,"Gateway Inn",Rogelio,Jewel,Carroll,Darrin,"Birra Moretti",1544029888
353,"Gateway Inn",Rogelio,Jewel,Carroll,Darrin,"Dos Equis XX",1544029888
354,"Gateway Inn",Lou,Francisco,Heriberto,Etta,Brahma,1515353070
355,"Gateway Inn",Lou,Francisco,Heriberto,Etta,"Rounder Belgian",1515353070
356,"Gateway Inn",Lou,Francisco,Heriberto,Etta,"Cinnamon Horchata Ale",1515353070
357,"Mulberry Street Bar",Pamela,Stacy,Willard,Irving,"Alexander Keith&#8217;s beer range",1515270984
358,"Callahan's Place",Loretta,Tommy,Darnell,Carmela,Hoegaarden,1536355209
359,"Callahan's Place",Loretta,Tommy,Darnell,Carmela,Hamburger,1536355209
360,"Callahan's Place",Loretta,Tommy,Darnell,Carmela,"Pearl Lager Beer",1536355209
361,"Pedro McKinnon",Gabriel,Lily,Blake,Marlene,"Chai Spiced Ale",1538533113
362,"Pedro McKinnon",Gabriel,Lily,Blake,Marlene,"Tiger Beer",1538533113
363,"Pedro McKinnon",Gabriel,Lily,Blake,Marlene,"Chicken Wings",1538533113
364,"The Bamboo Lounge",Monique,Hung,Bernadette,Lloyd,"Goose Island Brewery",1520039996
365,"The Bamboo Lounge",Monique,Hung,Bernadette,Lloyd,Carlsberg,1520039996
366,"The Grasshopper",Etta,Pablo,Deirdre,Suzanne,Starobrno,1538704444
367,"The Grasshopper",Etta,Pablo,Deirdre,Suzanne,"Bread Sticks",1538704444
368,"The Grasshopper",Etta,Pablo,Deirdre,Suzanne,"Sunshine Citrus Blonde",1538704444
369,"The Blue Oyster Bar",Ronald,Alonzo,Fredrick,Stacy,Nachos,1528151220
370,"The Blue Oyster Bar",Ronald,Alonzo,Fredrick,Stacy,"Mountain Abbey Ale",1528151220
371,"The Grasshopper",Trent,Wm,Tanisha,Rosalinda,"Kokanee beers",1530642383
372,"The Grasshopper",Trent,Wm,Tanisha,Rosalinda,"Mozzarella Sticks",1530642383
373,"The Bamboo Lounge",Quentin,Henrietta,Margaret,Berta,"Past Blue Ribbon",1517918528
374,"The Bamboo Lounge",Quentin,Henrietta,Margaret,Berta,Pan,1517918528
375,"The Bamboo Lounge",Quentin,Henrietta,Margaret,Berta,"Schmidt’s Premium Beer",1517918528
376,"Scarlet Raven Tavern",Cody,Roy,Stewart,Jeremy,"Golden Road",1536337179
377,"Scarlet Raven Tavern",Cody,Roy,Stewart,Jeremy,"French Fries",1536337179
378,"Scarlet Raven Tavern",Cody,Roy,Stewart,Jeremy,Beck’s,1536337179
379,"The Eolian",Carroll,Leland,Bobbi,Vilma,Skol,1525456702
380,"Scarlet Raven Tavern",Randi,Terra,Ross,Emanuel,"Onion Rings",1531019195
381,"Scarlet Raven Tavern",Randi,Terra,Ross,Emanuel,"Mountain Abbey Ale",1531019195
382,"Scarlet Raven Tavern",Randi,Terra,Ross,Emanuel,"Special Brew",1531019195
383,"Scarlet Raven Tavern",Ron,Bruno,Ross,Emanuel,"Past Blue Ribbon",1515435096
384,"Scarlet Raven Tavern",Ron,Bruno,Ross,Emanuel,"Nut Brown Ale",1515435096
385,"Scarlet Raven Tavern",Ron,Bruno,Ross,Emanuel,Feldschlösschen,1515435096
386,"The Bamboo Lounge",Kathie,Bernard,Judy,Natasha,Amstel,1520278710
387,"The Bamboo Lounge",Kathie,Bernard,Judy,Natasha,"Onion Rings",1520278710
388,"The Bamboo Lounge",Kathie,Bernard,Judy,Natasha,Jacobsen,1520278710
389,"The Eolian",Wm,Susan,Monika,Jeremy,"Chicken Fingers",1544014798
390,"The Eolian",Wm,Susan,Monika,Jeremy,Star,1544014798
391,"The Eolian",Wm,Susan,Monika,Jeremy,"Chicken Wings",1544014798
392,"The Grasshopper",Andy,Kendall,Kitty,Chase,"Devils Backbone Brewing Company",1515374188
393,"The Grasshopper",Andy,Kendall,Kitty,Chase,Zagorka,1515374188
394,"The Bamboo Lounge",Karl,Marcy,Janine,Aline,"Blue Sword",1520429266
395,"The Bamboo Lounge",Sebastian,Fanny,Ella,Alexander,"Curly Fries",1528403286
396,"The Blue Oyster Bar",Candice,Lydia,Mandy,Malinda,Grimbergen,1541705928
397,"The Blue Oyster Bar",Candice,Lydia,Mandy,Malinda,"House Salad",1541705928
398,"Thunderbrew Distillery",Fredrick,Stacy,Delmar,Polly,Chili,1518098696
399,"Thunderbrew Distillery",Fredrick,Stacy,Delmar,Polly,"Buffalo Wings",1518098696
400,"Thunderbrew Distillery",Fredrick,Stacy,Delmar,Polly,"Peanut Butter Ale",1518098696
401,McGinty's,Amparo,Shawn,Samuel,Emilio,Busch,1530731918
402,McGinty's,Amparo,Shawn,Samuel,Emilio,"French Fries",1530731918
403,McGinty's,Amparo,Shawn,Samuel,Emilio,"Labatt Family",1530731918
404,"Pedro McKinnon",Kent,Jamie,Rhea,Efrain,"Mountain Abbey Ale",1530821694
405,"Pedro McKinnon",Kent,Jamie,Rhea,Efrain,"Devils Backbone Brewing Company",1530821694
406,"Pedro McKinnon",Kent,Jamie,Rhea,Efrain,Nachos,1530821694
407,"The Grasshopper",Nelson,Leona,Kitty,Chase,"Cheese Fries",1523137342
408,"Scarlet Raven Tavern",Greta,Alta,Errol,Freddie,"Caramel Apple Spiced Ale",1538742039
409,"Scarlet Raven Tavern",Greta,Alta,Errol,Freddie,"Colt 45",1538742039
410,"Gateway Inn",Jimmy,Concepcion,Carroll,Darrin,"Summer Honey Wheat Ale",1528225515
411,"Gateway Inn",Jimmy,Concepcion,Carroll,Darrin,Reuben,1528225515
412,"Gateway Inn",Jimmy,Concepcion,Carroll,Darrin,Reuben,1528225515
413,McGinty's,Leticia,Jeremiah,Shane,Reynaldo,"Goose Island Brewery",1544114297
414,McGinty's,Leticia,Jeremiah,Shane,Reynaldo,"Gingerbread Spiced Ale",1544114297
415,McGinty's,Leticia,Jeremiah,Shane,Reynaldo,Hamburger,1544114297
416,"The Bamboo Lounge",Bert,Chandra,Janine,Aline,Nachos,1528385865
417,"The Bamboo Lounge",Bert,Chandra,Janine,Aline,Skol,1528385865
418,"The Cat & Fiddle",Tabatha,Gerald,Tamara,Luann,"Schmidt’s Premium Beer",1515339057
419,"The Grasshopper",Deloris,Erin,Arron,Ora,"Cheese Fries",1522738626
420,"Gateway Inn",Martha,Ed,Carroll,Darrin,Carlsberg,1528228098
421,"Black Horse",Erika,Cora,Fredrick,Cary,"Chicken Fingers",1522928043
422,"Black Horse",Mamie,Lashonda,Xavier,Elisha,Corona,1523110168
423,"Black Horse",Mamie,Lashonda,Xavier,Elisha,Baltika,1523110168
424,"Black Horse",Mamie,Lashonda,Xavier,Elisha,"Grilled Cheese",1523110168
425,"Mulberry Street Bar",Landon,Janell,Annie,Evangelina,"Golden Road",1531011740
426,"Mulberry Street Bar",Landon,Janell,Annie,Evangelina,"Schmidt’s Premium Beer",1531011740
427,"Callahan's Place",Bruno,Neva,Willa,Antoine,"Elysian Brewing Company",1525460894
428,"Thunderbrew Distillery",Jodie,Patrice,Marlin,Winfred,Corona,1536249236
429,"The Eolian",Chuck,Homer,Josefa,Dorothy,"Special Brew",1515237489
430,"The Eolian",Chuck,Homer,Josefa,Dorothy,"Chai Spiced Ale",1515237489
431,"The Eolian",Chuck,Homer,Josefa,Dorothy,Quesadillas,1515237489
432,"Thunderbrew Distillery",Gussie,Hugo,Daisy,Ursula,"Special Brew",1528146730
433,"Thunderbrew Distillery",Gussie,Hugo,Daisy,Ursula,Quesadillas,1528146730
434,"The Grasshopper",Earline,Raul,Deirdre,Suzanne,"Spiced Amber Ale",1541432676
435,"Pedro McKinnon",Rex,Raymond,Gayla,Genaro,Nachos,1520229532
436,"Scarlet Raven Tavern",Claude,Maryanne,Clint,Iris,Bosman,1515262094
437,"Scarlet Raven Tavern",Claude,Maryanne,Clint,Iris,"Summer Honey Wheat Ale",1515262094
438,"The Bamboo Lounge",Jami,Jade,Ella,Alexander,"Past Blue Ribbon",1544130612
439,"The Bamboo Lounge",Jami,Jade,Ella,Alexander,"Chicken Fingers",1544130612
440,"The Bamboo Lounge",Jami,Jade,Ella,Alexander,"Harvest Pumpkin Ale",1544130612
441,"The Eolian",Shari,Joey,Kenny,Thurman,"Chicken Wings",1533684281
442,"The Eolian",Shari,Joey,Kenny,Thurman,Jacobsen,1533684281
443,"Y Deri Arms",Eula,Tommy,Terrie,Garland,"Onion Rings",1544085429
444,"Y Deri Arms",Eula,Tommy,Terrie,Garland,"Chicken Fingers",1544085429
445,"The Cat & Fiddle",Judith,Philip,Alberta,Jacqueline,Murphy’s,1528307007
446,"The Cat & Fiddle",Judith,Philip,Alberta,Jacqueline,Leffe,1528307007
447,"The Cat & Fiddle",Judith,Philip,Alberta,Jacqueline,Largo,1528307007
448,"The Cat & Fiddle",Rosario,Edna,Alberta,Jacqueline,Cruzcampo,1530918404
449,"The Cat & Fiddle",Rosario,Edna,Alberta,Jacqueline,Skol,1530918404
450,"The Bamboo Lounge",Lorraine,Sheila,Margaret,Berta,Budweiser,1517902268
451,McGinty's,Joesph,Brianna,Donna,Bettye,Pizza,1535993415
452,McGinty's,Joesph,Brianna,Donna,Bettye,Stroh’s,1535993415
453,McGinty's,Joesph,Brianna,Donna,Bettye,Busch,1535993415
454,"The Blue Oyster Bar",Darius,Darren,Brigitte,Davis,"Blue Moon Grand Cru",1528284162
455,"The Blue Oyster Bar",Darius,Darren,Brigitte,Davis,"Grilled Cheese",1528284162
456,"The Eolian",Lula,Antony,Collin,Eddy,"Buffalo Wings",1523111609
457,"The Eolian",Lula,Antony,Collin,Eddy,"Pearl Lager Beer",1523111609
458,"The Eolian",Lula,Antony,Collin,Eddy,"Pearl Lager Beer",1523111609
459,"The Lizard's Head",Joesph,Brianna,Lindsay,Fern,Carlsberg,1538910194
460,"Y Deri Arms",Teri,Edwin,Gladys,Gale,Chernihivske,1541619842
461,"Scarlet Raven Tavern",Jake,Trisha,Errol,Freddie,Pizza,1536153391
462,"Y Deri Arms",Leann,Erwin,Terrie,Garland,"Blackberry Tart Ale",1541521023
463,"The Bamboo Lounge",Monique,Hung,Arthur,Ismael,Huadan,1514848912
464,McGinty's,Mable,Ebony,Pansy,Brendan,"Lakeport Brewing beer range",1520362583
465,McGinty's,Mable,Ebony,Pansy,Brendan,"Goose Island Brewery",1520362583
466,McGinty's,Mable,Ebony,Pansy,Brendan,"Bread Sticks",1520362583
467,"The Blue Oyster Bar",Angelica,Luisa,Mandy,Malinda,"Mountain Abbey Ale",1544276945
468,McGinty's,Doreen,Jerome,Lucile,Ivan,"Blue Moon Pale Ale",1518116124
469,McGinty's,Doreen,Jerome,Lucile,Ivan,"Burger Sliders",1518116124
470,McGinty's,Doreen,Jerome,Lucile,Ivan,"Mountain Abbey Ale",1518116124
471,"The Lizard's Head",Vilma,Marsha,Millie,Conrad,Snow,1528310063
472,"The Lizard's Head",Vilma,Marsha,Millie,Conrad,Singo,1528310063
473,"The Lizard's Head",Vilma,Marsha,Millie,Conrad,"Summer Honey Wheat Ale",1528310063
474,"The Cat & Fiddle",Dirk,Randolph,Carla,Horace,"Schmidt’s Premium Beer",1515192921
475,"Pedro McKinnon",Eula,Tommy,Rhea,Efrain,Reuben,1522921299
476,"The Lizard's Head",Ricky,Clarissa,Deirdre,Helga,"Burger Sliders",1533521622
477,"The Lizard's Head",Ricky,Clarissa,Deirdre,Helga,"Blue Moon",1533521622
478,McGinty's,Doreen,Jerome,Pansy,Brendan,"Blue Moon Grand Cru",1544184411
479,McGinty's,Doreen,Jerome,Pansy,Brendan,Nachos,1544184411
480,McGinty's,Doreen,Jerome,Pansy,Brendan,Stroh’s,1544184411
481,"Thunderbrew Distillery",Garland,Carmella,Felicia,Alba,"Schmidt’s Premium Beer",1515156035
482,"Thunderbrew Distillery",Garland,Carmella,Felicia,Alba,"Pearl Lager Beer",1515156035
483,"Thunderbrew Distillery",Garland,Carmella,Felicia,Alba,Beck’s,1515156035
484,"Gateway Inn",Eileen,Jeannette,Selena,Jacquelyn,"Mozzarella Sticks",1520475620
485,"Gateway Inn",Eileen,Jeannette,Selena,Jacquelyn,Hamburger,1520475620
486,"The Eolian",Francisco,Amos,Melba,Leanna,"Golden Road",1527887374
487,"The Eolian",Francisco,Amos,Melba,Leanna,Cheeseburger,1527887374
488,"The Eolian",Edna,Rena,Jami,Jade,Corona,1541494863
489,"The Eolian",Edna,Rena,Jami,Jade,"Grilled Cheese",1541494863
490,"The Cat & Fiddle",Monroe,Flossie,Buddy,Camille,"Past Blue Ribbon",1533664957
491,"The Blue Oyster Bar",Vivian,Alba,Monika,Alexandra,Busch,1515299392
492,"Black Horse",Tabatha,Gerald,Hannah,Cathleen,"Valencia Amber Ale",1525809473
493,"Black Horse",Mamie,Lashonda,Reynaldo,Weldon,"Birra Moretti",1517661637
494,"Black Horse",Mamie,Lashonda,Reynaldo,Weldon,"Grilled Cheese",1517661637
495,"Black Horse",Mamie,Lashonda,Reynaldo,Weldon,"Onion Rings",1517661637
496,"Mulberry Street Bar",Alexandria,Sharron,Jay,Jeri,Belle,1523015643
497,"The Bamboo Lounge",Shannon,Tami,Bernadette,Lloyd,Chili,1514961303
498,"The Grasshopper",Mara,Karin,Donny,Melinda,"Pearl Lager Beer",1520359964
499,"The Grasshopper",Mara,Karin,Donny,Melinda,Quesadillas,1520359964
500,"The Grasshopper",Mara,Karin,Donny,Melinda,"Chicken Fingers",1520359964
501,"Mulberry Street Bar",Basil,Dorthy,Jay,Jeri,"Karbach Brewing Company",1523006011
502,"Mulberry Street Bar",Basil,Dorthy,Jay,Jeri,Murphy’s,1523006011
503,"Mulberry Street Bar",Basil,Dorthy,Jay,Jeri,Kronenbourg,1523006011
504,"Mulberry Street Bar",Tabatha,Keri,Janis,Matthew,"Tiger Beer",1541349361
505,"The Eolian",Trevor,Clarence,Josefa,Dorothy,"French Fries",1533580465
506,"The Eolian",Trevor,Clarence,Josefa,Dorothy,"French Fries",1533580465
507,"The Eolian",Trevor,Clarence,Josefa,Dorothy,Corona,1533580465
508,"Black Horse",Gilberto,Jacklyn,Fredrick,Cary,"Blue Moon Pale Ale",1528211275
509,"Black Horse",Gilberto,Jacklyn,Fredrick,Cary,Bosman,1528211275
510,"The Grasshopper",Flossie,Josh,Donny,Melinda,Hoegaarden,1538835208
511,"The Grasshopper",Flossie,Josh,Donny,Melinda,"Bud Light",1538835208
512,"The Eolian",Deanne,Casey,Collin,Eddy,"Chicken Wings",1530936916
513,"The Eolian",Deanne,Casey,Collin,Eddy,"Gingerbread Spiced Ale",1530936916
514,"The Eolian",Deanne,Casey,Collin,Eddy,"Golden Road",1530936916
515,"Thunderbrew Distillery",Loyd,Leeann,Rhea,Leila,"Buffalo Wings",1541301798
516,"The Grasshopper",Emilia,Teresa,Chase,Tyrone,"Pearl Lager Beer",1533723594
517,"The Lizard's Head",Joesph,Brianna,Millie,Conrad,"Grilled Cheese",1536196969
518,"Y Deri Arms",Leann,Erwin,Jeff,Angelia,Beck’s,1538921454
519,"Y Deri Arms",Leann,Erwin,Jeff,Angelia,Zagorka,1538921454
520,"Callahan's Place",Lorenzo,Monique,Willa,Antoine,"Green Leaves",1517822356
521,"The Lizard's Head",Alexander,Reggie,Stan,Gregorio,"Rainer Beer",1538411029
522,"Pedro McKinnon",Scot,Felicia,Christian,Ernesto,Starobrno,1536373102
523,"Scarlet Raven Tavern",Kristopher,Myron,Marlin,Tabitha,"Farmhouse Red Ale",1525518647
524,"Scarlet Raven Tavern",Kristopher,Myron,Marlin,Tabitha,"Mozzarella Sticks",1525518647
525,"The Eolian",Lela,Marlin,Jami,Jade,Cheeseburger,1517918042
526,"The Eolian",Lela,Marlin,Jami,Jade,Skol,1517918042
527,"The Grasshopper",Andy,Kendall,Kitty,Chase,"Peanut Butter Ale",1544185999
528,"The Grasshopper",Andy,Kendall,Kitty,Chase,"Dos Equis XX",1544185999
529,"Gateway Inn",Samuel,Emilio,Dianna,Hollis,"Burger Sliders",1522976948
530,"Gateway Inn",Leigh,Cornell,Selena,Jacquelyn,"Heineken Lager Beer",1520450619
531,"Gateway Inn",Leigh,Cornell,Selena,Jacquelyn,"Buffalo Wings",1520450619
532,"Gateway Inn",Leigh,Cornell,Selena,Jacquelyn,Ochota,1520450619
533,"Mulberry Street Bar",Wallace,Terrell,Janis,Matthew,Huadan,1517780389
534,"Mulberry Street Bar",Wallace,Terrell,Janis,Matthew,"Bud Light",1517780389
535,McGinty's,Mason,Bette,Donna,Bettye,"Buffalo Wings",1533383606
536,McGinty's,Mason,Bette,Donna,Bettye,"Bud Light",1533383606
537,"The Lizard's Head",Alyssa,Daniel,Sybil,Vanessa,Brahma,1543916766
538,"The Lizard's Head",Alyssa,Daniel,Sybil,Vanessa,Cheeseburger,1543916766
539,"The Lizard's Head",Alyssa,Daniel,Sybil,Vanessa,"Tiger Beer",1543916766
540,"Mulberry Street Bar",Alexandria,Sharron,Janis,Matthew,Brahma,1543983923
541,"Mulberry Street Bar",Alexandria,Sharron,Janis,Matthew,Cruzcampo,1543983923
542,"Y Deri Arms",Don,Sidney,Nelson,Kristina,Beck’s,1536156121
543,"Mulberry Street Bar",Hallie,Frankie,Wilma,Sebastian,"Schmidt’s Premium Beer",1535991030
544,"Mulberry Street Bar",Hallie,Frankie,Wilma,Sebastian,"Tiger Beer",1535991030
545,"The Lizard's Head",Kirby,Theodore,Stan,Gregorio,Zagorka,1541108899
546,"The Lizard's Head",Kirby,Theodore,Stan,Gregorio,Brahma,1541108899
547,"The Lizard's Head",Doreen,Jerome,Greg,Angeline,"Past Blue Ribbon",1536261883
548,"The Lizard's Head",Doreen,Jerome,Greg,Angeline,"Raspberry Cream Ale",1536261883
549,"The Eolian",Lela,Marlin,Trent,Colby,"Grilled Cheese",1544299291
550,"The Eolian",Lela,Marlin,Trent,Colby,"Agave Nectar Ale",1544299291
551,"The Eolian",Lela,Marlin,Trent,Colby,Kronenbourg,1544299291
552,"Callahan's Place",Monika,Alexandra,Dena,Carolyn,Singo,1514997589
553,"Callahan's Place",Monika,Alexandra,Dena,Carolyn,Quesadillas,1514997589
554,"Callahan's Place",Monika,Alexandra,Dena,Carolyn,"Bud Light",1514997589
555,"The Cat & Fiddle",Erika,Cora,Buddy,Camille,Cheeseburger,1518091367
556,"The Cat & Fiddle",Sylvia,Elias,Ervin,Crystal,"French Fries",1533200807
557,"The Cat & Fiddle",Sylvia,Elias,Ervin,Crystal,"Buffalo Wings",1533200807
558,McGinty's,Vicky,Susan,Samuel,Emilio,Corona,1515083603
559,McGinty's,Jon,Neil,Lucile,Ivan,Cruzcampo,1528450222
560,McGinty's,Jon,Neil,Lucile,Ivan,Quesadillas,1528450222
561,McGinty's,Jon,Neil,Lucile,Ivan,Lav,1528450222
562,"Mulberry Street Bar",Rhoda,Donald,Christy,Doyle,"Summer Honey Wheat Ale",1525545092
563,"Mulberry Street Bar",Rhoda,Donald,Christy,Doyle,Beerlao,1525545092
564,"Mulberry Street Bar",Rhoda,Donald,Christy,Doyle,Belle,1525545092
565,"Pedro McKinnon",Alex,Maryellen,Jordan,Wanda,"Tiger Beer",1519935508
566,"Pedro McKinnon",Alex,Maryellen,Jordan,Wanda,"House Salad",1519935508
567,"The Bamboo Lounge",Leo,Goldie,Bernadette,Lloyd,"Chai Spiced Ale",1525354374
568,"Mulberry Street Bar",Carlton,Sheryl,Wilma,Sebastian,"White IPA",1515054824
569,"Mulberry Street Bar",Carlton,Sheryl,Wilma,Sebastian,Hamburger,1515054824
570,"Mulberry Street Bar",Carlton,Sheryl,Wilma,Sebastian,"Cappuccino Oatmeal Stout",1515054824
571,"Gateway Inn",Addie,Trudy,Carroll,Darrin,"Blue Moon Pale Ale",1522958904
572,"Scarlet Raven Tavern",Lela,Mabel,Errol,Freddie,Pizza,1522938522
573,"Scarlet Raven Tavern",Lela,Mabel,Errol,Freddie,"Farmhouse Red Ale",1522938522
574,"Scarlet Raven Tavern",Lela,Mabel,Errol,Freddie,Bosman,1522938522
575,"The Cat & Fiddle",Melanie,Genaro,Justina,Heather,"Blue Moon Grand Cru",1538830880
576,"The Cat & Fiddle",Melanie,Genaro,Justina,Heather,"Buffalo Wings",1538830880
577,"The Cat & Fiddle",Melanie,Genaro,Justina,Heather,Baltika,1538830880
578,"Gateway Inn",Alison,Jon,Dianna,Hollis,Pizza,1530878304
579,"Scarlet Raven Tavern",Althea,Kathie,Blanche,Doug,Zagorka,1544099007
580,"Gateway Inn",Avery,Larry,Rosalind,Anna,"Raspberry Cream Ale",1514906327
581,"The Bamboo Lounge",Ashley,Wilbur,Bernadette,Lloyd,"Harvest Pumpkin Ale",1528038064
582,"The Bamboo Lounge",Ashley,Wilbur,Bernadette,Lloyd,Hamburger,1528038064
583,"The Bamboo Lounge",Karl,Marcy,Roslyn,Sasha,Jacobsen,1528187119
584,"The Bamboo Lounge",Karl,Marcy,Roslyn,Sasha,Huadan,1528187119
585,"The Bamboo Lounge",Karl,Marcy,Roslyn,Sasha,"Birra Moretti",1528187119
586,"The Cat & Fiddle",Heriberto,Etta,Buddy,Camille,"Buffalo Wings",1541630145
587,"The Cat & Fiddle",Heriberto,Etta,Buddy,Camille,"Schmidt’s Premium Beer",1541630145
588,"The Cat & Fiddle",Heriberto,Etta,Buddy,Camille,Feldschlösschen,1541630145
589,"The Lizard's Head",Amparo,Shawn,Stan,Gregorio,Hoegaarden,1543713314
590,"The Lizard's Head",Amparo,Shawn,Stan,Gregorio,Huadan,1543713314
591,"Black Horse",Vickie,Daryl,Trenton,Houston,"Jalapeno Poppers",1536109981
592,"The Blue Oyster Bar",Alberta,Jacqueline,Monika,Alexandra,"Mountain Abbey Ale",1523110489
593,"The Blue Oyster Bar",Alberta,Jacqueline,Monika,Alexandra,"Grilled Cheese",1523110489
594,"Thunderbrew Distillery",Alexander,Clare,Rhea,Leila,"Devils Backbone Brewing Company",1522811330
595,"Thunderbrew Distillery",Alexander,Clare,Rhea,Leila,"Jalapeno Poppers",1522811330
596,"The Bamboo Lounge",Monique,Hung,Janine,Aline,Brahma,1525735620
597,"The Bamboo Lounge",Monique,Hung,Janine,Aline,Bosman,1525735620
598,"The Bamboo Lounge",Monique,Hung,Janine,Aline,"Curly Fries",1525735620
599,"The Eolian",Deanne,Cortney,Collin,Eddy,Jacobsen,1517996617
600,"The Eolian",Deanne,Cortney,Collin,Eddy,"Buffalo Wings",1517996617
601,"The Eolian",Deanne,Cortney,Collin,Eddy,Feldschlösschen,1517996617
602,McGinty's,Cristina,Dollie,Gabrielle,Marva,"Burger Sliders",1520032764
603,McGinty's,Cristina,Dollie,Gabrielle,Marva,Quesadillas,1520032764
604,McGinty's,Cristina,Dollie,Gabrielle,Marva,Amstel,1520032764
605,"The Blue Oyster Bar",Clement,Britney,Ulysses,Luisa,"Cappuccino Oatmeal Stout",1541415646
606,"The Blue Oyster Bar",Clement,Britney,Ulysses,Luisa,Nachos,1541415646
607,"The Blue Oyster Bar",Clement,Britney,Ulysses,Luisa,Ochota,1541415646
608,"Thunderbrew Distillery",Loyd,Leeann,Felicia,Alba,"Colt 45",1536171390
609,"The Bamboo Lounge",Quentin,Henrietta,Bernadette,Lloyd,Nachos,1533240177
610,"The Bamboo Lounge",Quentin,Henrietta,Bernadette,Lloyd,Quesadillas,1533240177
611,"Mulberry Street Bar",Josefa,Dorothy,Annie,Evangelina,Lav,1523155146
612,"Mulberry Street Bar",Josefa,Dorothy,Annie,Evangelina,"Chai Spiced Ale",1523155146
613,"The Eolian",Latanya,Fabian,Kenny,Thurman,"Rainer Beer",1518053953
614,"The Blue Oyster Bar",Samuel,Emilio,Dwayne,Brian,Leffe,1536313904
615,"The Blue Oyster Bar",Samuel,Emilio,Dwayne,Brian,"Raspberry Cream Ale",1536313904
616,"The Blue Oyster Bar",Samuel,Emilio,Dwayne,Brian,"Jalapeno Poppers",1536313904
617,"Thunderbrew Distillery",Kermit,Frederic,Alison,Edith,"Valencia Amber Ale",1527878518
618,"Thunderbrew Distillery",Kermit,Frederic,Alison,Edith,Nachos,1527878518
619,"Callahan's Place",Teri,Edwin,Jim,Lincoln,Shenyang,1541116613
620,"Callahan's Place",Teri,Edwin,Jim,Lincoln,Brahma,1541116613
621,"Callahan's Place",Teri,Edwin,Jim,Lincoln,"Pearl Lager Beer",1541116613
622,"Mulberry Street Bar",Wallace,Terrell,Wilma,Sebastian,"White IPA",1538670430
623,"Mulberry Street Bar",Wallace,Terrell,Wilma,Sebastian,"Schmidt’s Premium Beer",1538670430
624,"Mulberry Street Bar",Wallace,Terrell,Wilma,Sebastian,"Grilled Cheese",1538670430
625,"Gateway Inn",Blake,Marlene,Rosalind,Anna,"Schmidt’s Premium Beer",1543725836
626,"Gateway Inn",Blake,Marlene,Rosalind,Anna,"Blue Moon",1543725836
627,"Callahan's Place",Adan,Leonor,Dena,Carolyn,Chili,1543870513
628,"Callahan's Place",Adan,Leonor,Dena,Carolyn,"Sunshine Citrus Blonde",1543870513
629,"Callahan's Place",Adan,Leonor,Dena,Carolyn,Beck’s,1543870513
630,"The Blue Oyster Bar",Gale,Anthony,Fredrick,Stacy,Pizza,1528206824
631,"The Blue Oyster Bar",Gale,Anthony,Fredrick,Stacy,"Farmhouse Red Ale",1528206824
632,"Pedro McKinnon",Demetrius,Reynaldo,Mark,Caitlin,"Bread Sticks",1528386517
633,"Pedro McKinnon",Demetrius,Reynaldo,Mark,Caitlin,Grimbergen,1528386517
634,"The Grasshopper",Deloris,Erin,Arron,Ora,"Cinnamon Horchata Ale",1541209527
635,"The Grasshopper",Deloris,Erin,Arron,Ora,"Peanut Butter Ale",1541209527
636,"The Grasshopper",Deloris,Erin,Arron,Ora,Hoegaarden,1541209527
637,"The Cat & Fiddle",Tabatha,Gerald,Jimmy,Concepcion,"Raspberry Cream Ale",1520087794
638,"The Cat & Fiddle",Tabatha,Gerald,Jimmy,Concepcion,Brahma,1520087794
639,"The Cat & Fiddle",Tabatha,Gerald,Jimmy,Concepcion,"French Fries",1520087794
640,"The Eolian",Imogene,Mary,Jami,Jade,"Birra Moretti",1536168042
641,"The Eolian",Imogene,Mary,Jami,Jade,1664,1536168042
642,"The Eolian",Imogene,Mary,Jami,Jade,"French Fries",1536168042
643,"Callahan's Place",Lorenzo,Monique,Owen,Sherri,"Devils Backbone Brewing Company",1514996536
644,"The Blue Oyster Bar",Mariana,Diego,Mandy,Malinda,"Lakeport Brewing beer range",1520452977
645,"The Blue Oyster Bar",Mariana,Diego,Mandy,Malinda,Chili,1520452977
646,"The Blue Oyster Bar",Mariana,Diego,Mandy,Malinda,Baltika,1520452977
647,McGinty's,Abbie,Don,Lucile,Ivan,Jacobsen,1528487760
648,"The Grasshopper",Berta,Rocio,Kitty,Chase,Budweiser,1530965335
649,"The Grasshopper",Berta,Rocio,Kitty,Chase,"Heineken Lager Beer",1530965335
650,"The Grasshopper",Berta,Rocio,Kitty,Chase,"Alexander Keith&#8217;s beer range",1530965335
651,"Gateway Inn",Tom,Antoinette,Guillermo,Felicia,"Birra Moretti",1528311182
652,"Gateway Inn",Tom,Antoinette,Guillermo,Felicia,"Onion Rings",1528311182
653,"Gateway Inn",Tom,Antoinette,Guillermo,Felicia,Shenyang,1528311182
654,"The Grasshopper",Tabatha,Keri,Chase,Tyrone,"Peanut Butter Ale",1536417075
655,"Black Horse",Mamie,Lashonda,Manuela,Roslyn,Corona,1517939329
656,"Thunderbrew Distillery",Santiago,Millicent,Charles,Kristine,"Devils Backbone Brewing Company",1522685110
657,"The Blue Oyster Bar",Errol,Edythe,Brian,Booker,"Jalapeno Poppers",1530719566
658,"The Blue Oyster Bar",Errol,Edythe,Brian,Booker,Baltika,1530719566
659,"The Grasshopper",Melba,Cruz,Chase,Tyrone,"French Fries",1544209030
660,"The Grasshopper",Melba,Cruz,Chase,Tyrone,"Spiced Amber Ale",1544209030
661,"The Bamboo Lounge",Kathie,Bernard,Roslyn,Sasha,"White IPA",1520204393
662,"Y Deri Arms",Eula,Tommy,Nelson,Kristina,"Onion Rings",1522960157
663,"Y Deri Arms",Eula,Tommy,Nelson,Kristina,"Cocoa Brown Ale",1522960157
664,"Y Deri Arms",Eula,Tommy,Nelson,Kristina,Feldschlösschen,1522960157
665,"The Eolian",Latanya,Fabian,Melva,Ella,"Chai Spiced Ale",1525370547
666,"The Eolian",Latanya,Fabian,Melva,Ella,"National Bohemian Beer",1525370547
667,"The Lizard's Head",Louisa,Jenny,Landon,Janell,"Lone Star",1520225042
668,"The Lizard's Head",Louisa,Jenny,Landon,Janell,Skol,1520225042
669,"The Lizard's Head",Louisa,Jenny,Landon,Janell,Zagorka,1520225042
670,"The Blue Oyster Bar",Lenora,Tracey,Dwayne,Brian,"Chicken Wings",1530986930
671,"The Blue Oyster Bar",Lenora,Tracey,Dwayne,Brian,Belle,1530986930
672,"The Blue Oyster Bar",Alberta,Jacqueline,Dwayne,Brian,"Elysian Brewing Company",1541628556
673,"The Blue Oyster Bar",Alberta,Jacqueline,Dwayne,Brian,"Lakeport Brewing beer range",1541628556
674,"The Grasshopper",Cristina,Dollie,Arron,Ora,"Green Leaves",1520095242
675,"Pedro McKinnon",Rhea,Leila,Thurman,Cornelia,"Rounder Belgian",1533570683
676,"Gateway Inn",Olive,Kathi,Claudia,Alisha,"Agave Nectar Ale",1515402463
677,"Gateway Inn",Olive,Kathi,Claudia,Alisha,Stroh’s,1515402463
678,"Gateway Inn",Olive,Kathi,Claudia,Alisha,Ochota,1515402463
679,"The Grasshopper",Rogelio,Jewel,Thurman,Leeann,Star,1523086446
680,"The Grasshopper",Rogelio,Jewel,Thurman,Leeann,"Rounder Belgian",1523086446
681,"The Grasshopper",Rogelio,Jewel,Thurman,Leeann,"Special Brew",1523086446
682,"The Bamboo Lounge",Kristopher,Eloise,Roslyn,Sasha,"Nut Brown Ale",1533418045
683,"The Eolian",Sondra,Bettie,Josefa,Dorothy,"Summer Honey Wheat Ale",1544130296
684,"The Eolian",Sondra,Bettie,Josefa,Dorothy,Jacobsen,1544130296
685,"The Eolian",Sondra,Bettie,Josefa,Dorothy,Reuben,1544130296
686,"The Bamboo Lounge",Alana,Naomi,Ella,Alexander,"Birra Moretti",1523036953
687,"The Bamboo Lounge",Alana,Naomi,Ella,Alexander,Zagorka,1523036953
688,"The Bamboo Lounge",Alana,Naomi,Ella,Alexander,"Blue Sword",1523036953
689,"Black Horse",Floyd,Julie,Jay,Lizzie,Budweiser,1541529510
690,"Black Horse",Floyd,Julie,Jay,Lizzie,"Curly Fries",1541529510
691,"Black Horse",Floyd,Julie,Jay,Lizzie,"Newcastle Brown Ale",1541529510
692,"Callahan's Place",Aline,Nola,Ned,Christina,"Burger Sliders",1541448833
693,"Callahan's Place",Aline,Nola,Ned,Christina,Reuben,1541448833
694,"The Blue Oyster Bar",Gale,Anthony,Elaine,Wilmer,Ochota,1523028834
695,"The Blue Oyster Bar",Gale,Anthony,Elaine,Wilmer,"Blackberry Tart Ale",1523028834
696,"The Bamboo Lounge",Kathie,Bernard,Myrtle,Matthew,"Schmidt’s Premium Beer",1538993094
697,"The Grasshopper",Daisy,Amos,Arron,Ora,"Green Leaves",1522764113
698,"The Eolian",Wiley,Clarissa,Josefa,Dorothy,"Chicken Fingers",1533551154
699,"Black Horse",Tabatha,Gerald,Sierra,Addie,"Mozzarella Sticks",1522849265
700,"Black Horse",Tabatha,Gerald,Sierra,Addie,"Buffalo Wings",1522849265
701,"Black Horse",Tabatha,Gerald,Sierra,Addie,"Goose Island Brewery",1522849265
702,"Gateway Inn",Alison,Jon,Guillermo,Felicia,Baltika,1515281696
703,"Gateway Inn",Alison,Jon,Guillermo,Felicia,"Agave Nectar Ale",1515281696
704,"Gateway Inn",Alison,Jon,Guillermo,Felicia,"Spring Blonde Wheat Ale",1515281696
705,"Scarlet Raven Tavern",Lacy,Alberto,Stewart,Jeremy,"Past Blue Ribbon",1541617601
706,"Scarlet Raven Tavern",Lacy,Alberto,Stewart,Jeremy,"Labatt Family",1541617601
707,"Thunderbrew Distillery",Kenny,Luisa,Clair,Kelli,Nachos,1538942892
708,"The Blue Oyster Bar",Candice,Lydia,Barry,Gussie,"Raspberry Cream Ale",1519961090
709,"The Blue Oyster Bar",Candice,Lydia,Barry,Gussie,"Labatt Family",1519961090
710,"Thunderbrew Distillery",Gussie,Hugo,Clair,Kelli,"Stag Beer",1515359277
711,"The Eolian",Jami,Jade,Collin,Eddy,"Stag Beer",1544155122
712,"The Eolian",Jami,Jade,Collin,Eddy,"Kokanee beers",1544155122
713,"The Eolian",Jami,Jade,Collin,Eddy,"Rainer Beer",1544155122
714,"Gateway Inn",Dwayne,Brian,Brock,Gabriela,"Chicken Wings",1533456305
715,"Gateway Inn",Dwayne,Brian,Brock,Gabriela,"Mozzarella Sticks",1533456305
716,"The Grasshopper",Kaitlin,Loyd,Chase,Tyrone,"Belgian Table Pils",1536405122
717,"The Grasshopper",Kaitlin,Loyd,Chase,Tyrone,"Summer Honey Wheat Ale",1536405122
718,"The Grasshopper",Kaitlin,Loyd,Chase,Tyrone,"Kokanee beers",1536405122
719,"Scarlet Raven Tavern",Francine,Brandi,Ron,Camilla,Pizza,1525696436
720,"Scarlet Raven Tavern",Francine,Brandi,Ron,Camilla,"Heineken Lager Beer",1525696436
721,"The Cat & Fiddle",Vernon,Marco,Carla,Horace,BLT,1520301680
722,"The Cat & Fiddle",Vernon,Marco,Carla,Horace,"National Bohemian Beer",1520301680
723,"The Cat & Fiddle",Vernon,Marco,Carla,Horace,Pizza,1520301680
724,"Gateway Inn",Agustin,Mina,Dianna,Hollis,"Mozzarella Sticks",1517909019
725,"Gateway Inn",Agustin,Mina,Dianna,Hollis,Carlsberg,1517909019
726,"The Blue Oyster Bar",Gale,Anthony,Ulysses,Luisa,"Mountain Abbey Ale",1522979043
727,"The Blue Oyster Bar",Gale,Anthony,Ulysses,Luisa,"Blue Moon",1522979043
728,"The Blue Oyster Bar",Gale,Anthony,Ulysses,Luisa,"Schmidt’s Premium Beer",1522979043
729,"The Blue Oyster Bar",Staci,Barney,Fredrick,Stacy,Cruzcampo,1517785065
730,"The Blue Oyster Bar",Staci,Barney,Fredrick,Stacy,"Harvest Pumpkin Ale",1517785065
731,"The Blue Oyster Bar",Carly,Kendall,Luis,Roxanne,Grimbergen,1543773294
732,"The Blue Oyster Bar",Carly,Kendall,Luis,Roxanne,"Blue Moon Grand Cru",1543773294
733,"The Grasshopper",Shelia,Joel,Juana,Cory,"Heineken Lager Beer",1536273495
734,"The Grasshopper",Shelia,Joel,Juana,Cory,"Harvest Pumpkin Ale",1536273495
735,"The Blue Oyster Bar",Carly,Kendall,Brian,Booker,"Stag Beer",1520160138
736,"The Blue Oyster Bar",Carly,Kendall,Brian,Booker,"Farmhouse Red Ale",1520160138
737,"The Blue Oyster Bar",Carly,Kendall,Brian,Booker,Shenyang,1520160138
738,"The Grasshopper",Deloris,Erin,Deirdre,Suzanne,"Cheese Fries",1530768235
739,"The Grasshopper",Deloris,Erin,Deirdre,Suzanne,"Labatt Family",1530768235
740,"The Grasshopper",Deloris,Erin,Deirdre,Suzanne,"Belgian Table Pils",1530768235
741,"Scarlet Raven Tavern",Eduardo,Shelley,Gilbert,Mara,"Stella Artois",1517739064
742,"Scarlet Raven Tavern",Eduardo,Shelley,Gilbert,Mara,Cheeseburger,1517739064
743,"Scarlet Raven Tavern",Jasmine,Guadalupe,Ron,Camilla,Nachos,1544150211
744,"Scarlet Raven Tavern",Jasmine,Guadalupe,Ron,Camilla,"Stella Artois",1544150211
745,"The Bamboo Lounge",Karl,Marcy,Ella,Alexander,Hamburger,1536332840
746,"The Cat & Fiddle",Walter,Lucy,Ervin,Crystal,Ochota,1525223552
747,"The Cat & Fiddle",Walter,Lucy,Ervin,Crystal,"Jalapeno Poppers",1525223552
748,"The Lizard's Head",Tamra,Alvaro,Landon,Janell,"Chicken Wings",1528203464
749,"Callahan's Place",Leticia,Jeremiah,Darnell,Carmela,Huadan,1520477475
750,"Gateway Inn",Monty,Kerri,Carroll,Darrin,Busch,1533498140
751,"Callahan's Place",Shanna,Benita,Willa,Antoine,Shenyang,1541417996
752,"Callahan's Place",Shanna,Benita,Willa,Antoine,"Mountain Abbey Ale",1541417996
753,"The Blue Oyster Bar",Samuel,Emilio,Monika,Alexandra,Cruzcampo,1520406706
754,"The Blue Oyster Bar",Samuel,Emilio,Monika,Alexandra,"Alexander Keith&#8217;s beer range",1520406706
755,"The Blue Oyster Bar",Samuel,Emilio,Monika,Alexandra,"Curly Fries",1520406706
756,"Mulberry Street Bar",Stacie,Stella,Annie,Evangelina,"Blue Moon Pale Ale",1533633626
757,"Mulberry Street Bar",Stacie,Stella,Annie,Evangelina,"Schmidt’s Premium Beer",1533633626
758,"Mulberry Street Bar",Stacie,Stella,Annie,Evangelina,Murphy’s,1533633626
759,"Gateway Inn",Mark,Deidra,Carroll,Darrin,Baltika,1517840677
760,"Gateway Inn",Mark,Deidra,Carroll,Darrin,"Harvest Pumpkin Ale",1517840677
761,"Gateway Inn",Mark,Deidra,Carroll,Darrin,Largo,1517840677
762,"Thunderbrew Distillery",Rosa,Lilia,Marlin,Winfred,"Kokanee beers",1517925555
763,"Thunderbrew Distillery",Rosa,Lilia,Marlin,Winfred,Grimbergen,1517925555
764,"Thunderbrew Distillery",Rosa,Lilia,Marlin,Winfred,Shenyang,1517925555
765,"Pedro McKinnon",Shanna,Benita,Ophelia,Natalia,"Tiger Beer",1515441139
766,"Pedro McKinnon",Shanna,Benita,Ophelia,Natalia,Skol,1515441139
767,"Pedro McKinnon",Shanna,Benita,Ophelia,Natalia,"Jalapeno Poppers",1515441139
768,"Black Horse",Cara,Dianne,Manuela,Roslyn,"Newcastle Brown Ale",1530882253
769,"Black Horse",Cara,Dianne,Manuela,Roslyn,Corona,1530882253
770,"Pedro McKinnon",Arturo,Donovan,Mark,Caitlin,"Schmidt’s Premium Beer",1520368816
771,"Gateway Inn",Jimmy,Concepcion,Carroll,Darrin,Brahma,1541422896
772,"Gateway Inn",Jimmy,Concepcion,Carroll,Darrin,"Mozzarella Sticks",1541422896
773,"Callahan's Place",Cole,Quincy,Amparo,Shawn,Grimbergen,1517908597
774,"Callahan's Place",Cole,Quincy,Amparo,Shawn,Pizza,1517908597
775,"Callahan's Place",Cole,Quincy,Amparo,Shawn,"Schaefer Beer",1517908597
776,"Callahan's Place",Erma,Salvador,Terrell,Shelia,"Pearl Lager Beer",1517902601
777,"Callahan's Place",Erma,Salvador,Terrell,Shelia,Jacobsen,1517902601
778,"Callahan's Place",Erma,Salvador,Terrell,Shelia,Kronenbourg,1517902601
779,"Callahan's Place",Linda,Florine,Dena,Carolyn,"Blue Moon Grand Cru",1533398245
780,"The Eolian",Amelia,Faye,Jami,Jade,"Lone Star",1522985932
781,"Y Deri Arms",Millicent,Bret,Linda,Florine,Stroh’s,1541408009
782,"Y Deri Arms",Millicent,Bret,Linda,Florine,"Burger Sliders",1541408009
783,"The Lizard's Head",Mable,Ebony,Landon,Janell,"Mountain Abbey Ale",1517771443
784,"The Cat & Fiddle",Joesph,Henrietta,Ruth,Trisha,"White IPA",1541390441
785,"The Cat & Fiddle",Joesph,Henrietta,Ruth,Trisha,Beck’s,1541390441
786,"The Cat & Fiddle",Joesph,Henrietta,Ruth,Trisha,Snow,1541390441
787,McGinty's,Antionette,Edith,Gabrielle,Marva,Corona,1530628345
788,McGinty's,Antionette,Edith,Gabrielle,Marva,"White IPA",1530628345
789,McGinty's,Antionette,Edith,Gabrielle,Marva,"Blue Moon Pale Ale",1530628345
790,"The Eolian",Agustin,Mina,Trent,Colby,"Valencia Amber Ale",1539024838
791,"The Eolian",Agustin,Mina,Trent,Colby,Corona,1539024838
792,"The Eolian",Agustin,Mina,Trent,Colby,"Rounder Belgian",1539024838
793,McGinty's,Ricky,Clarissa,Gabrielle,Marva,"Mozzarella Sticks",1541209437
794,"Scarlet Raven Tavern",Marjorie,Jorge,Gilbert,Mara,"Heineken Lager Beer",1530690874
795,"Scarlet Raven Tavern",Marjorie,Jorge,Gilbert,Mara,"Tiger Beer",1530690874
796,McGinty's,Abbie,Don,Flossie,Josh,"Goose Island Brewery",1528220867
797,McGinty's,Abbie,Don,Flossie,Josh,"Gingerbread Spiced Ale",1528220867
798,"The Lizard's Head",Don,Roxie,Greg,Angeline,Pizza,1538881000
799,"The Lizard's Head",Don,Roxie,Greg,Angeline,"Mozzarella Sticks",1538881000
800,"The Lizard's Head",Don,Roxie,Greg,Angeline,Ochota,1538881000
801,"Y Deri Arms",Monika,Alexandra,Georgia,Rene,"Agave Nectar Ale",1544090162
802,"The Grasshopper",Etta,Pablo,Gerardo,Renae,Star,1543753450
803,"The Grasshopper",Etta,Pablo,Gerardo,Renae,Amstel,1543753450
804,"Mulberry Street Bar",Lenora,Anastasia,Willard,Irving,Beerlao,1538773113
805,"Mulberry Street Bar",Lenora,Anastasia,Willard,Irving,Brahma,1538773113
806,"Mulberry Street Bar",Lenora,Anastasia,Willard,Irving,"Peanut Butter Ale",1538773113
807,"The Blue Oyster Bar",Tamra,Katrina,Fredrick,Stacy,"Curly Fries",1517774583
808,"The Grasshopper",Quincy,Ashlee,Brittany,Kristi,"Pearl Lager Beer",1538744234
809,"The Grasshopper",Quincy,Ashlee,Brittany,Kristi,"Green Leaves",1538744234
810,"Black Horse",Ross,Betty,Jay,Lizzie,"Blue Moon Grand Cru",1536239790
811,"Black Horse",Ross,Betty,Jay,Lizzie,"Labatt Family",1536239790
812,"Pedro McKinnon",Arturo,Donovan,Jordan,Wanda,"Schmidt’s Premium Beer",1522631132
813,"The Eolian",Lidia,Kayla,Jami,Jade,Kronenbourg,1525601930
814,"The Eolian",Lidia,Kayla,Jami,Jade,Hamburger,1525601930
815,"Scarlet Raven Tavern",Lucia,Wendell,Ross,Emanuel,"Mountain Abbey Ale",1544302034
816,"The Bamboo Lounge",Kristopher,Eloise,Roslyn,Sasha,Bosman,1525461448
817,"The Bamboo Lounge",Kristopher,Eloise,Roslyn,Sasha,"Gingerbread Spiced Ale",1525461448
818,"The Bamboo Lounge",Monique,Hung,Judy,Natasha,Skol,1525515302
819,"The Bamboo Lounge",Monique,Hung,Judy,Natasha,"Curly Fries",1525515302
820,"The Grasshopper",Kris,Rudy,Chase,Tyrone,"Mozzarella Sticks",1528459127
821,"The Grasshopper",Kris,Rudy,Chase,Tyrone,Chili,1528459127
822,"The Grasshopper",Kris,Rudy,Chase,Tyrone,Quesadillas,1528459127
823,"The Bamboo Lounge",Karl,Marcy,Judy,Natasha,"Rainer Beer",1528252265
824,"The Bamboo Lounge",Karl,Marcy,Judy,Natasha,Belle,1528252265
825,"Mulberry Street Bar",Benny,Cornelia,Annie,Evangelina,Beerlao,1541597637
826,"Mulberry Street Bar",Benny,Cornelia,Annie,Evangelina,"Blue Moon Pale Ale",1541597637
827,"The Lizard's Head",Joesph,Brianna,Landon,Janell,"Mozzarella Sticks",1536121687
828,"The Lizard's Head",Joesph,Brianna,Landon,Janell,Singo,1536121687
829,"Black Horse",Daisy,Amos,Reynaldo,Weldon,"Chai Spiced Ale",1541198824
830,"Pedro McKinnon",Rosalyn,Phil,Gayla,Genaro,"Agave Nectar Ale",1538737666
831,"The Grasshopper",Deloris,Erin,Chase,Tyrone,"Elysian Brewing Company",1533724970
832,"The Grasshopper",Deloris,Erin,Chase,Tyrone,Zagorka,1533724970
833,"The Grasshopper",Deloris,Erin,Chase,Tyrone,"Bud Light",1533724970
834,"Pedro McKinnon",Bianca,Mack,Jordan,Wanda,"Lakeport Brewing beer range",1538433613
835,"Pedro McKinnon",Bianca,Mack,Jordan,Wanda,"Grilled Cheese",1538433613
836,"Pedro McKinnon",Rhea,Leila,Mark,Caitlin,Busch,1533578075
837,"Y Deri Arms",Stacie,Stella,Jeff,Angelia,"Kokanee beers",1528373154
838,"Y Deri Arms",Stacie,Stella,Jeff,Angelia,"Golden Road",1528373154
839,"Scarlet Raven Tavern",Vickie,Elvis,Clint,Iris,"Caramel Apple Spiced Ale",1530814075
840,"Scarlet Raven Tavern",Vickie,Elvis,Clint,Iris,Beerlao,1530814075
841,"Gateway Inn",Jimmy,Concepcion,Millicent,Bret,Busch,1528104022
842,"Gateway Inn",Jimmy,Concepcion,Millicent,Bret,"Spiced Amber Ale",1528104022
843,"Gateway Inn",Jimmy,Concepcion,Millicent,Bret,"Raspberry Cream Ale",1528104022
844,"Black Horse",Chase,Tyrone,Jay,Lizzie,Jacobsen,1525553797
845,"Black Horse",Chase,Tyrone,Jay,Lizzie,"French Fries",1525553797
846,"Black Horse",Chase,Tyrone,Jay,Lizzie,"National Bohemian Beer",1525553797
847,"The Eolian",Verna,Lela,Melva,Ella,"Stag Beer",1520126241
848,"Callahan's Place",Scot,Felicia,Darnell,Carmela,"Raspberry Cream Ale",1533676822
849,"Callahan's Place",Scot,Felicia,Darnell,Carmela,"House Salad",1533676822
850,"Scarlet Raven Tavern",Georgia,Rene,Freddie,Elba,"Chicken Fingers",1527958103
851,"Scarlet Raven Tavern",Georgia,Rene,Freddie,Elba,Beerlao,1527958103
852,"The Grasshopper",Mayra,Brianna,Tanisha,Rosalinda,"Mountain Abbey Ale",1538671412
853,"The Grasshopper",Mayra,Brianna,Tanisha,Rosalinda,Star,1538671412
854,"Mulberry Street Bar",Mara,Karin,Margot,Jami,"Onion Rings",1533738436
855,"The Lizard's Head",Tamra,Alvaro,Archie,Rosa,Feldschlösschen,1515375206
856,"The Lizard's Head",Tamra,Alvaro,Archie,Rosa,Feldschlösschen,1515375206
857,"The Lizard's Head",Tamra,Alvaro,Archie,Rosa,Hoegaarden,1515375206
858,"The Eolian",Shelley,Bruno,Jami,Jade,"Schmidt’s Premium Beer",1536266833
859,"Scarlet Raven Tavern",Frederick,Kellie,Freddie,Elba,BLT,1514914741
860,"Scarlet Raven Tavern",Frederick,Kellie,Freddie,Elba,"French Fries",1514914741
861,"Scarlet Raven Tavern",Frederick,Kellie,Freddie,Elba,"Nut Brown Ale",1514914741
862,"Scarlet Raven Tavern",Kristine,Royce,Blanche,Doug,Beerlao,1536254549
863,"The Grasshopper",Gayla,Dwayne,Tanisha,Rosalinda,Bosman,1541282647
864,"The Grasshopper",Gayla,Dwayne,Tanisha,Rosalinda,"Cheese Fries",1541282647
865,"The Cat & Fiddle",Erika,Cora,Edward,Derek,"Stag Beer",1530973466
866,"The Cat & Fiddle",Erika,Cora,Edward,Derek,"Devils Backbone Brewing Company",1530973466
867,"Scarlet Raven Tavern",Kristine,Royce,Blanche,Doug,Cheeseburger,1515281319
868,"The Bamboo Lounge",Karl,Marcy,Arthur,Ismael,Brahma,1514888984
869,"The Bamboo Lounge",Karl,Marcy,Arthur,Ismael,Budweiser,1514888984
870,"Pedro McKinnon",George,Vilma,Noreen,Carlos,Nachos,1528302489
871,"Pedro McKinnon",George,Vilma,Noreen,Carlos,"Elysian Brewing Company",1528302489
872,"Pedro McKinnon",George,Vilma,Noreen,Carlos,Bosman,1528302489
873,"The Eolian",Edna,Rena,Collin,Eddy,1664,1528391743
874,"The Eolian",Edna,Rena,Collin,Eddy,"Lakeport Brewing beer range",1528391743
875,"The Eolian",Edna,Rena,Collin,Eddy,"Pearl Lager Beer",1528391743
876,"Scarlet Raven Tavern",Tara,Fidel,Stewart,Jeremy,"Dos Equis XX",1544221785
877,"Scarlet Raven Tavern",Tara,Fidel,Stewart,Jeremy,"Grilled Cheese",1544221785
878,"Scarlet Raven Tavern",Tara,Fidel,Stewart,Jeremy,Beerlao,1544221785
879,"The Lizard's Head",Nathaniel,Tracey,Stan,Gregorio,"Grilled Cheese",1541158462
880,"The Lizard's Head",Nathaniel,Tracey,Stan,Gregorio,"Past Blue Ribbon",1541158462
881,"Gateway Inn",Leigh,Cornell,Selena,Jacquelyn,Baltika,1528402616
882,"Gateway Inn",Leigh,Cornell,Selena,Jacquelyn,"Lone Star",1528402616
883,McGinty's,Guy,Leslie,Gabrielle,Marva,"Burger Sliders",1541198011
884,McGinty's,Guy,Leslie,Gabrielle,Marva,"Cheese Fries",1541198011
885,McGinty's,Guy,Leslie,Gabrielle,Marva,Busch,1541198011
886,"The Blue Oyster Bar",Susie,Catalina,Mandy,Malinda,"Stag Beer",1520460073
887,"Scarlet Raven Tavern",Ron,Bruno,Freddie,Elba,Lav,1517619676
888,"Scarlet Raven Tavern",Ron,Bruno,Freddie,Elba,"Labatt Family",1517619676
889,"Scarlet Raven Tavern",Ron,Bruno,Freddie,Elba,Belle,1517619676
890,"Thunderbrew Distillery",Geri,Milton,Collin,Diana,Murphy’s,1517984646
891,"Scarlet Raven Tavern",Darryl,Toni,Gilbert,Mara,"Grilled Cheese",1536062963
892,"Scarlet Raven Tavern",Darryl,Toni,Gilbert,Mara,"Tiger Beer",1536062963
893,"Scarlet Raven Tavern",Darryl,Toni,Gilbert,Mara,Zagorka,1536062963
894,"Black Horse",Margot,Jami,Manuela,Roslyn,"Goose Island Brewery",1533590708
895,"The Bamboo Lounge",Karl,Marcy,Bernadette,Lloyd,"Schmidt’s Premium Beer",1522746488
896,"The Bamboo Lounge",Karl,Marcy,Bernadette,Lloyd,"Bread Sticks",1522746488
897,"The Bamboo Lounge",Karl,Marcy,Bernadette,Lloyd,Carlsberg,1522746488
898,"The Grasshopper",Damon,Janis,Kitty,Chase,"Mountain Abbey Ale",1525743767
899,"Y Deri Arms",Cole,Quincy,Georgia,Rene,"Tiger Beer",1525644232
900,"Y Deri Arms",Cole,Quincy,Georgia,Rene,"Golden Road",1525644232
901,"Pedro McKinnon",Kent,Jamie,Jordan,Wanda,"National Bohemian Beer",1525212793
902,"Scarlet Raven Tavern",Donna,Earlene,Freddie,Elba,"Summer Honey Wheat Ale",1538513667
903,"Scarlet Raven Tavern",Donna,Earlene,Freddie,Elba,"Stag Beer",1538513667
904,"Scarlet Raven Tavern",Donna,Earlene,Freddie,Elba,"Caramel Apple Spiced Ale",1538513667
905,"The Blue Oyster Bar",Isaiah,Corrine,Dwayne,Brian,"Alexander Keith&#8217;s beer range",1515320457
906,"The Blue Oyster Bar",Isaiah,Corrine,Dwayne,Brian,Belle,1515320457
907,"The Blue Oyster Bar",Isaiah,Corrine,Dwayne,Brian,"Valencia Amber Ale",1515320457
908,McGinty's,Tessa,Grover,Donna,Bettye,Carlsberg,1515081066
909,McGinty's,Tessa,Grover,Donna,Bettye,"Golden Road",1515081066
910,McGinty's,Tessa,Grover,Donna,Bettye,"Blue Moon Grand Cru",1515081066
911,"The Blue Oyster Bar",Harriett,Willard,Barry,Gussie,"Belgian Table Pils",1527893048
912,"The Blue Oyster Bar",Harriett,Willard,Barry,Gussie,Bosman,1527893048
913,"Callahan's Place",Amparo,Jamal,Terrell,Shelia,"Sunshine Citrus Blonde",1520298045
914,"Callahan's Place",Amparo,Jamal,Terrell,Shelia,Jacobsen,1520298045
915,"Callahan's Place",Amparo,Jamal,Terrell,Shelia,"White IPA",1520298045
916,"The Lizard's Head",Annie,Ann,Kaitlin,Loyd,"Green Leaves",1525722274
917,"The Lizard's Head",Annie,Ann,Kaitlin,Loyd,"Mountain Abbey Ale",1525722274
918,"Mulberry Street Bar",Kermit,Frederic,Margot,Jami,BLT,1523152361
919,McGinty's,Kenny,Luisa,Shane,Reynaldo,"Cinnamon Horchata Ale",1530886379
920,McGinty's,Kenny,Luisa,Shane,Reynaldo,Reuben,1530886379
921,McGinty's,Kenny,Luisa,Shane,Reynaldo,Amstel,1530886379
922,"Callahan's Place",Amparo,Jamal,Ned,Christina,"White IPA",1530798262
923,"Callahan's Place",Amparo,Jamal,Ned,Christina,"Sunshine Citrus Blonde",1530798262
924,"Callahan's Place",Amparo,Jamal,Ned,Christina,Brahma,1530798262
925,"Mulberry Street Bar",Odessa,Janell,Margot,Jami,"Belgian Table Pils",1541632218
926,"Mulberry Street Bar",Odessa,Janell,Margot,Jami,"Schmidt’s Premium Beer",1541632218
927,"Callahan's Place",Cornelius,Marcel,Darnell,Carmela,"House Salad",1523095930
928,"Callahan's Place",Cornelius,Marcel,Darnell,Carmela,1664,1523095930
929,"Callahan's Place",Cornelius,Marcel,Darnell,Carmela,"Bud Light",1523095930
930,"The Eolian",Lula,Antony,Josefa,Dorothy,Jacobsen,1520368428
931,"The Eolian",Lula,Antony,Josefa,Dorothy,"Gingerbread Spiced Ale",1520368428
932,"Mulberry Street Bar",Kermit,Frederic,Margot,Jami,"Cappuccino Oatmeal Stout",1520530785
933,"Mulberry Street Bar",Kermit,Frederic,Margot,Jami,Huadan,1520530785
934,"Mulberry Street Bar",Kermit,Frederic,Margot,Jami,"Summer Honey Wheat Ale",1520530785
935,"The Grasshopper",Janis,Matthew,Gerardo,Renae,"Colt 45",1530461580
936,"The Grasshopper",Janis,Matthew,Gerardo,Renae,"Dos Equis XX",1530461580
937,"Thunderbrew Distillery",Nelly,Juliet,Charles,Kristine,"Colt 45",1530598333
938,"Callahan's Place",Shanna,Benita,Terrell,Shelia,Jacobsen,1544083047
939,"The Eolian",Deanne,Cortney,Josefa,Dorothy,Shenyang,1536240517
940,"The Eolian",Deanne,Cortney,Josefa,Dorothy,"Spring Blonde Wheat Ale",1536240517
941,"The Eolian",Deanne,Cortney,Josefa,Dorothy,Star,1536240517
942,"The Grasshopper",Cameron,Rosa,Donny,Melinda,"Cappuccino Oatmeal Stout",1538788669
943,"The Grasshopper",Cameron,Rosa,Donny,Melinda,"Buffalo Wings",1538788669
944,"The Lizard's Head",Alexander,Flossie,Millie,Conrad,Cheeseburger,1525571370
945,"The Lizard's Head",Alexander,Flossie,Millie,Conrad,Budweiser,1525571370
946,"The Lizard's Head",Alexander,Flossie,Millie,Conrad,"Newcastle Brown Ale",1525571370
947,"The Eolian",Thurman,Cornelia,Josefa,Dorothy,"Heineken Lager Beer",1528308386
948,McGinty's,Annie,Ann,Shane,Reynaldo,"Cinnamon Horchata Ale",1536228145
949,"The Blue Oyster Bar",Carly,Kendall,Fredrick,Stacy,"Grilled Cheese",1530784914
950,"Thunderbrew Distillery",Gussie,Hugo,Delmar,Polly,Starobrno,1538956733
951,"Thunderbrew Distillery",Gussie,Hugo,Delmar,Polly,"White IPA",1538956733
952,"Thunderbrew Distillery",Gussie,Hugo,Delmar,Polly,Ochota,1538956733
953,"The Bamboo Lounge",Brittany,Kristi,Ella,Alexander,"Mozzarella Sticks",1533670612
954,"The Bamboo Lounge",Brittany,Kristi,Ella,Alexander,Amstel,1533670612
955,"The Cat & Fiddle",Mamie,Lashonda,Carla,Horace,"Schaefer Beer",1525522447
956,"The Cat & Fiddle",Mamie,Lashonda,Carla,Horace,Largo,1525522447
957,"The Eolian",Dave,Liz,Melba,Leanna,1664,1519971103
958,"The Eolian",Dave,Liz,Melba,Leanna,"Stag Beer",1519971103
959,"Scarlet Raven Tavern",Darryl,Toni,Marlin,Tabitha,"Past Blue Ribbon",1517846527
960,"Gateway Inn",Elvis,Clayton,Dianna,Hollis,"Agave Nectar Ale",1544101177
961,"Scarlet Raven Tavern",Ron,Bruno,Errol,Freddie,Beerlao,1522956187
962,"Scarlet Raven Tavern",Ron,Bruno,Errol,Freddie,Kronenbourg,1522956187
963,"Scarlet Raven Tavern",Ron,Bruno,Errol,Freddie,BLT,1522956187
964,"The Lizard's Head",Karl,Marcy,Kaitlin,Loyd,"Raspberry Cream Ale",1544274049
965,"Thunderbrew Distillery",Gussie,Hugo,Rhea,Leila,BLT,1543865421
966,"Thunderbrew Distillery",Gussie,Hugo,Rhea,Leila,"Elysian Brewing Company",1543865421
967,"The Bamboo Lounge",Alyssa,Anna,Lenora,Nan,"Schmidt’s Premium Beer",1533597781
968,"The Bamboo Lounge",Alyssa,Anna,Lenora,Nan,"Harvest Pumpkin Ale",1533597781
969,"The Bamboo Lounge",Alyssa,Anna,Lenora,Nan,Chernihivske,1533597781
970,"Gateway Inn",Elvis,Clayton,Brock,Gabriela,"Birra Moretti",1538731454
971,"Gateway Inn",Elvis,Clayton,Brock,Gabriela,Shenyang,1538731454
972,"The Grasshopper",Imogene,Betsy,Tanisha,Rosalinda,Bosman,1530680318
973,"The Grasshopper",Imogene,Betsy,Tanisha,Rosalinda,"Bread Sticks",1530680318
974,"The Bamboo Lounge",Celia,Flora,Bernadette,Lloyd,"Blue Sword",1538550601
975,"The Bamboo Lounge",Celia,Flora,Bernadette,Lloyd,"Birra Moretti",1538550601
976,"The Bamboo Lounge",Celia,Flora,Bernadette,Lloyd,Hamburger,1538550601
977,"Scarlet Raven Tavern",Vaughn,Mariana,Marlin,Tabitha,Feldschlösschen,1543965112
978,"Scarlet Raven Tavern",Vaughn,Mariana,Marlin,Tabitha,Beck’s,1543965112
979,"Scarlet Raven Tavern",Vaughn,Mariana,Marlin,Tabitha,Beerlao,1543965112
980,McGinty's,Yvonne,Donna,Flossie,Josh,"Cappuccino Oatmeal Stout",1530877111
981,"Scarlet Raven Tavern",Adeline,Hillary,Gail,Katrina,"Golden Road",1525258344
982,"Scarlet Raven Tavern",Adeline,Hillary,Gail,Katrina,"Stag Beer",1525258344
983,"Scarlet Raven Tavern",Adeline,Hillary,Gail,Katrina,"Chicken Fingers",1525258344
984,"Thunderbrew Distillery",Garland,Carmella,Clair,Kelli,"Jalapeno Poppers",1520462158
985,"Thunderbrew Distillery",Garland,Carmella,Clair,Kelli,Nachos,1520462158
986,"Scarlet Raven Tavern",Lessie,Christian,Gilbert,Mara,"Four Peaks",1535992869
987,"Scarlet Raven Tavern",Francine,Brandi,Gail,Katrina,1664,1519946013
988,"The Bamboo Lounge",Alyssa,Anna,Lenora,Nan,"Peanut Butter Ale",1517950101
989,"The Bamboo Lounge",Alyssa,Anna,Lenora,Nan,Skol,1517950101
990,"The Bamboo Lounge",Kathie,Bernard,Judy,Natasha,"Chicken Wings",1522932633
991,"The Bamboo Lounge",Kathie,Bernard,Judy,Natasha,Reuben,1522932633
992,"The Bamboo Lounge",Michaela,Clair,Margaret,Berta,"Chai Spiced Ale",1533552331
993,"The Grasshopper",Lionel,Cheryl,Kitty,Chase,"Spiced Amber Ale",1517995956
994,"The Grasshopper",Lionel,Cheryl,Kitty,Chase,"Rounder Belgian",1517995956
995,"Mulberry Street Bar",Vince,Lilia,Christy,Doyle,Hamburger,1517839616
996,"The Bamboo Lounge",Pamela,Annette,Margaret,Berta,"Gingerbread Spiced Ale",1525548425
997,"The Lizard's Head",Kurt,Mauricio,Stan,Gregorio,Quesadillas,1535832213
998,"The Lizard's Head",Kurt,Mauricio,Stan,Gregorio,Pizza,1535832213
999,"The Lizard's Head",Kurt,Mauricio,Stan,Gregorio,Singo,1535832213
